{
    "displayLabel": "Spare1",
    "fields": [
        {
            "displayLabel": "Id",
            "internal": true,
            "key": true,
            "name": "id",
            "oid": "a743414a-2ecc-4405-8037-23d444e132b4",
            "required": true,
            "type": "number",
            "unique": true
        },
        {
            "displayLabel": "Created",
            "internal": true,
            "name": "creationDate",
            "oid": "f8353f37-4225-45e3-8fd5-927e86ca64b7",
            "type": "datetime"
        },
        {
            "displayLabel": "Last Updated",
            "internal": true,
            "name": "lastUpdateDate",
            "oid": "df35e7c3-ab2d-4995-b0d6-fa8146fdc786",
            "type": "datetime"
        },
        {
            "displayLabel": "Created By",
            "internal": true,
            "name": "createdBy",
            "oid": "0bacb1ae-7626-4fab-aae1-8ead929d9aec",
            "type": "string"
        },
        {
            "displayLabel": "Last Updated By",
            "internal": true,
            "name": "lastUpdatedBy",
            "oid": "3a31d2b8-bc6a-4d5d-8545-3d90ee598aee",
            "type": "string"
        },
        {
            "displayLabel": "<internal>",
            "hidden": true,
            "internal": true,
            "name": "abcsChangeNumber",
            "oid": "0105473c-7a74-4253-8919-e7aa063a4191",
            "type": "number"
        },
        {
            "displayLabel": "value",
            "name": "value",
            "oid": "a524f9bd-7cdc-4cbc-92c0-83cea4c1d92d",
            "type": "string",
            "required": true
        }
    ],
    "name": "Spare1",
    "oid": "b2dbe782-4cee-4320-b2ce-31ad8753d1f7"
}