{
    "items": [
        {
            "description": "Default Memo Line Desc",
            "quantity": 100,
            "unitprice": 100,
            "taxcode": 1,
            "code_combination": "RJ1.900000.22010.000000.000.000000.000000.000000"
        },
        {
            "description": "Default Memo Line Desc",
            "quantity": 34,
            "unitprice": 466,
            "taxcode": 1,
            "code_combination": "RJ1.900000.22010.000000.000.000000.000000.000000"
        },
        {
            "description": "Default Memo Line Desc",
            "quantity": 100,
            "unitprice": 100,
            "taxcode": 1,
            "code_combination": "RJ1.900000.22010.000000.000.000000.000000.000000"
        }
    ],
    "hasMore": false,
    "limit": 0,
    "offset": 0,
    "count": 3,
    "links": [
        {
            "rel": "self",
            "href": "https://foizja9l9puedqg-gsttadwdev.adb.uk-london-1.oraclecloudapps.com/ords/admin/arss/xxgstt_arss_invoice_request/get_invoice_lines/1000006"
        },
        {
            "rel": "describedby",
            "href": "https://foizja9l9puedqg-gsttadwdev.adb.uk-london-1.oraclecloudapps.com/ords/admin/metadata-catalog/arss/xxgstt_arss_invoice_request/get_invoice_lines/item"
        }
    ]
}