{
    "fields": [
        {
            "displayLabel": "Id",
            "internal": true,
            "key": true,
            "name": "id",
            "oid": "9710c4da-3cd9-4bb2-a3c7-c18a5c377327",
            "required": true,
            "type": "number",
            "unique": true
        },
        {
            "displayLabel": "Created",
            "internal": true,
            "name": "creationDate",
            "oid": "2876e90e-c6bb-4148-9e99-8b0a3b5f14b8",
            "type": "datetime"
        },
        {
            "displayLabel": "Last Updated",
            "internal": true,
            "name": "lastUpdateDate",
            "oid": "aaacb39d-531f-4f62-b692-3d6e2afe8c99",
            "type": "datetime"
        },
        {
            "displayLabel": "Created By",
            "internal": true,
            "name": "createdBy",
            "oid": "a7159aa3-dd70-4277-a52c-fab81416aef7",
            "type": "string"
        },
        {
            "displayLabel": "Last Updated By",
            "internal": true,
            "name": "lastUpdatedBy",
            "oid": "f3c15e5a-fca9-4b3c-ac68-68e7fcdd4e60",
            "type": "string"
        },
        {
            "displayLabel": "<internal>",
            "hidden": true,
            "internal": true,
            "name": "abcsChangeNumber",
            "oid": "426dd9b8-25a3-42d9-9fa9-ad2f55c7ff03",
            "type": "number"
        },
        {
            "name": "name",
            "oid": "a612c646-d064-47fe-ae28-6acf505a0d19",
            "displayLabel": "Name",
            "type": "string",
            "required": true
        },
        {
            "name": "rate",
            "oid": "361462d6-fef1-42d0-8a63-7fa321b80662",
            "displayLabel": "Rate",
            "type": "string",
            "required": true
        }
    ],
    "name": "TaxCode",
    "oid": "a43ad82d-a24a-4b52-997b-bf923912dbdd",
    "displayLabel": "Tax Code",
    "relationships": [
    ]
}