{
    "displayLabel": "Customer",
    "fields": [
        {
            "displayLabel": "Id",
            "internal": true,
            "key": true,
            "name": "id",
            "oid": "f46d6706-a44f-48ab-a930-b0689c23efef",
            "required": true,
            "type": "number",
            "unique": true
        },
        {
            "displayLabel": "Created",
            "internal": true,
            "name": "creationDate",
            "oid": "e15c7360-d08c-46e3-9306-c448cbbafa67",
            "type": "datetime"
        },
        {
            "displayLabel": "Last Updated",
            "internal": true,
            "name": "lastUpdateDate",
            "oid": "416518e3-2765-4727-b396-27af89b3d34b",
            "type": "datetime"
        },
        {
            "displayLabel": "Created By",
            "internal": true,
            "name": "createdBy",
            "oid": "e4dd2e33-a5c4-4015-b591-1ea4e44cbc5c",
            "type": "string"
        },
        {
            "displayLabel": "Last Updated By",
            "internal": true,
            "name": "lastUpdatedBy",
            "oid": "ecd40d1f-6de6-47aa-adc1-4a619ac6c411",
            "type": "string"
        },
        {
            "displayLabel": "<internal>",
            "hidden": true,
            "internal": true,
            "name": "abcsChangeNumber",
            "oid": "395737fb-fb3c-4fa2-9f34-304bba361819",
            "type": "number"
        },
        {
            "displayLabel": "CustomerNumber",
            "name": "customerNumber",
            "oid": "87615f10-f996-4322-8e6b-db07be293577",
            "type": "number"
        },
        {
            "displayLabel": "BusinessUnit",
            "name": "businessUnit",
            "oid": "dd18c8fe-7c2f-4e4f-b351-0e6d137a5c8c",
            "type": "string"
        },
        {
            "displayLabel": "InvoiceCurrencyCode",
            "name": "invoiceCurrencyCode",
            "oid": "ac254cd2-1843-4bc9-825c-130b644e96eb",
            "type": "string"
        },
        {
            "displayLabel": "CustomerName",
            "name": "customerName",
            "oid": "d0399eed-6834-43cf-9253-ae463941539d",
            "type": "string"
        }
    ],
    "name": "Customer",
    "oid": "a08c1cbc-f7de-45a4-b400-59fd059fd609",
    "relationships": [
        {
            "name": "invoiceCollection",
            "reverseRelationship": "customerObject",
            "targetEntity": "Invoice",
            "type": "incoming",
            "exposeAccessor": false,
            "displayField": "customerName"
        }
    ]
}