id,creationDate,lastUpdateDate,createdBy,lastUpdatedBy,organizationRef,costCentreRef,subjectiveRef,wgaRef,intercompanyRef,analysisRef,spare1Ref,spare2Ref,invoiceReference,invoiceHeaderId,invoiceLineId,distributionLineNumber,invoiceLineNumber,allocationPercentage,allocationAmount,lineAmount,organization,costCentre,subjective,wGA,intercompany,analysis,spare1,spare2,codeCombination
101,2020-11-22T12:54:57,2020-11-22T12:54:57.055,techtutorsti@gmail.com,techtutorsti@gmail.com,1,1,1,1,1,1,1,1,,62,83,,,100.0,100.0,100.0,RJ1,900000,22010,000000,000,000000,000000,000000,
102,2020-11-22T12:55:42,2020-11-22T12:56:39,techtutorsti@gmail.com,techtutorsti@gmail.com,1,1,1,1,1,1,1,1,,1000002,84,,,100.0,450.0,450.0,RJ1,900000,22010,000000,000,000000,000000,000000,
121,2020-11-23T10:14:44,2020-11-23T10:14:44.042,techtutorsti@gmail.com,techtutorsti@gmail.com,1,1,1,1,1,1,1,1,,81,101,,,100.0,1000.0,1000.0,RJ1,900000,22010,000000,000,000000,000000,000000,
141,2020-11-23T10:37:39,2020-11-23T13:42:44,techtutorsti@gmail.com,techtutorsti@gmail.com,1,1,1,1,1,1,1,1,,82,102,,,99.0,99.0,100.0,RJ1,900000,22010,000000,000,000000,000000,000000,
162,2020-11-23T12:17:18,2020-11-23T12:17:41,techtutorsti@gmail.com,techtutorsti@gmail.com,1,1,1,1,1,1,1,1,,82,122,,,100.0,2475.0,2475.0,RJ1,900000,22010,000000,000,000000,000000,000000,
181,2020-11-23T13:43:14,2020-11-23T13:43:14.061,techtutorsti@gmail.com,techtutorsti@gmail.com,1,1,1,1,1,1,1,1,,82,102,,,1.0,1.0,100.0,RJ1,900000,22010,000000,000,000000,000000,000000,
201,2020-11-24T06:26:37,2020-11-24T06:26:37.136,techtutorsti@gmail.com,techtutorsti@gmail.com,1,1,1,1,1,1,1,1,,101,141,,,100.0,400.0,400.0,RJ1,900000,22010,000000,000,000000,000000,000000,
3000006,2020-11-22T00:00:00,2020-11-22T00:00:00,techtutorsti@gmail.com,techtutorsti@gmail.com,1,1,1,1,1,1,1,1,,1000002,2000004,,,100.0,100.0,100.0,RJ1,900000,22010,000000,000,000000,000000,000000,
