{
    "fields": [
        {
            "displayLabel": "Id",
            "internal": true,
            "key": true,
            "name": "id",
            "oid": "ffd2fe88-fe62-403d-8265-0e05b31d3318",
            "required": true,
            "type": "number",
            "unique": true
        },
        {
            "displayLabel": "Created",
            "internal": true,
            "name": "creationDate",
            "oid": "1b9afe95-89a3-4b8a-b4a8-e33d5d2ea9e4",
            "type": "datetime"
        },
        {
            "displayLabel": "Last Updated",
            "internal": true,
            "name": "lastUpdateDate",
            "oid": "48f4fa4a-f8bf-48f1-9e90-834d11ca0353",
            "type": "datetime"
        },
        {
            "displayLabel": "Created By",
            "internal": true,
            "name": "createdBy",
            "oid": "a3749f47-ffdc-4a7b-a044-8e5ba5490582",
            "type": "string"
        },
        {
            "displayLabel": "Last Updated By",
            "internal": true,
            "name": "lastUpdatedBy",
            "oid": "e2673dab-6231-4793-bfb1-30ff3a906d4c",
            "type": "string"
        },
        {
            "displayLabel": "<internal>",
            "hidden": true,
            "internal": true,
            "name": "abcsChangeNumber",
            "oid": "419292eb-1343-481a-ad53-8464dfe061b2",
            "type": "number"
        },
        {
            "name": "value",
            "oid": "0dd00d7b-3dfc-4e65-9bba-cc73e90ea363",
            "displayLabel": "Value",
            "type": "string",
            "required": true
        }
    ],
    "name": "Organization",
    "oid": "490786dd-860f-4f8d-8764-83342e60e8ae",
    "displayLabel": "Organization",
    "relationships": [
    ]
}