{
  "pageModelVersion": "19.4.3",
  "title": "Create Invoice Line",
  "description": "Creates new InvoiceLine",
  "variables": {
    "invoiceLine": {
      "type": "page:createInvoiceLineRequest"
    },
    "memoLineListSDP": {
      "type": "vb/ServiceDataProvider",
      "defaultValue": {
        "endpoint": "businessObjects/getall_MemoLine",
        "idAttribute": "id",
        "itemsPath": "items",
        "responseType": "page:getallMemoLineResponse",
        "uriParameters": {}
      }
    },
    "taxCodeListSDP": {
      "type": "vb/ServiceDataProvider",
      "defaultValue": {
        "endpoint": "businessObjects/getall_TaxCode",
        "idAttribute": "id",
        "itemsPath": "items",
        "responseType": "page:getallTaxCodeResponse",
        "uriParameters": {}
      }
    },
    "invoiceDistributionListSDP": {
      "type": "vb/ServiceDataProvider",
      "defaultValue": {
        "endpoint": "businessObjects/getall_InvoiceDistribution",
        "idAttribute": "id",
        "itemsPath": "items",
        "responseType": "page:getallInvoiceDistributionResponse"
      }
    },
    "oj_table_405146164_1SelectedId": {
      "type": "string",
      "defaultValue": ""
    }
  },
  "metadata": {},
  "types": {
    "createInvoiceLineRequest": {
      "amount": "number",
      "description": "string",
      "memoLine": "number",
      "quantity": "number",
      "taxCode": "number",
      "unitPrice": "number"
    },
    "@decorators.createInvoiceLineRequest": {
      "endpoint": "create_InvoiceLine",
      "service": "businessObjects",
      "path": "request"
    },
    "businessObjectsServiceErrorResponseType": {
      "body": {
        "status": "string",
        "title": "string",
        "o:errorDetails": [
          {
            "detail": "string",
            "o:errorCode": "string"
          }
        ]
      },
      "status": "number"
    },
    "getallMemoLineResponse": {
      "items": [
        {
          "id": "number",
          "name": "string"
        }
      ]
    },
    "@decorators.getallMemoLineResponse": {
      "endpoint": "getall_MemoLine",
      "service": "businessObjects",
      "path": "response"
    },
    "getallTaxCodeResponse": {
      "items": [
        {
          "id": "number",
          "name": "string"
        }
      ]
    },
    "@decorators.getallTaxCodeResponse": {
      "endpoint": "getall_TaxCode",
      "service": "businessObjects",
      "path": "response"
    },
    "getallInvoiceDistributionResponse": {
      "items": [
        {
          "allocationAmount": "number",
          "allocationPercentage": "number",
          "id": "number",
          "segment1": "number",
          "segment2": "number",
          "segment3": "number",
          "segment4": "number",
          "segment5": "number",
          "segment6": "number",
          "segment7": "number",
          "segment8": "number"
        }
      ]
    },
    "@decorators.getallInvoiceDistributionResponse": {
      "endpoint": "getall_InvoiceDistribution",
      "service": "businessObjects",
      "path": "response"
    }
  },
  "chains": {
    "goBackChain": {
      "root": "navigateBack",
      "actions": {
        "navigateBack": {
          "module": "vb/action/builtin/navigateBackAction",
          "outcomes": {
            "success": ""
          }
        }
      }
    },
    "createInvoiceLineChain": {
      "root": "createInvoiceLine",
      "variables": {
        "saveFailureResult": {
          "type": "page:businessObjectsServiceErrorResponseType"
        },
        "errorMessage": {
          "type": "string"
        }
      },
      "actions": {
        "createInvoiceLine": {
          "module": "vb/action/builtin/restAction",
          "parameters": {
            "endpoint": "businessObjects/create_InvoiceLine",
            "body": "[[ $page.variables.invoiceLine ]]"
          },
          "outcomes": {
            "success": "fireSuccessNotification",
            "failure": "assignFailureResult"
          }
        },
        "fireSuccessNotification": {
          "module": "vb/action/builtin/fireNotificationEventAction",
          "parameters": {
            "summary": "InvoiceLine saved",
            "message": "InvoiceLine record successfully created",
            "type": "confirmation",
            "displayMode": "transient"
          },
          "outcomes": {
            "success": "navigateBack"
          }
        },
        "navigateBack": {
          "module": "vb/action/builtin/navigateBackAction",
          "outcomes": {
            "success": ""
          }
        },
        "assignFailureResult": {
          "module": "vb/action/builtin/assignVariablesAction",
          "parameters": {
            "$chain.variables.saveFailureResult": {
              "source": "[[ $chain.results.createInvoiceLine.payload ]]"
            }
          },
          "outcomes": {
            "success": "testFailureDetails"
          }
        },
        "testFailureDetails": {
          "module": "vb/action/builtin/ifAction",
          "outcomes": {
            "true": "handleDetailedErrorMessage",
            "false": "handleDefaultErrorMessage"
          },
          "parameters": {
            "condition": "[[ $chain.variables.saveFailureResult.body['o:errorDetails'][0] ]]"
          }
        },
        "handleDetailedErrorMessage": {
          "module": "vb/action/builtin/assignVariablesAction",
          "outcomes": {
            "success": "fireErrorNotification"
          },
          "parameters": {
            "$chain.variables.errorMessage": {
              "source": "[[ $chain.variables.saveFailureResult.body['o:errorDetails'][0].detail ]]"
            }
          }
        },
        "handleDefaultErrorMessage": {
          "module": "vb/action/builtin/assignVariablesAction",
          "outcomes": {
            "success": "fireErrorNotification"
          },
          "parameters": {
            "$chain.variables.errorMessage": {
              "source": "[[ 'Could not create new InvoiceLine: status ' + $chain.variables.saveFailureResult.status ]]"
            }
          }
        },
        "fireErrorNotification": {
          "module": "vb/action/builtin/fireNotificationEventAction",
          "parameters": {
            "summary": "Save failed",
            "message": "[[ $chain.variables.errorMessage ]]",
            "type": "error",
            "displayMode": "persist"
          },
          "outcomes": {}
        }
      }
    },
    "navigateToCreateInvoiceDistributionChain": {
      "root": "navigateToCreate",
      "actions": {
        "navigateToCreate": {
          "module": "vb/action/builtin/navigateToPageAction",
          "parameters": {
            "history": "push",
            "page": "main-create-invoice-distribution",
            "params": {}
          },
          "outcomes": {
            "success": ""
          }
        }
      }
    },
    "oj_table_405146164_1ChangeSelectionChain": {
      "variables": {
        "invoiceDistributionId": {
          "type": "string",
          "input": "fromCaller",
          "defaultValue": ""
        }
      },
      "root": "assignVariable",
      "actions": {
        "assignVariable": {
          "module": "vb/action/builtin/assignVariablesAction",
          "parameters": {
            "$page.variables.oj_table_405146164_1SelectedId": {
              "source": "[[ $chain.variables.invoiceDistributionId ]]"
            }
          },
          "outcomes": {
            "success": ""
          }
        }
      }
    },
    "navigateToEditInvoiceDistributionChain": {
      "root": "navigateToEdit",
      "variables": {
        "invoiceDistributionId": {
          "type": "string",
          "input": "fromCaller",
          "required": true
        }
      },
      "actions": {
        "navigateToEdit": {
          "module": "vb/action/builtin/navigateToPageAction",
          "parameters": {
            "history": "push",
            "page": "main-edit-invoice-distribution",
            "params": {
              "invoiceDistributionId": "[[ $chain.variables.invoiceDistributionId ]]"
            }
          },
          "outcomes": {
            "success": ""
          }
        }
      }
    },
    "deleteInvoiceDistributionChain": {
      "root": "deleteInvoiceDistribution",
      "variables": {
        "invoiceDistributionId": {
          "type": "string",
          "input": "fromCaller",
          "required": true
        }
      },
      "actions": {
        "deleteInvoiceDistribution": {
          "module": "vb/action/builtin/restAction",
          "parameters": {
            "endpoint": "businessObjects/delete_InvoiceDistribution",
            "uriParams": {
              "InvoiceDistribution_Id": "[[ $chain.variables.invoiceDistributionId ]]"
            }
          },
          "outcomes": {
            "success": "resetSelection",
            "failure": "fireErrorNotification"
          }
        },
        "resetSelection": {
          "module": "vb/action/builtin/resetVariablesAction",
          "parameters": {
            "variables": [
              "[[ '$page.variables.oj_table_405146164_1SelectedId' ]]"
            ]
          },
          "outcomes": {
            "success": "refreshDataProvider"
          },
          "description": "Resets selection variable",
          "label": "Reset selection"
        },
        "refreshDataProvider": {
          "module": "vb/action/builtin/fireDataProviderEventAction",
          "outcomes": {
            "success": "fireSuccessNotification"
          },
          "parameters": {
            "refresh": "",
            "target": "[[ $page.variables.invoiceDistributionListSDP ]]"
          }
        },
        "fireSuccessNotification": {
          "module": "vb/action/builtin/fireNotificationEventAction",
          "parameters": {
            "summary": "InvoiceDistribution deleted",
            "message": "[[ 'InvoiceDistribution [' + $chain.variables.invoiceDistributionId + '] successfully deleted' ]]",
            "type": "confirmation",
            "displayMode": "transient"
          },
          "outcomes": {}
        },
        "fireErrorNotification": {
          "module": "vb/action/builtin/fireNotificationEventAction",
          "parameters": {
            "summary": "Delete failed",
            "message": "[[ 'Could not delete data: status ' + $chain.results.deleteInvoiceDistribution.payload.status ]]",
            "type": "error",
            "displayMode": "persist"
          },
          "outcomes": {}
        }
      }
    }
  },
  "eventListeners": {
    "backButtonClicked": {
      "chains": [
        {
          "chainId": "goBackChain"
        }
      ]
    },
    "saveButtonClicked": {
      "chains": [
        {
          "chainId": "createInvoiceLineChain"
        }
      ]
    },
    "createInvoiceDistributionButtonClicked": {
      "chains": [
        {
          "chainId": "navigateToCreateInvoiceDistributionChain"
        }
      ]
    },
    "oj_table_405146164_1SelectionChanged": {
      "chains": [
        {
          "chainId": "oj_table_405146164_1ChangeSelectionChain",
          "parameters": {
            "invoiceDistributionId": "[[ $event.detail.value.key || '' ]]"
          }
        }
      ]
    },
    "editInvoiceDistributionButtonClicked": {
      "chains": [
        {
          "chainId": "navigateToEditInvoiceDistributionChain",
          "parameters": {
            "invoiceDistributionId": "[[ $page.variables.oj_table_405146164_1SelectedId ]]"
          }
        }
      ]
    },
    "deleteInvoiceDistributionButtonClicked": {
      "chains": [
        {
          "chainId": "deleteInvoiceDistributionChain",
          "parameters": {
            "invoiceDistributionId": "[[ $page.variables.oj_table_405146164_1SelectedId ]]"
          }
        }
      ]
    }
  },
  "imports": {
    "components": {
      "oj-form-layout": {
        "path": "ojs/ojformlayout"
      },
      "oj-select-one": {
        "path": "ojs/ojselectcombobox"
      },
      "oj-input-number": {
        "path": "ojs/ojinputnumber"
      },
      "oj-toolbar": {
        "path": "ojs/ojtoolbar"
      },
      "oj-button": {
        "path": "ojs/ojbutton"
      },
      "oj-text-area": {
        "path": "ojs/ojinputtext"
      },
      "oj-table": {
        "path": "ojs/ojtable"
      }
    }
  }
}