{
    "fields": [
        {
            "displayLabel": "Id",
            "internal": true,
            "key": true,
            "name": "id",
            "oid": "ec9c40d7-6418-45f0-b869-362ff248a0e8",
            "required": true,
            "type": "number",
            "unique": true
        },
        {
            "displayLabel": "Created",
            "internal": true,
            "name": "creationDate",
            "oid": "d7c4d96f-26ac-4485-ae2b-c46ab22a13eb",
            "type": "datetime"
        },
        {
            "displayLabel": "Last Updated",
            "internal": true,
            "name": "lastUpdateDate",
            "oid": "1bbde8d1-3060-4a8b-a605-c1b8ad42df1b",
            "type": "datetime"
        },
        {
            "displayLabel": "Created By",
            "internal": true,
            "name": "createdBy",
            "oid": "da462b2a-00f3-4342-9228-7adf32e20e1a",
            "type": "string"
        },
        {
            "displayLabel": "Last Updated By",
            "internal": true,
            "name": "lastUpdatedBy",
            "oid": "0a84cc0e-5eab-4c12-9fef-23f5710559aa",
            "type": "string"
        },
        {
            "displayLabel": "<internal>",
            "hidden": true,
            "internal": true,
            "name": "abcsChangeNumber",
            "oid": "2d086b89-37a0-41f9-84f8-b23bda47c9c6",
            "type": "number"
        },
        {
            "name": "transactionDate",
            "oid": "c3134f2f-829d-4998-a6b0-39e41810e370",
            "displayLabel": "Transaction Date",
            "type": "date"
        },
        {
            "name": "customerName",
            "oid": "544985dd-f32c-47b5-a2c9-05d9537106c6",
            "displayLabel": "Customer Name",
            "type": "reference"
        },
        {
            "name": "billToLocation",
            "oid": "999c8bac-d309-4ee9-88a8-7c41c86bc64c",
            "displayLabel": "Bill To Location",
            "type": "reference"
        },
        {
            "name": "profileClass",
            "oid": "241c177a-0a24-4c0e-a686-7d6732ff73f0",
            "displayLabel": "Profile Class",
            "type": "string"
        },
        {
            "name": "addressLine1",
            "oid": "bc014820-ce26-4e3f-b5c3-2785532b4313",
            "displayLabel": "Address Line 1",
            "type": "string"
        },
        {
            "name": "addressLine2",
            "oid": "4bdcc32e-1a0a-4f0e-909a-6b28cfe82d41",
            "displayLabel": "Address Line 2",
            "type": "string"
        },
        {
            "name": "city",
            "oid": "02094a55-6adc-4f21-aa18-95212da4c916",
            "displayLabel": "City",
            "type": "string"
        },
        {
            "name": "postalCode",
            "oid": "4d2b9c01-83de-4bfc-a3c6-eccf3ef12fac",
            "displayLabel": "Postal Code",
            "type": "string"
        },
        {
            "name": "transactionType",
            "oid": "751af40c-09a3-40b7-9b5b-74568b839c24",
            "displayLabel": "Transaction Type",
            "type": "reference"
        },
        {
            "name": "creditReason",
            "oid": "7fa35788-7182-4a24-ab76-669973ae9c87",
            "displayLabel": "Credit Reason",
            "type": "reference"
        },
        {
            "name": "invoicingRule",
            "oid": "f6bf601c-3d9e-4d0e-a9c0-c706c82326ec",
            "displayLabel": "Invoicing Rule",
            "type": "reference"
        },
        {
            "name": "currency",
            "oid": "17ab76cb-7ea8-495f-bdab-1d4a495c4831",
            "displayLabel": "Currency",
            "type": "reference"
        },
        {
            "name": "salesPersonName",
            "oid": "8b0fca96-52f4-443e-9581-6f027fd71afc",
            "displayLabel": "Sales Person Name",
            "type": "reference"
        },
        {
            "name": "reconciliationReference",
            "oid": "9e675cd8-b3ca-4bc6-b9f9-6ec33e35779a",
            "displayLabel": "Reconciliation Reference",
            "type": "string"
        },
        {
            "name": "insuranceCompany",
            "oid": "1b3c46fd-5044-4cd1-9c2a-08623839612f",
            "displayLabel": "Insurance Company",
            "type": "string"
        },
        {
            "name": "policyNumber",
            "oid": "56f61e7b-b247-426a-b46c-df6be3275af3",
            "displayLabel": "Policy Number",
            "type": "string"
        },
        {
            "name": "patientDateOfBirth",
            "oid": "0d77def3-30f0-44fb-884b-d5cce10743c7",
            "displayLabel": "Patient Date of Birth",
            "type": "date"
        },
        {
            "name": "insuranceNumber",
            "oid": "8e7ac8d8-137d-4b26-a401-654c604e9a5a",
            "displayLabel": "Insurance Number",
            "type": "string"
        },
        {
            "name": "printOption",
            "oid": "9ed10045-1504-4d2a-8253-ac8e4638d287",
            "displayLabel": "Print Option",
            "type": "reference"
        },
        {
            "name": "admissionDate",
            "oid": "f48de754-c348-42c1-870f-c656aff031cf",
            "displayLabel": "Admission Date",
            "type": "date"
        },
        {
            "name": "dischargeDate",
            "oid": "640fed44-ebe5-4c38-baf4-4221ba045644",
            "displayLabel": "Discharge Date",
            "type": "date"
        },
        {
            "name": "pONumber",
            "oid": "5c9fd49b-ff64-4e3e-86a9-ba26b3a194c2",
            "displayLabel": "PO Number",
            "type": "string"
        },
        {
            "name": "otherRechargeReason",
            "oid": "9bf170b7-728d-45f6-a590-4e53f8bfcf59",
            "displayLabel": "Other Recharge Reason",
            "type": "string"
        },
        {
            "name": "requestorName",
            "oid": "a2b7bccf-cf9b-4b6a-8e18-34e29fd842d8",
            "displayLabel": "Requestor Name",
            "type": "string"
        },
        {
            "name": "revenueDepartmentApprov",
            "oid": "839c4d82-530f-40f9-b41d-e9819cb65c36",
            "displayLabel": "Revenue Department Approver",
            "type": "string"
        },
        {
            "name": "specialInstructions",
            "oid": "675083bd-dfe6-4851-a6be-ac9fbff63fae",
            "displayLabel": "Special Instructions",
            "type": "string"
        },
        {
            "name": "notesToBeIncludedOnTran",
            "oid": "c7c84f95-8f82-4a0b-a1ab-322e72dcc71c",
            "displayLabel": "Notes to be included on Transaction",
            "type": "string"
        },
        {
            "name": "commentsToApprover",
            "oid": "3f2058aa-1764-4035-8070-e9dfbbb6fbb4",
            "displayLabel": "Comments to Approver",
            "type": "string"
        },
        {
            "name": "invoiceReference",
            "oid": "38fbc318-8faf-4401-bfbc-24461e485f48",
            "displayLabel": "Invoice Reference",
            "type": "string"
        },
        {
            "name": "status",
            "oid": "bb1ab835-40a1-46c7-beb9-ed2d5e631445",
            "displayLabel": "Status",
            "type": "string"
        }
    ],
    "name": "InvoiceHeader",
    "oid": "553968c5-8afb-44bf-9022-71328ab74948",
    "displayLabel": "Invoice Header",
    "relationships": [
        {
            "name": "customerNameObject",
            "reverseRelationship": "invoiceHeaderCollection",
            "targetEntity": "Customer",
            "type": "outgoing",
            "exposeAccessor": true,
            "mappingField": "customerName",
            "deleteRule": "restrict"
        },
        {
            "name": "billToLocationObject",
            "reverseRelationship": "invoiceHeaderCollection",
            "targetEntity": "CustomerAddress",
            "type": "outgoing",
            "exposeAccessor": true,
            "mappingField": "billToLocation",
            "deleteRule": "restrict"
        },
        {
            "name": "transactionTypeObject",
            "reverseRelationship": "invoiceHeaderCollection",
            "targetEntity": "TransactionType",
            "type": "outgoing",
            "exposeAccessor": true,
            "mappingField": "transactionType",
            "deleteRule": "restrict"
        },
        {
            "name": "creditReasonObject",
            "reverseRelationship": "invoiceHeaderCollection",
            "targetEntity": "CreditReason",
            "type": "outgoing",
            "exposeAccessor": true,
            "mappingField": "creditReason",
            "deleteRule": "restrict"
        },
        {
            "name": "invoicingRuleObject",
            "reverseRelationship": "invoiceHeaderCollection",
            "targetEntity": "InvoicingRule",
            "type": "outgoing",
            "exposeAccessor": true,
            "mappingField": "invoicingRule",
            "deleteRule": "restrict"
        },
        {
            "name": "currencyObject",
            "reverseRelationship": "invoiceHeaderCollection",
            "targetEntity": "Currency",
            "type": "outgoing",
            "exposeAccessor": true,
            "mappingField": "currency",
            "deleteRule": "restrict"
        },
        {
            "name": "salesPersonNameObject",
            "reverseRelationship": "invoiceHeaderCollection",
            "targetEntity": "SalesPerson",
            "type": "outgoing",
            "exposeAccessor": true,
            "mappingField": "salesPersonName",
            "deleteRule": "restrict"
        },
        {
            "name": "printOptionObject",
            "reverseRelationship": "invoiceHeaderCollection",
            "targetEntity": "PrintOption",
            "type": "outgoing",
            "exposeAccessor": true,
            "mappingField": "printOption",
            "deleteRule": "restrict"
        },
        {
            "name": "invoiceLineCollection",
            "reverseRelationship": "invoiceReferenceObject",
            "targetEntity": "InvoiceLine",
            "type": "incoming",
            "exposeAccessor": false,
            "displayField": "invoiceReference"
        },
        {
            "name": "invoiceDistributionColl",
            "reverseRelationship": "invoiceReferenceObject",
            "targetEntity": "InvoiceDistribution",
            "type": "incoming",
            "exposeAccessor": false,
            "displayField": "invoiceReference"
        }
    ]
}