{
    "backends": {
        "vbprocess": {
            "serviceType": "vbprocess",
            "servers": [
                {
                    "url": "vb-catalog://backends.tenant/vbprocess",
                    "description": "Player Target Server",
                    "x-vb": {
                        "headers": {
                            "pcs_mode": "dev"
                        },
                        "authentication": {
                            "authenticated": {
                                "type": "basic",
                                "credentials": "vb_bf429d9a-6017-4996-a176-73e468dfcfba"
                            }
                        }
                    }
                },
                {
                    "url": "vb-catalog://backends.tenant/vbprocess",
                    "description": "Default Target Server",
                    "x-vb": {
                        "authentication": {
                            "authenticated": {
                                "type": "basic",
                                "credentials": "vb_8e5f7ab1-70d8-452c-9ebd-36700240c797"
                            }
                        }
                    }
                }
            ]
        },
        "ics": {
            "serviceType": "ics",
            "headers": {},
            "servers": [
                {
                    "url": "vb-catalog://backends.tenant/ics",
                    "description": "Overridden Integration Server",
                    "x-vb": {
                        "authentication": {
                            "authenticated": {
                                "type": "basic",
                                "credentials": "vb_6dd02341-3ca9-4598-89e5-5bc893f62444"
                            }
                        }
                    }
                }
            ]
        }
    }
}