{
  "defaultPage" : "shell",
  "types" : { },
  "variables" : { },
  "security" : { },
  "applicationModelVersion" : "19.1.3",
  "chains" : { },
  "translations" : {
    "app" : {
      "path" : "./resources/strings/app/nls/app-strings"
    }
  },
  "description" : "A new VB app",
  "id" : "starter",
  "services" : {
    "businessObjects": {
      "path": "vb-catalog://services/businessObjects"
    }
  },
  "userConfig" : {
    "type" : "vb/DefaultSecurityProvider",
    "configuration" : {
      "authentication" : {
        "type" : "oraclecloud"
      }
    },
    "embedding" : "deny"
  }
}