{
    "openapi": "3.0.0",
    "info": {
        "title": "get_approvers",
        "version": "1.0.0"
    },
    "servers": [
        {
            "url": "https://foizja9l9puedqg-gsttadwdev.adb.uk-london-1.oraclecloudapps.com/ords/arss/xxgstt_arss_invoice_request",
            "description": "Get Approvers",
            "x-vb": {
            }
        }
    ],
    "paths": {
        "/get_approvers/{requestor}": {
            "get": {
                "operationId": "getGet_approversRequestor",
                "parameters": [
                    {
                        "name": "requestor",
                        "in": "path",
                        "required": true,
                        "schema": {
                            "type": "string"
                        }
                    }
                ],
                "responses": {
                    "default": {
                        "description": "Response for default",
                        "content": {
                            "application/json": {
                                "schema": {
                                    "$ref": "#/components/schemas/GetGet_approversRequestor"
                                },
                                "examples": {
                                    "vb": {
                                        "summary": "Example stored by VB User",
                                        "externalValue": "./examples/getGet_approversRequestor/response_default_application_json_vb.json"
                                    }
                                }
                            }
                        }
                    }
                },
                "x-vb": {
                    "actionHint": "getOne"
                }
            }
        }
    },
    "components": {
        "schemas": {
            "GetGet_approversRequestor": {
                "type": "object",
                "properties": {
                    "items": {
                        "type": "array",
                        "items": {
                            "type": "object",
                            "properties": {
                                "id": {
                                    "type": "integer"
                                },
                                "creationdate": {
                                    "type": "string"
                                },
                                "lastupdatedate": {
                                    "type": "string"
                                },
                                "createdby": {
                                    "type": "string"
                                },
                                "lastupdatedby": {
                                    "type": "string"
                                },
                                "abcschangenumber": {
                                    "type": "integer"
                                },
                                "requestor": {
                                    "type": "string"
                                },
                                "revenuedeptapprover": {
                                    "type": "string"
                                },
                                "incomesysteamapprover": {
                                    "type": "string"
                                },
                                "financedirectorapprover": {
                                    "type": "string"
                                }
                            }
                        }
                    },
                    "hasMore": {
                        "type": "boolean"
                    },
                    "limit": {
                        "type": "integer"
                    },
                    "offset": {
                        "type": "integer"
                    },
                    "count": {
                        "type": "integer"
                    },
                    "links": {
                        "type": "array",
                        "items": {
                            "type": "object",
                            "properties": {
                                "rel": {
                                    "type": "string"
                                },
                                "href": {
                                    "type": "string"
                                }
                            }
                        }
                    }
                }
            }
        }
    }
}