id,creationDate,lastUpdateDate,createdBy,lastUpdatedBy,status
1,2020-11-07T13:22:25,2020-11-07T13:22:25.185,techtutorsti@gmail.com,techtutorsti@gmail.com,ENTERED
2,2020-11-07T13:22:32,2020-11-07T13:22:32.009,techtutorsti@gmail.com,techtutorsti@gmail.com,SUBMITTED
3,2020-11-07T13:22:39,2020-11-07T13:22:39.01,techtutorsti@gmail.com,techtutorsti@gmail.com,APPROVED
4,2020-11-07T13:22:45,2020-11-07T13:22:45.008,techtutorsti@gmail.com,techtutorsti@gmail.com,REJECTED
5,2020-11-07T13:22:58,2020-11-07T13:22:58.009,techtutorsti@gmail.com,techtutorsti@gmail.com,COMPLETE
6,2020-11-07T13:23:03,2020-11-07T13:23:03.008,techtutorsti@gmail.com,techtutorsti@gmail.com,ERRORED
