{
    "displayLabel": "MemoLine",
    "fields": [
        {
            "displayLabel": "Id",
            "internal": true,
            "key": true,
            "name": "id",
            "oid": "f958dc17-118b-49f8-b855-87696207a9ee",
            "required": true,
            "type": "number",
            "unique": true
        },
        {
            "displayLabel": "Created",
            "internal": true,
            "name": "creationDate",
            "oid": "fd076ecb-c3f8-4ec6-b76b-53db4d9d6aea",
            "type": "datetime"
        },
        {
            "displayLabel": "Last Updated",
            "internal": true,
            "name": "lastUpdateDate",
            "oid": "e4732700-6b4a-4d6a-addf-a134d7fc102a",
            "type": "datetime"
        },
        {
            "displayLabel": "Created By",
            "internal": true,
            "name": "createdBy",
            "oid": "69fc77f5-f1d6-496b-af95-e52b92f9707b",
            "type": "string"
        },
        {
            "displayLabel": "Last Updated By",
            "internal": true,
            "name": "lastUpdatedBy",
            "oid": "645c203a-7d7b-435e-ba68-0636be974089",
            "type": "string"
        },
        {
            "displayLabel": "<internal>",
            "hidden": true,
            "internal": true,
            "name": "abcsChangeNumber",
            "oid": "d50257c3-83cc-460e-994e-05d57209d52a",
            "type": "number"
        },
        {
            "displayLabel": "name",
            "name": "name",
            "oid": "304d3bde-2b6e-4c57-86a6-76dbb006ec77",
            "type": "string",
            "required": true
        },
        {
            "displayLabel": "description",
            "name": "description",
            "oid": "f9f16a9e-1720-4537-b289-e0ccf06ceb96",
            "type": "string"
        },
        {
            "displayLabel": "incomeCode",
            "name": "incomeCode",
            "oid": "1004a83b-3d65-490e-8922-5db1557d7963",
            "type": "string"
        }
    ],
    "name": "MemoLine",
    "oid": "d88e9ded-35be-48fe-8c5d-82541abd43b7"
}