id,creationDate,lastUpdateDate,createdBy,lastUpdatedBy,transactionDate,billToLocation,profileClass,addressLine1,addressLine2,city,postalCode,creditReason,invoicingRule,currency,salesPersonName,reconciliationReference,insuranceCompany,policyNumber,patientDateOfBirth,printOption,admissionDate,dischargeDate,poNumber,otherRechargeReason,requestorName,revenueDeptApprover,specialInstructions,notesToBeIncludedOnTrx,commentsToApprover,invoiceReference,status,customerName,transactionType,transactionTypeRef,customerNameRef,currentApprover,insuranceCustomerNumber,businessUnit,incomeSysTeamApprover,financeDirectorApprover,transactionTotal,copiedFromInvId,salesPerson
62,2020-11-22T12:53:11,2020-11-23T09:38:36,techtutorsti@gmail.com,techtutorsti@gmail.com,2020-11-22,1,Non NHS Other,"Unit 24, Oliver Business Park",Oliver Rd,London,NW10 7JB,,,2,1,,Medicure Ltd Insurance Company,Medicure Ltd Policy Number,1988-10-05,1,,,,,techtutorsti@gmail.com,techtutorsti@gmail.com,,,,10017,APPROVED,Medicure Ltd,DM - Invoice,1,1,techtutorsti@gmail.com,Medicure Ltd Insurance Number,1,techtutorsti@gmail.com,techtutorsti@gmail.com,100.0,,Data Migration
81,2020-11-23T10:13:36,2020-11-23T10:15:17,techtutorsti@gmail.com,techtutorsti@gmail.com,2020-11-23,1,Non NHS Other,"Unit 24, Oliver Business Park",Oliver Rd,London,NW10 7JB,,,2,1,,Medicure Ltd Insurance Company,Medicure Ltd Policy Number,1988-10-05,,,,,,techtutorsti@gmail.com,techtutorsti@gmail.com,,,,10022,APPROVED,Medicure Ltd,DM - Invoice,1,1,techtutorsti@gmail.com,Medicure Ltd Insurance Number,1,techtutorsti@gmail.com,techtutorsti@gmail.com,1000.0,,Data Migration
162,2020-11-30T11:26:52,2020-11-30T11:32:06,shiva.yarlagadda89@gmail.com,shiva.yarlagadda89@gmail.com,2020-11-30,1,Non NHS Other,"Unit 24, Oliver Business Park",Oliver Rd,London,NW10 7JB,,,2,1,,Medicure Ltd Insurance Company,Medicure Ltd Policy Number,1988-10-05,1,,,,,shiva.yarlagadda89@gmail.com,shiva.yarlagadda89@gmail.com,,,,10042,REJECTED,Medicure Ltd,Invoice,1,1,shiva.yarlagadda89@gmail.com,Medicure Ltd Insurance Number,1,shiva.yarlagadda89@gmail.com,shiva.yarlagadda89@gmail.com,100.0,,
201,2020-12-02T06:22:40,2020-12-02T06:54:22,shiva.yarlagadda89@gmail.com,shiva.yarlagadda89@gmail.com,,1,Non NHS Other,"Unit 24, Oliver Business Park",Oliver Rd,London,NW10 7JB,,,2,1,,Medicure Ltd Insurance Company,Medicure Ltd Policy Number,1988-10-05,,,,,,shiva.yarlagadda89@gmail.com,shiva.yarlagadda89@gmail.com,,,,10046,APPROVED,Medicure Ltd,Invoice,1,1,shiva.yarlagadda89@gmail.com,Medicure Ltd Insurance Number,1,shiva.yarlagadda89@gmail.com,shiva.yarlagadda89@gmail.com,100.0,,
221,2020-12-04T07:17:11,2020-12-04T07:17:11.014,shiva.yarlagadda89@gmail.com,shiva.yarlagadda89@gmail.com,2020-12-04,1,Non NHS Other,"Unit 24, Oliver Business Park",Oliver Rd,London,NW10 7JB,,,2,1,,Medicure Ltd Insurance Company,Medicure Ltd Policy Number,1988-10-05,,,,,,shiva.yarlagadda89@gmail.com,shiva.yarlagadda89@gmail.com,,,,10063,ENTERED,Medicure Ltd,Invoice,1,1,,Medicure Ltd Insurance Number,1,shiva.yarlagadda89@gmail.com,shiva.yarlagadda89@gmail.com,0.0,,
222,2020-12-04T07:31:41,2020-12-04T07:32:27,shiva.yarlagadda89@gmail.com,shiva.yarlagadda89@gmail.com,2020-12-04,1,Non NHS Other,"Unit 24, Oliver Business Park",Oliver Rd,London,NW10 7JB,,,2,1,,Medicure Ltd Insurance Company,Medicure Ltd Policy Number,1988-10-05,,,,,,shiva.yarlagadda89@gmail.com,shiva.yarlagadda89@gmail.com,,,,10065,ENTERED,Medicure Ltd,DM - Invoice,1,1,,Medicure Ltd Insurance Number,1,shiva.yarlagadda89@gmail.com,shiva.yarlagadda89@gmail.com,150.0,,Data Migration
223,2020-12-04T07:43:15,2020-12-04T07:43:15.01,shiva.yarlagadda89@gmail.com,shiva.yarlagadda89@gmail.com,2020-12-04,1,Non NHS Other,"Unit 24, Oliver Business Park",Oliver Rd,London,NW10 7JB,,,2,1,,Medicure Ltd Insurance Company,Medicure Ltd Policy Number,1988-10-05,,,,,,shiva.yarlagadda89@gmail.com,shiva.yarlagadda89@gmail.com,,,,10067,ENTERED,Medicure Ltd,Invoice,1,1,,Medicure Ltd Insurance Number,1,shiva.yarlagadda89@gmail.com,shiva.yarlagadda89@gmail.com,0.0,,
224,2020-12-04T07:44:42,2020-12-04T07:58:42,shiva.yarlagadda89@gmail.com,shiva.yarlagadda89@gmail.com,2020-12-04,1,Non NHS Other,"Unit 24, Oliver Business Park",Oliver Rd,London,NW10 7JB,,,2,1,,Medicure Ltd Insurance Company,Medicure Ltd Policy Number,1988-10-05,,,,,,shiva.yarlagadda89@gmail.com,shiva.yarlagadda89@gmail.com,,,,10068,ENTERED,Medicure Ltd,DM - Invoice,1,1,,Medicure Ltd Insurance Number,1,shiva.yarlagadda89@gmail.com,shiva.yarlagadda89@gmail.com,100.0,,Data Migration
1000004,2020-11-25T00:00:00,2020-11-25T11:04:14,techtutorsti@gmail.com,techtutorsti@gmail.com,2020-11-10,1,Non NHS Other,"Unit 24, Oliver Business Park",Oliver Rd,London,NW10 7JB,,,2,1,,Medicure Ltd Insurance Company,Medicure Ltd Policy Number,1988-10-05,,,,,,techtutorsti@gmail.com,techtutorsti@gmail.com,,,,10029,REJECTED,Medicure Ltd,DM - Invoice,1,1,techtutorsti@gmail.com,Medicure Ltd Insurance Number,1,techtutorsti@gmail.com,techtutorsti@gmail.com,100.0,121,Data Migration
1000006,2020-11-25T00:00:00,2020-11-25T13:58:37,techtutorsti@gmail.com,techtutorsti@gmail.com,2020-11-10,1,Non NHS Other,"Unit 24, Oliver Business Park",Oliver Rd,London,NW10 7JB,,,2,1,,Medicure Ltd Insurance Company,Medicure Ltd Policy Number,1988-10-05,,,,,,techtutorsti@gmail.com,techtutorsti@gmail.com,,,,10030,REJECTED,Medicure Ltd,DM - Invoice,1,1,techtutorsti@gmail.com,Medicure Ltd Insurance Number,1,techtutorsti@gmail.com,techtutorsti@gmail.com,100.0,1000004,
1000008,2020-12-02T00:00:00,2020-12-02T10:39:51,shiva.yarlagadda89@gmail.com,shiva.yarlagadda89@gmail.com,,1,Non NHS Other,"Unit 24, Oliver Business Park",Oliver Rd,London,NW10 7JB,,,2,1,,Medicure Ltd Insurance Company,Medicure Ltd Policy Number,1988-10-05,,,,,,shiva.yarlagadda89@gmail.com,shiva.yarlagadda89@gmail.com,,,,10048,APPROVED,Medicure Ltd,Invoice,1,1,shiva.yarlagadda89@gmail.com,Medicure Ltd Insurance Number,1,shiva.yarlagadda89@gmail.com,shiva.yarlagadda89@gmail.com,100.0,201,
1000016,2020-12-04T00:00:00,2020-12-04T07:16:43,shiva.yarlagadda89@gmail.com,shiva.yarlagadda89@gmail.com,,1,Non NHS Other,"Unit 24, Oliver Business Park",Oliver Rd,London,NW10 7JB,,,2,1,,Medicure Ltd Insurance Company,Medicure Ltd Policy Number,1988-10-05,,,,,,shiva.yarlagadda89@gmail.com,shiva.yarlagadda89@gmail.com,,,,10062,ENTERED,Medicure Ltd,DM - Invoice,1,1,,Medicure Ltd Insurance Number,1,shiva.yarlagadda89@gmail.com,shiva.yarlagadda89@gmail.com,110.0,1000008,Data Migration
