{
    "fields": [
        {
            "displayLabel": "Id",
            "internal": true,
            "key": true,
            "name": "id",
            "oid": "9cb61f44-e75f-4206-b45c-0159a1a68f28",
            "required": true,
            "type": "number",
            "unique": true
        },
        {
            "displayLabel": "Created",
            "internal": true,
            "name": "creationDate",
            "oid": "f8e68f6a-c794-4f60-8086-d688b97fd461",
            "type": "datetime"
        },
        {
            "displayLabel": "Last Updated",
            "internal": true,
            "name": "lastUpdateDate",
            "oid": "17c04910-8cf0-474a-be84-d730cfe8b47d",
            "type": "datetime"
        },
        {
            "displayLabel": "Created By",
            "internal": true,
            "name": "createdBy",
            "oid": "e4f78c7b-ca99-4589-80c1-83d5be8fdd43",
            "type": "string"
        },
        {
            "displayLabel": "Last Updated By",
            "internal": true,
            "name": "lastUpdatedBy",
            "oid": "670f380a-cc30-4de5-8420-6dd243323ff4",
            "type": "string"
        },
        {
            "displayLabel": "<internal>",
            "hidden": true,
            "internal": true,
            "name": "abcsChangeNumber",
            "oid": "19d32367-e8cb-41db-86b0-c26116fe78f5",
            "type": "number"
        },
        {
            "name": "status",
            "oid": "d648108f-cd73-4995-ac4a-554c0e7882de",
            "displayLabel": "Status",
            "type": "string",
            "required": true
        }
    ],
    "name": "Status",
    "oid": "e731e968-daad-415a-b1b2-f72a3e3cf56f",
    "displayLabel": "Status",
    "relationships": [
    ]
}