{
    "openapi": "3.0.0",
    "info": {
        "title": "get_invoice_line_dist",
        "version": "1.0.0"
    },
    "servers": [
        {
            "url": "https://foizja9l9puedqg-gsttadwdev.adb.uk-london-1.oraclecloudapps.com/ords/arss/xxgstt_arss_invoice_request",
            "description": "get_invoice_line_dist"
        }
    ],
    "paths": {
        "/get_invoice_line_dist/{inv_id}": {
            "get": {
                "operationId": "get_invoice_line_dist",
                "parameters": [
                    {
                        "name": "inv_id",
                        "in": "path",
                        "required": true,
                        "schema": {
                            "type": "string"
                        }
                    }
                ],
                "responses": {
                    "default": {
                        "description": "Response for default",
                        "content": {
                            "application/json": {
                                "schema": {
                                    "$ref": "#/components/schemas/GetGet_invoice_line_distInv_id"
                                },
                                "examples": {
                                    "vb": {
                                        "summary": "Example stored by VB User",
                                        "externalValue": "./examples/get_invoice_line_dist/response_default_application_json_vb.json"
                                    }
                                }
                            }
                        }
                    }
                },
                "x-vb": {
                    "actionHint": "getMany"
                }
            }
        }
    },
    "components": {
        "schemas": {
            "GetGet_invoice_line_distInv_id": {
                "type": "object",
                "properties": {
                    "items": {
                        "type": "array",
                        "items": {
                            "type": "object",
                            "properties": {
                                "id": {
                                    "type": "integer"
                                },
                                "description": {
                                    "type": "string"
                                },
                                "quantity": {
                                    "type": "integer"
                                },
                                "unitprice": {
                                    "type": "integer"
                                },
                                "taxcode": {
                                    "type": "string"
                                },
                                "distributionamount": {
                                    "type": "integer"
                                },
                                "organization": {
                                    "type": "string"
                                },
                                "costcentre": {
                                    "type": "string"
                                },
                                "subjective": {
                                    "type": "string"
                                },
                                "wga": {
                                    "type": "string"
                                },
                                "intercompany": {
                                    "type": "string"
                                },
                                "analysis": {
                                    "type": "string"
                                },
                                "spare1": {
                                    "type": "string"
                                },
                                "spare2": {
                                    "type": "string"
                                },
                                "createdby": {
                                    "type": "string"
                                },
                                "creationdate": {
                                    "type": "string"
                                },
                                "lastupdatedby": {
                                    "type": "string"
                                },
                                "lastupdatedate": {
                                    "type": "string"
                                }
                            }
                        }
                    },
                    "hasMore": {
                        "type": "boolean"
                    },
                    "limit": {
                        "type": "integer"
                    },
                    "offset": {
                        "type": "integer"
                    },
                    "count": {
                        "type": "integer"
                    },
                    "links": {
                        "type": "array",
                        "items": {
                            "type": "object",
                            "properties": {
                                "rel": {
                                    "type": "string"
                                },
                                "href": {
                                    "type": "string"
                                }
                            }
                        }
                    }
                }
            }
        }
    }
}