{
    "fields": [
        {
            "displayLabel": "Id",
            "internal": true,
            "key": true,
            "name": "id",
            "oid": "16c700eb-b9ed-44a2-a4fe-54946ad21a2d",
            "required": true,
            "type": "number",
            "unique": true
        },
        {
            "displayLabel": "Created",
            "internal": true,
            "name": "creationDate",
            "oid": "64149ea7-a62c-49a2-b243-6c835597b334",
            "type": "datetime"
        },
        {
            "displayLabel": "Last Updated",
            "internal": true,
            "name": "lastUpdateDate",
            "oid": "a1f84804-f5a9-4153-b4fd-cc8045a522fa",
            "type": "datetime"
        },
        {
            "displayLabel": "Created By",
            "internal": true,
            "name": "createdBy",
            "oid": "c174910c-1673-4aeb-b4d7-e5b216dcce61",
            "type": "string"
        },
        {
            "displayLabel": "Last Updated By",
            "internal": true,
            "name": "lastUpdatedBy",
            "oid": "1a9ca328-1d42-4e3a-8048-8b40273a9596",
            "type": "string"
        },
        {
            "displayLabel": "<internal>",
            "hidden": true,
            "internal": true,
            "name": "abcsChangeNumber",
            "oid": "41d68bdf-e80a-44c4-906d-8cdee4e6c194",
            "type": "number"
        },
        {
            "name": "name",
            "oid": "febf339a-a80d-4b74-ad24-ecd950225f85",
            "displayLabel": "Name",
            "type": "string",
            "required": true
        }
    ],
    "name": "TransactionType",
    "oid": "6493e9d4-e124-4efd-ab8d-c6dfa30fa2f0",
    "displayLabel": "Transaction Type",
    "relationships": [
        {
            "name": "invoiceCollection",
            "reverseRelationship": "transactionTypeRefObjec",
            "targetEntity": "Invoice",
            "type": "incoming",
            "exposeAccessor": false,
            "displayField": "name"
        }
    ]
}