{
    "fields": [
        {
            "displayLabel": "Id",
            "internal": true,
            "key": true,
            "name": "id",
            "oid": "1838d2af-e2d5-423c-ac47-6567f110fc68",
            "required": true,
            "type": "number",
            "unique": true
        },
        {
            "displayLabel": "Created",
            "internal": true,
            "name": "creationDate",
            "oid": "06dcfc4c-c691-4ec9-8770-fbb99ba12876",
            "type": "datetime"
        },
        {
            "displayLabel": "Last Updated",
            "internal": true,
            "name": "lastUpdateDate",
            "oid": "49792ce2-e9fd-423b-b9c4-43402789383c",
            "type": "datetime"
        },
        {
            "displayLabel": "Created By",
            "internal": true,
            "name": "createdBy",
            "oid": "b4ad81c2-d231-4cab-8620-a1a0ef6ed429",
            "type": "string"
        },
        {
            "displayLabel": "Last Updated By",
            "internal": true,
            "name": "lastUpdatedBy",
            "oid": "cac7641c-c1a3-4baa-b20b-a3008b7c3ce5",
            "type": "string"
        },
        {
            "displayLabel": "<internal>",
            "hidden": true,
            "internal": true,
            "name": "abcsChangeNumber",
            "oid": "ccae43f5-25c6-4d58-a0ab-7fcbe05b1f06",
            "type": "number"
        },
        {
            "name": "name",
            "oid": "5dc8feb7-4517-421f-8a40-58cd0695b551",
            "displayLabel": "Name",
            "type": "string",
            "required": true
        },
        {
            "name": "profileClass",
            "oid": "9b7f26ae-4f56-4f16-a0d5-e4282767ecad",
            "displayLabel": "Profile Class",
            "type": "string"
        },
        {
            "name": "insuranceCompany",
            "oid": "79486874-4f1a-4b2e-8c3f-c3bccaae3bf7",
            "displayLabel": "Insurance Company",
            "type": "string"
        },
        {
            "name": "policyNumber",
            "oid": "764a33ad-65cc-4a66-9f13-1f1b2fb903e5",
            "displayLabel": "Policy Number",
            "type": "string"
        },
        {
            "name": "patientDateOfBirth",
            "oid": "556ac47a-ef5d-43fe-9e5d-7c2b7745ba69",
            "displayLabel": "Patient Date of Birth",
            "type": "date"
        },
        {
            "name": "insuranceNumber",
            "oid": "34eb447c-55c7-4fed-abdb-3d6474cb8633",
            "displayLabel": "Insurance Number",
            "type": "string"
        },
        {
            "name": "accountNumber",
            "oid": "ec30e565-290a-4383-a731-ea32a98d2665",
            "displayLabel": "Account Number",
            "type": "string",
            "required": true
        },
        {
            "name": "custAccountId",
            "oid": "021d9bfc-6d18-41ec-85cf-7c93245c016d",
            "displayLabel": "Cust Account Id",
            "type": "number",
            "required": true
        }
    ],
    "name": "Customer",
    "oid": "07a72a08-1ce3-410e-8647-f2a58ed5f56c",
    "displayLabel": "Customer",
    "relationships": [
        {
            "name": "customerAddressCollecti",
            "reverseRelationship": "custAccountIdObject",
            "targetEntity": "CustomerAddress",
            "type": "incoming",
            "exposeAccessor": false,
            "displayField": "custAccountId"
        },
        {
            "name": "customerAddressCollect2",
            "reverseRelationship": "accountNumberObject",
            "targetEntity": "CustomerAddress",
            "type": "incoming",
            "exposeAccessor": false,
            "displayField": "accountNumber"
        },
        {
            "name": "invoiceCollection",
            "reverseRelationship": "customerRefObject",
            "targetEntity": "Invoice",
            "type": "incoming",
            "exposeAccessor": false,
            "displayField": "name"
        }
    ]
}