{
  "pageModelVersion": "2010.0.0",
  "title": "View Request",
  "description": "Displays InvoiceHeader record",
  "variables": {
    "getInvoiceLineDistListSDP": {
      "type": "vb/ServiceDataProvider",
      "defaultValue": {
        "endpoint": "get_invoice_line_dist/get_invoice_line_dist",
        "keyAttributes": "id",
        "itemsPath": "items",
        "responseType": "page:getInvoiceLineDistResponse",
        "uriParameters": {
          "inv_id": "{{ $variables.invoiceHeaderId }}"
        }
      }
    },
    "invoiceHeader": {
      "type": "page:getInvoiceHeaderResponse"
    },
    "invoiceHeaderId": {
      "type": "string",
      "required": true,
      "input": "fromUrl"
    }
  },
  "metadata": {},
  "types": {
    "@decorators.getInvoiceHeaderResponse": {
      "endpoint": "get_InvoiceHeader",
      "service": "businessObjects",
      "path": "request"
    },
    "@decorators.getInvoiceLineDistResponse": {
      "endpoint": "get_invoice_line_dist",
      "service": "get_invoice_line_dist",
      "path": "response"
    },
    "getInvoiceHeaderResponse": {
      "addressLine1": "string",
      "addressLine2": "string",
      "admissionDate": "string",
      "billToLocationObject": {
        "items": [
          {
            "billToLocation": "string"
          }
        ]
      },
      "businessUnitObject": {
        "items": [
          {
            "businessUnitName": "string"
          }
        ]
      },
      "city": "string",
      "commentsToApprover": "string",
      "creditReasonObject": {
        "items": [
          {
            "name": "string"
          }
        ]
      },
      "currencyObject": {
        "items": [
          {
            "code": "string"
          }
        ]
      },
      "currentApprover": "string",
      "customerName": "string",
      "dischargeDate": "string",
      "financeDirectorApprover": "string",
      "incomeSysTeamApprover": "string",
      "insuranceCompany": "string",
      "insuranceCustomerNumber": "string",
      "invoiceReference": "string",
      "invoicingRuleObject": {
        "items": [
          {
            "name": "string"
          }
        ]
      },
      "notesToBeIncludedOnTrx": "string",
      "otherRechargeReason": "string",
      "patientDateOfBirth": "string",
      "policyNumber": "string",
      "poNumber": "string",
      "postalCode": "string",
      "printOptionObject": {
        "items": [
          {
            "value": "string"
          }
        ]
      },
      "profileClass": "string",
      "reconciliationReference": "string",
      "requestorName": "string",
      "revenueDeptApprover": "string",
      "salesPerson": "string",
      "salesPersonNameObject": {
        "items": [
          {
            "name": "string"
          }
        ]
      },
      "specialInstructions": "string",
      "status": "string",
      "transactionDate": "string",
      "transactionTotal": "number",
      "transactionType": "string"
    },
    "getInvoiceLineDistResponse": {
      "items": [
        {
          "analysis": "string",
          "costcentre": "string",
          "description": "string",
          "distributionamount": "number",
          "id": "number",
          "intercompany": "string",
          "organization": "string",
          "quantity": "number",
          "spare1": "string",
          "spare2": "string",
          "subjective": "string",
          "taxcode": "string",
          "unitprice": "number",
          "wga": "string"
        }
      ]
    }
  },
  "chains": {
    "goBackChain": {
      "root": "navigateBack",
      "actions": {
        "navigateBack": {
          "module": "vb/action/builtin/navigateBackAction"
        }
      }
    },
    "loadInvoiceHeaderChain": {
      "root": "loadInvoiceHeader",
      "actions": {
        "loadInvoiceHeader": {
          "module": "vb/action/builtin/restAction",
          "parameters": {
            "endpoint": "businessObjects/get_InvoiceHeader",
            "uriParams": {
              "InvoiceHeader_Id": "[[ $page.variables.invoiceHeaderId ]]"
            },
            "responseType": "page:getInvoiceHeaderResponse"
          },
          "outcomes": {
            "success": "assignPayload",
            "failure": "fireErrorNotification"
          }
        },
        "assignPayload": {
          "module": "vb/action/builtin/assignVariablesAction",
          "parameters": {
            "$page.variables.invoiceHeader": {
              "source": "[[ $chain.results.loadInvoiceHeader.body || $chain.results.loadInvoiceHeader.content ]]"
            }
          }
        },
        "fireErrorNotification": {
          "module": "vb/action/builtin/fireNotificationEventAction",
          "parameters": {
            "summary": "Could not load data",
            "message": "[[ 'Could not load data: status ' + $chain.results.loadInvoiceHeader.payload.status ]]",
            "type": "error",
            "displayMode": "persist"
          }
        }
      }
    }
  },
  "eventListeners": {
    "backButtonClicked": {
      "chains": [
        {
          "chainId": "goBackChain"
        }
      ]
    },
    "vbEnter": {
      "chains": [
        {
          "chainId": "loadInvoiceHeaderChain"
        }
      ]
    }
  },
  "imports": {
    "components": {
      "oj-form-layout": {
        "path": "ojs/ojformlayout"
      },
      "oj-input-text": {
        "path": "ojs/ojinputtext"
      },
      "oj-input-date": {
        "path": "ojs/ojdatetimepicker"
      },
      "oj-input-number": {
        "path": "ojs/ojinputnumber"
      },
      "oj-toolbar": {
        "path": "ojs/ojtoolbar"
      },
      "oj-button": {
        "path": "ojs/ojbutton"
      },
      "oj-text-area": {
        "path": "ojs/ojinputtext"
      },
      "oj-table": {
        "path": "ojs/ojtable"
      }
    }
  }
}