{
  "pageModelVersion": "19.4.3",
  "title": "Edit Line",
  "description": "Updates single InvoiceLine record",
  "variables": {
    "invoiceLine": {
      "type": "page:getInvoiceLineResponse",
      "defaultValue": {
        "invoiceHeaderId": "{{$page.variables.invoiceHeaderIdVarPass}}"
      }
    },
    "invoiceLineId": {
      "type": "string",
      "required": true,
      "input": "fromUrl"
    },
    "invoiceLineETag": {
      "type": "string"
    },
    "taxCodeListSDP": {
      "type": "vb/ServiceDataProvider",
      "defaultValue": {
        "endpoint": "businessObjects/getall_TaxCode",
        "idAttribute": "id",
        "itemsPath": "items",
        "responseType": "page:getallTaxCodeResponse",
        "uriParameters": {}
      }
    },
    "memoLineListSDP": {
      "type": "vb/ServiceDataProvider",
      "defaultValue": {
        "endpoint": "businessObjects/getall_MemoLine",
        "idAttribute": "id",
        "itemsPath": "items",
        "responseType": "page:getallMemoLineResponse",
        "uriParameters": {}
      }
    },
    "invoiceHeaderListSDP": {
      "type": "vb/ServiceDataProvider",
      "defaultValue": {
        "endpoint": "businessObjects/getall_InvoiceHeader",
        "idAttribute": "id",
        "itemsPath": "items",
        "responseType": "page:getallInvoiceHeaderResponse",
        "uriParameters": {}
      }
    },
    "invoiceHeaderIdVarPass": {
      "type": "string",
      "required": true,
      "input": "fromUrl"
    },
    "invoiceDistributionListSDP": {
      "type": "vb/ServiceDataProvider",
      "defaultValue": {
        "endpoint": "businessObjects/getall_InvoiceDistribution",
        "idAttribute": "id",
        "itemsPath": "items",
        "responseType": "page:getallInvoiceDistributionResponse",
        "filterCriterion": {
          "op": "$eq",
          "attribute": "invoiceLineId",
          "value": "{{ $variables.invoiceLineId }}"
        }
      }
    },
    "oj_table_493429890_1SelectedId": {
      "type": "string",
      "defaultValue": ""
    },
    "invoiceLineUpdatePayload": {
      "type": "getInvoiceLineResponse"
    }
  },
  "metadata": {},
  "types": {
    "getInvoiceLineResponse": {
      "amount": "number",
      "description": "string",
      "distributionTotal": "number",
      "invoiceHeaderId": "number",
      "lineReconciliationRef": "string",
      "memoLine": "number",
      "quantity": "number",
      "taxCode": "number",
      "taxRate": "number",
      "unitPrice": "number"
    },
    "@decorators.getInvoiceLineResponse": {
      "endpoint": "get_InvoiceLine",
      "service": "businessObjects",
      "path": "response"
    },
    "businessObjectsServiceErrorResponseType": {
      "body": {
        "status": "string",
        "title": "string",
        "o:errorDetails": [
          {
            "detail": "string",
            "o:errorCode": "string"
          }
        ]
      },
      "status": "number"
    },
    "getallTaxCodeResponse": {
      "items": [
        {
          "id": "number",
          "name": "string"
        }
      ]
    },
    "@decorators.getallTaxCodeResponse": {
      "endpoint": "getall_TaxCode",
      "service": "businessObjects",
      "path": "response"
    },
    "getallMemoLineResponse": {
      "items": [
        {
          "id": "number",
          "name": "string"
        }
      ]
    },
    "@decorators.getallMemoLineResponse": {
      "endpoint": "getall_MemoLine",
      "service": "businessObjects",
      "path": "response"
    },
    "getallInvoiceHeaderResponse": {
      "items": [
        {
          "id": "number"
        }
      ]
    },
    "@decorators.getallInvoiceHeaderResponse": {
      "endpoint": "getall_InvoiceHeader",
      "service": "businessObjects",
      "path": "response"
    },
    "getallInvoiceDistributionResponse": {
      "items": [
        {
          "allocationAmount": "number",
          "allocationPercentage": "number",
          "analysisRefObject": {
            "items": [
              {
                "value": "string"
              }
            ]
          },
          "costCentreRefObject": {
            "items": [
              {
                "value": "string"
              }
            ]
          },
          "id": "number",
          "intercompanyRefObject": {
            "items": [
              {
                "value": "string"
              }
            ]
          },
          "organizationRefObject": {
            "items": [
              {
                "value": "string"
              }
            ]
          },
          "spare1RefObject": {
            "items": [
              {
                "value": "string"
              }
            ]
          },
          "spare2RefObject": {
            "items": [
              {
                "value": "string"
              }
            ]
          },
          "subjectiveRefObject": {
            "items": [
              {
                "value": "string"
              }
            ]
          },
          "wgaRefObject": {
            "items": [
              {
                "value": "string"
              }
            ]
          }
        }
      ]
    },
    "@decorators.getallInvoiceDistributionResponse": {
      "endpoint": "getall_InvoiceDistribution",
      "service": "businessObjects",
      "path": "response"
    }
  },
  "chains": {
    "goBackChain": {
      "root": "navigateBack",
      "actions": {
        "navigateBack": {
          "module": "vb/action/builtin/navigateBackAction",
          "outcomes": {
            "success": "navigateToPage1"
          }
        },
        "navigateToPage1": {
          "module": "vb/action/builtin/navigateToPageAction",
          "parameters": {
            "page": "main-edit-invoice-header",
            "params": {
              "invoiceHeaderId": "{{ $page.variables.invoiceHeaderIdVarPass }}"
            }
          }
        }
      }
    },
    "loadInvoiceLineChain": {
      "root": "loadInvoiceLine",
      "actions": {
        "loadInvoiceLine": {
          "module": "vb/action/builtin/restAction",
          "parameters": {
            "endpoint": "businessObjects/get_InvoiceLine",
            "uriParams": {
              "InvoiceLine_Id": "[[ $page.variables.invoiceLineId ]]"
            },
            "responseType": "page:getInvoiceLineResponse"
          },
          "outcomes": {
            "success": "assignPayload",
            "failure": "fireErrorNotification"
          }
        },
        "assignPayload": {
          "module": "vb/action/builtin/assignVariablesAction",
          "parameters": {
            "$page.variables.invoiceLine": {
              "source": "{{ $chain.results.loadInvoiceLine.body }}"
            },
            "$page.variables.invoiceLineETag": {
              "source": "[[ $chain.results.loadInvoiceLine.headers.get('ETag') ]]"
            },
            "$page.variables.invoiceLineOldAmount": {
              "source": "{{ $chain.results.loadInvoiceLine.body.amount }}"
            }
          },
          "outcomes": {
            "success": "fireDataProviderEvent1"
      }
        },
        "fireErrorNotification": {
          "module": "vb/action/builtin/fireNotificationEventAction",
          "parameters": {
            "summary": "Could not load data",
            "message": "{{ 'Could not load data: status ' + $chain.results.loadInvoiceLine.payload.status }}",
            "type": "error",
            "displayMode": "persist"
          },
          "outcomes": {}
        },
        "fireDataProviderEvent1": {
          "module": "vb/action/builtin/fireDataProviderEventAction",
          "parameters": {
            "refresh": null,
            "target": "[[ $page.variables.invoiceDistributionListSDP ]]"
          }
        }
      }
    },
    "saveInvoiceLineChain": {
      "variables": {
        "saveFailureResult": {
          "type": "page:businessObjectsServiceErrorResponseType"
        },
        "errorMessage": {
          "type": "string"
        },
        "saveHeaders": {
          "type": "object"
        }
      },
      "root": "assignVariables1",
      "actions": {
        "checkETag": {
          "module": "vb/action/builtin/ifAction",
          "parameters": {
            "condition": "[[ $page.variables.invoiceLineETag ]]"
          },
          "outcomes": {
            "true": "assignIfMatchHeader",
            "false": "assignVariables2"
          }
        },
        "assignIfMatchHeader": {
          "module": "vb/action/builtin/assignVariablesAction",
          "parameters": {
            "$chain.variables.saveHeaders": {
              "source": "[[ { 'If-Match': $page.variables.invoiceLineETag } ]]"
            }
          },
          "outcomes": {
            "success": "assignVariables2"
          }
        },
        "saveInvoiceLine": {
          "module": "vb/action/builtin/restAction",
          "parameters": {
            "endpoint": "businessObjects/update_InvoiceLine",
            "body": "{{ $page.variables.invoiceLineUpdatePayload }}",
            "requestType": "json",
            "uriParams": {
              "InvoiceLine_Id": "[[ $page.variables.invoiceLineId ]]"
            },
            "headers": "[[ $chain.variables.saveHeaders ]]"
          },
          "outcomes": {
            "success": "callUpdateTransactionTotalRestEndpoint",
            "failure": "assignFailureResult"
          }
        },
        "assignPayload": {
          "module": "vb/action/builtin/assignVariablesAction",
          "parameters": {
            "$page.variables.invoiceLineETag": {
              "source": "[[ $chain.results.saveInvoiceLine.headers.get('ETag') ]]"
            },
            "$page.variables.invoiceLine": {
              "source": {
                  "amount": "{{ $chain.results.saveInvoiceLine.body.amount }}",
                  "description": "{{ $chain.results.saveInvoiceLine.body.description }}",
                  "invoiceHeaderId": "{{ $chain.results.saveInvoiceLine.body.invoiceHeaderId }}",
                  "memoLine": "{{ $chain.results.saveInvoiceLine.body.memoLine }}",
                  "quantity": "{{ $chain.results.saveInvoiceLine.body.quantity }}",
                  "taxCode": "{{ $chain.results.saveInvoiceLine.body.taxCode }}",
                  "taxRate": "{{ $chain.results.saveInvoiceLine.body.taxRate }}",
                  "unitPrice": "{{ $chain.results.saveInvoiceLine.body.unitPrice }}"
                },
              "reset": "none",
              "auto": "always"
            }
          },
          "outcomes": {
            "success": "fireSuccessNotification"
          }
        },
        "fireSuccessNotification": {
          "module": "vb/action/builtin/fireNotificationEventAction",
          "parameters": {
            "summary": "InvoiceLine saved",
            "message": "InvoiceLine record successfully updated",
            "type": "confirmation",
            "displayMode": "transient"
          },
          "outcomes": {
            "success": "callGoBackChain"
          }
        },
        "callGoBackChain": {
          "module": "vb/action/builtin/callChainAction",
          "parameters": {
            "id": "goBackChain"
          }
        },
        "assignFailureResult": {
          "module": "vb/action/builtin/assignVariablesAction",
          "parameters": {
            "$chain.variables.saveFailureResult": {
              "source": "[[ $chain.results.saveInvoiceLine.payload ]]"
            }
          },
          "outcomes": {
            "success": "testFailureDetails"
          }
        },
        "testFailureDetails": {
          "module": "vb/action/builtin/ifAction",
          "outcomes": {
            "true": "handleDetailedErrorMessage",
            "false": "handleDefaultErrorMessage"
          },
          "parameters": {
            "condition": "[[ $chain.variables.saveFailureResult.body['o:errorDetails'][0] ]]"
          }
        },
        "handleDetailedErrorMessage": {
          "module": "vb/action/builtin/assignVariablesAction",
          "outcomes": {
            "success": "fireErrorNotification"
          },
          "parameters": {
            "$chain.variables.errorMessage": {
              "source": "[[ $chain.variables.saveFailureResult.body['o:errorDetails'][0].detail ]]"
            }
          }
        },
        "handleDefaultErrorMessage": {
          "module": "vb/action/builtin/assignVariablesAction",
          "outcomes": {
            "success": "fireErrorNotification"
          },
          "parameters": {
            "$chain.variables.errorMessage": {
              "source": "[[ 'Could not update InvoiceLine: status ' + $chain.results.saveInvoiceLine.payload.status ]]"
            }
          }
        },
        "fireErrorNotification": {
          "module": "vb/action/builtin/fireNotificationEventAction",
          "parameters": {
            "summary": "Save failed",
            "message": "[[ $chain.variables.errorMessage ]]",
            "type": "error",
            "displayMode": "persist"
          }
        },
        "assignVariables1": {
          "module": "vb/action/builtin/assignVariablesAction",
          "parameters": {
            "$page.variables.invoiceLine": {
              "source": {
                "amount": "{{ $page.variables.invoiceLine.quantity*$page.variables.invoiceLine.unitPrice }}"
              },
              "reset": "none",
              "auto": "always"
            }
          },
          "outcomes": {
            "success": "checkETag"
          }
        },
        "assignVariables2": {
          "module": "vb/action/builtin/assignVariablesAction",
          "parameters": {
            "$page.variables.invoiceLineUpdatePayload": {
              "source": {
                "amount": "{{ $page.variables.invoiceLine.amount }}",
                "description": "{{ $page.variables.invoiceLine.description }}",
                "invoiceHeaderId": "{{ $page.variables.invoiceLine.invoiceHeaderId }}",
                "memoLine": "{{ $page.variables.invoiceLine.memoLine }}",
                "quantity": "{{ $page.variables.invoiceLine.quantity }}",
                "taxCode": "{{ $page.variables.invoiceLine.taxCode }}",
                "taxRate": "{{ $page.variables.invoiceLine.taxRate }}",
                "unitPrice": "{{ $page.variables.invoiceLine.unitPrice }}"
              },
              "reset": "none",
              "auto": "always"
            }
          },
          "outcomes": {
            "success": "saveInvoiceLine"
          }
        },
        "fireNotification1": {
          "module": "vb/action/builtin/fireNotificationEventAction",
          "parameters": {
            "target": "leaf",
            "summary": "[[ $chain.results.callUpdateTransactionTotalRestEndpoint.message.summary ]]",
            "type": "error",
            "displayMode": "persist",
            "message": "Update Transaction Total Rest Endpoint Failed"
          }
        },
        "callUpdateTransactionTotalRestEndpoint": {
          "module": "vb/action/builtin/restAction",
          "parameters": {
            "endpoint": "update_transaction_total/update_transaction_total",
            "uriParams": {
              "inv_id": "{{ $chain.results.saveInvoiceLine.body.invoiceHeaderId }}"
            }
          },
          "outcomes": {
            "failure": "fireNotification1",
            "success": "assignPayload"
          }
        }
      }
    },
    "SelectOneValueChangeChain": {
      "description": "",
      "variables": {
        "value": {
          "required": true,
          "type": "any",
          "input": "fromCaller"
        }
      },
      "root": "if1",
      "actions": {
        "if1": {
          "module": "vb/action/builtin/ifAction",
          "parameters": {
            "condition": "[[ $chain.variables.value !== undefined]]"
          },
          "outcomes": {
            "true": "callRestEndpoint1"
          }
        },
        "callRestEndpoint1": {
          "module": "vb/action/builtin/restAction",
          "parameters": {
            "endpoint": "businessObjects/get_TaxCode",
            "uriParams": {
              "TaxCode_Id": "{{ $chain.variables.value }}"
            }
          },
          "outcomes": {
            "failure": "fireNotification1",
            "success": "assignVariables1"
          }
        },
        "fireNotification1": {
          "module": "vb/action/builtin/fireNotificationEventAction",
          "parameters": {
            "target": "leaf",
            "summary": "[[ $chain.results.callRestEndpoint1.message.summary ]]",
            "type": "error",
            "displayMode": "persist"
          }
        },
        "assignVariables1": {
          "module": "vb/action/builtin/assignVariablesAction",
          "parameters": {
            "$page.variables.invoiceLine": {
              "source": {
                "taxRate": "{{ $chain.results.callRestEndpoint1.body.rate }}"
              },
              "reset": "none",
              "auto": "always"
            }
          }
        }
      }
    },
    "navigateToCreateInvoiceDistributionChain": {
      "root": "navigateToCreate",
      "actions": {
        "navigateToCreate": {
          "module": "vb/action/builtin/navigateToPageAction",
          "parameters": {
            "history": "push",
            "page": "main-create-invoice-distribution",
            "params": {
              "invoiceHeaderIdVarPass": "{{ $page.variables.invoiceHeaderIdVarPass }}",
              "invoiceLineIdVarPass": "{{ $page.variables.invoiceLineId }}",
              "invoiceLineAmountVarPass": "{{ $page.variables.invoiceLine.amount }}",
              "invoiceLineAmtVarPass": "{{ $page.variables.invoiceLine.amount }}",
              "invoiceLineDisTotalAmtVarPass": "{{ $page.variables.invoiceLine.distributionTotal }}"
            }
          },
          "outcomes": {
            "success": ""
          }
        }
      }
    },
    "oj_table_493429890_1ChangeSelectionChain": {
      "variables": {
        "invoiceDistributionId": {
          "type": "string",
          "input": "fromCaller",
          "defaultValue": ""
        }
      },
      "root": "assignVariable",
      "actions": {
        "assignVariable": {
          "module": "vb/action/builtin/assignVariablesAction",
          "parameters": {
            "$page.variables.oj_table_493429890_1SelectedId": {
              "source": "[[ $chain.variables.invoiceDistributionId ]]"
            }
          },
          "outcomes": {
            "success": ""
          }
        }
      }
    },
    "navigateToEditInvoiceDistributionChain": {
      "root": "navigateToEdit",
      "variables": {
        "invoiceDistributionId": {
          "type": "string",
          "input": "fromCaller",
          "required": true
        }
      },
      "actions": {
        "navigateToEdit": {
          "module": "vb/action/builtin/navigateToPageAction",
          "parameters": {
            "history": "push",
            "page": "main-edit-invoice-distribution",
            "params": {
              "invoiceDistributionId": "[[ $chain.variables.invoiceDistributionId ]]",
              "invoiceHeaderIdVarPass": "{{ $page.variables.invoiceHeaderIdVarPass }}",
              "invoiceLineIdVarPass": "{{ $page.variables.invoiceLineId }}",
              "invoiceLineDisTotalAmtVarPass": "{{ $page.variables.invoiceLine.distributionTotal }}",
              "invoiceLineAmtVarPass": "{{ $page.variables.invoiceLine.amount }}"
            }
          },
          "outcomes": {
            "success": ""
          }
        }
      }
    },
    "deleteInvoiceDistributionChain": {
      "root": "deleteInvoiceDistribution",
      "variables": {
        "invoiceDistributionId": {
          "type": "string",
          "input": "fromCaller",
          "required": true
        }
      },
      "actions": {
        "deleteInvoiceDistribution": {
          "module": "vb/action/builtin/restAction",
          "parameters": {
            "endpoint": "businessObjects/delete_InvoiceDistribution",
            "uriParams": {
              "InvoiceDistribution_Id": "[[ $chain.variables.invoiceDistributionId ]]"
            }
          },
          "outcomes": {
            "success": "resetSelection",
            "failure": "fireErrorNotification"
          }
        },
        "resetSelection": {
          "module": "vb/action/builtin/resetVariablesAction",
          "parameters": {
            "variables": [
              "[[ '$page.variables.oj_table_493429890_1SelectedId' ]]"
            ]
          },
          "outcomes": {
            "success": "refreshDataProvider"
          },
          "description": "Resets selection variable",
          "label": "Reset selection"
        },
        "refreshDataProvider": {
          "module": "vb/action/builtin/fireDataProviderEventAction",
          "outcomes": {
            "success": "fireSuccessNotification"
          },
          "parameters": {
            "refresh": "",
            "target": "[[ $page.variables.invoiceDistributionListSDP ]]"
          }
        },
        "fireSuccessNotification": {
          "module": "vb/action/builtin/fireNotificationEventAction",
          "parameters": {
            "summary": "InvoiceDistribution deleted",
            "message": "[[ 'InvoiceDistribution [' + $chain.variables.invoiceDistributionId + '] successfully deleted' ]]",
            "type": "confirmation",
            "displayMode": "transient"
          },
          "outcomes": {}
        },
        "fireErrorNotification": {
          "module": "vb/action/builtin/fireNotificationEventAction",
          "parameters": {
            "summary": "Delete failed",
            "message": "[[ 'Could not delete data: status ' + $chain.results.deleteInvoiceDistribution.payload.status ]]",
            "type": "error",
            "displayMode": "persist"
          },
          "outcomes": {}
        }
      }
    }
  },
  "eventListeners": {
    "backButtonClicked": {
      "chains": [
        {
          "chainId": "goBackChain"
        }
      ]
    },
    "saveButtonClicked": {
      "chains": [
        {
          "chainId": "saveInvoiceLineChain"
        }
      ]
    },
    "vbEnter": {
      "chains": [
        {
          "chainId": "loadInvoiceLineChain"
        }
      ]
    },
    "ojSelectOneValue": {
      "chains": [
        {
          "chainId": "SelectOneValueChangeChain",
          "parameters": {
            "value": "{{ $event.detail.value }}"
          }
        }
      ]
    },
    "createInvoiceDistributionButtonClicked": {
      "chains": [
        {
          "chainId": "navigateToCreateInvoiceDistributionChain"
        }
      ]
    },
    "oj_table_493429890_1SelectionChanged": {
      "chains": [
        {
          "chainId": "oj_table_493429890_1ChangeSelectionChain",
          "parameters": {
            "invoiceDistributionId": "[[ $event.detail.value.key || '' ]]"
          }
        }
      ]
    },
    "editInvoiceDistributionButtonClicked": {
      "chains": [
        {
          "chainId": "navigateToEditInvoiceDistributionChain",
          "parameters": {
            "invoiceDistributionId": "[[ $page.variables.oj_table_493429890_1SelectedId ]]"
          }
        }
      ]
    },
    "deleteInvoiceDistributionButtonClicked": {
      "chains": [
        {
          "chainId": "deleteInvoiceDistributionChain",
          "parameters": {
            "invoiceDistributionId": "[[ $page.variables.oj_table_493429890_1SelectedId ]]"
          }
        }
      ]
    }
  },
  "imports": {
    "components": {
      "oj-form-layout": {
        "path": "ojs/ojformlayout"
      },
      "oj-select-one": {
        "path": "ojs/ojselectcombobox"
      },
      "oj-input-text": {
        "path": "ojs/ojinputtext"
      },
      "oj-input-number": {
        "path": "ojs/ojinputnumber"
      },
      "oj-toolbar": {
        "path": "ojs/ojtoolbar"
      },
      "oj-button": {
        "path": "ojs/ojbutton"
      },
      "oj-table": {
        "path": "ojs/ojtable"
      }
    }
  }
}