{
    "displayLabel": "InvoicingRule",
    "fields": [
        {
            "displayLabel": "Id",
            "internal": true,
            "key": true,
            "name": "id",
            "oid": "9a692725-02ef-4ca6-9334-847fa82ff94c",
            "required": true,
            "type": "number",
            "unique": true
        },
        {
            "displayLabel": "Created",
            "internal": true,
            "name": "creationDate",
            "oid": "ae803fc4-2da7-4d3e-b741-0a81e23df28a",
            "type": "datetime"
        },
        {
            "displayLabel": "Last Updated",
            "internal": true,
            "name": "lastUpdateDate",
            "oid": "e81fbdee-938c-4fb3-8f31-73aff393ca83",
            "type": "datetime"
        },
        {
            "displayLabel": "Created By",
            "internal": true,
            "name": "createdBy",
            "oid": "9de3fa4d-ce6f-44a0-a04b-589722f499a1",
            "type": "string"
        },
        {
            "displayLabel": "Last Updated By",
            "internal": true,
            "name": "lastUpdatedBy",
            "oid": "83352887-effa-4bda-b036-0f58491beaf7",
            "type": "string"
        },
        {
            "displayLabel": "<internal>",
            "hidden": true,
            "internal": true,
            "name": "abcsChangeNumber",
            "oid": "7e2697a7-c5e5-4ca8-9443-5cd8403b4801",
            "type": "number"
        },
        {
            "displayLabel": "name",
            "name": "name",
            "oid": "e87726d1-6825-4fc9-9edb-9fc8a045a454",
            "type": "string",
            "required": true
        }
    ],
    "name": "InvoicingRule",
    "oid": "f6ea2502-68ad-4fb7-bf1d-5bc5e8e2f8c0"
}