{
    "openapi": "3.0.0",
    "info": {
        "title": "duplicateinvoice",
        "version": "1.0.0"
    },
    "servers": [
        {
            "url": "https://foizja9l9puedqg-gsttadwdev.adb.uk-london-1.oraclecloudapps.com/ords/arss/xxgstt_arss_invoice_request",
            "description": "duplicateinvoice",
            "x-vb": {
                "authentication": {
                    "authenticated": {
                        "type": "basic",
                        "credentials": "vb_8dfda073-1dfd-476a-a618-e617a0bb202a"
                    }
                }
            }
        }
    ],
    "paths": {
        "/duplicate_invoice/{inv_id}/{requestor}": {
            "post": {
                "operationId": "duplicateinvoice",
                "parameters": [
                    {
                        "name": "inv_id",
                        "in": "path",
                        "required": true,
                        "schema": {
                            "type": "string"
                        }
                    },
                    {
                        "name": "requestor",
                        "in": "path",
                        "required": true,
                        "schema": {
                            "type": "string"
                        }
                    }
                ],
                "responses": {},
                "x-vb": {
                    "actionHint": "create"
                }
            }
        }
    }
}