{
  "pageModelVersion": "19.4.3",
  "title": "Edit Invoice",
  "description": "Updates single InvoiceHeader record",
  "variables": {
    "invoiceHeader": {
      "type": "page:getInvoiceHeaderResponse"
    },
    "invoiceHeaderId": {
      "type": "string",
      "required": true,
      "input": "fromUrl"
    },
    "invoiceHeaderETag": {
      "type": "string"
    },
    "creditReasonListSDP": {
      "type": "vb/ServiceDataProvider",
      "defaultValue": {
        "endpoint": "businessObjects/getall_CreditReason",
        "idAttribute": "id",
        "itemsPath": "items",
        "responseType": "page:getallCreditReasonResponse",
        "uriParameters": {}
      }
    },
    "invoicingRuleListSDP": {
      "type": "vb/ServiceDataProvider",
      "defaultValue": {
        "endpoint": "businessObjects/getall_InvoicingRule",
        "idAttribute": "id",
        "itemsPath": "items",
        "responseType": "page:getallInvoicingRuleResponse",
        "uriParameters": {}
      }
    },
    "printOptionListSDP": {
      "type": "vb/ServiceDataProvider",
      "defaultValue": {
        "endpoint": "businessObjects/getall_PrintOption",
        "idAttribute": "id",
        "itemsPath": "items",
        "responseType": "page:getallPrintOptionResponse",
        "uriParameters": {}
      }
    },
    "salesPersonListSDP": {
      "type": "vb/ServiceDataProvider",
      "defaultValue": {
        "endpoint": "businessObjects/getall_SalesPerson",
        "idAttribute": "id",
        "itemsPath": "items",
        "responseType": "page:getallSalesPersonResponse",
        "uriParameters": {}
      }
    },
    "transactionTypeListSDP": {
      "type": "vb/ServiceDataProvider",
      "defaultValue": {
        "endpoint": "businessObjects/getall_TransactionType",
        "idAttribute": "id",
        "itemsPath": "items",
        "responseType": "page:getallTransactionTypeResponse",
        "uriParameters": {}
      }
    },
    "currencyListSDP": {
      "type": "vb/ServiceDataProvider",
      "defaultValue": {
        "endpoint": "businessObjects/getall_Currency",
        "idAttribute": "id",
        "itemsPath": "items",
        "responseType": "page:getallCurrencyResponse",
        "uriParameters": {}
      }
    },
    "customerListSDP": {
      "type": "vb/ServiceDataProvider",
      "defaultValue": {
        "endpoint": "businessObjects/getall_Customer",
        "idAttribute": "id",
        "itemsPath": "items",
        "responseType": "page:getallCustomerResponse",
        "uriParameters": {}
      }
    },
    "customerAddressListSDP": {
      "type": "vb/ServiceDataProvider",
      "defaultValue": {
        "endpoint": "businessObjects/getall_CustomerAddress",
        "idAttribute": "id",
        "itemsPath": "items",
        "responseType": "page:getallCustomerAddressResponse",
        "uriParameters": {}
      }
    }
  },
  "metadata": {},
  "types": {
    "getInvoiceHeaderResponse": {
      "addressLine1": "string",
      "addressLine2": "string",
      "admissionDate": "string",
      "billToLocation": "number",
      "city": "string",
      "commentsToApprover": "string",
      "creditReason": "number",
      "currency": "number",
      "currentApprover": "string",
      "customerName": "string",
      "customerNameRef": "number",
      "dischargeDate": "string",
      "insuranceCompany": "string",
      "insuranceCustomerNumber": "string",
      "invoiceReference": "string",
      "invoicingRule": "number",
      "notesToBeIncludedOnTrx": "string",
      "otherRechargeReason": "string",
      "patientDateOfBirth": "string",
      "policyNumber": "string",
      "poNumber": "string",
      "postalCode": "string",
      "printOption": "number",
      "profileClass": "string",
      "reconciliationReference": "string",
      "requestorName": "string",
      "revenueDeptApprover": "string",
      "salesPersonName": "number",
      "specialInstructions": "string",
      "status": "string",
      "transactionDate": "string",
      "transactionTotal": "number",
      "transactionType": "string",
      "transactionTypeRef": "number"
    },
    "@decorators.getInvoiceHeaderResponse": {
      "endpoint": "get_InvoiceHeader",
      "service": "businessObjects",
      "path": "response"
    },
    "businessObjectsServiceErrorResponseType": {
      "body": {
        "status": "string",
        "title": "string",
        "o:errorDetails": [
          {
            "detail": "string",
            "o:errorCode": "string"
          }
        ]
      },
      "status": "number"
    },
    "getallCreditReasonResponse": {
      "items": [
        {
          "id": "number",
          "name": "string"
        }
      ]
    },
    "@decorators.getallCreditReasonResponse": {
      "endpoint": "getall_CreditReason",
      "service": "businessObjects",
      "path": "response"
    },
    "getallInvoicingRuleResponse": {
      "items": [
        {
          "id": "number",
          "name": "string"
        }
      ]
    },
    "@decorators.getallInvoicingRuleResponse": {
      "endpoint": "getall_InvoicingRule",
      "service": "businessObjects",
      "path": "response"
    },
    "getallPrintOptionResponse": {
      "items": [
        {
          "id": "number",
          "value": "string"
        }
      ]
    },
    "@decorators.getallPrintOptionResponse": {
      "endpoint": "getall_PrintOption",
      "service": "businessObjects",
      "path": "response"
    },
    "getallSalesPersonResponse": {
      "items": [
        {
          "id": "number",
          "name": "string"
        }
      ]
    },
    "@decorators.getallSalesPersonResponse": {
      "endpoint": "getall_SalesPerson",
      "service": "businessObjects",
      "path": "response"
    },
    "getallTransactionTypeResponse": {
      "items": [
        {
          "id": "number",
          "name": "string"
        }
      ]
    },
    "@decorators.getallTransactionTypeResponse": {
      "endpoint": "getall_TransactionType",
      "service": "businessObjects",
      "path": "response"
    },
    "getallCurrencyResponse": {
      "items": [
        {
          "code": "string",
          "id": "number"
        }
      ]
    },
    "@decorators.getallCurrencyResponse": {
      "endpoint": "getall_Currency",
      "service": "businessObjects",
      "path": "response"
    },
    "getallCustomerResponse": {
      "items": [
        {
          "id": "number",
          "name": "string"
        }
      ]
    },
    "@decorators.getallCustomerResponse": {
      "endpoint": "getall_Customer",
      "service": "businessObjects",
      "path": "response"
    },
    "getallCustomerAddressResponse": {
      "items": [
        {
          "billToLocation": "string",
          "id": "number"
        }
      ]
    },
    "@decorators.getallCustomerAddressResponse": {
      "endpoint": "getall_CustomerAddress",
      "service": "businessObjects",
      "path": "response"
    }
  },
  "chains": {
    "goBackChain": {
      "root": "navigateBack",
      "actions": {
        "navigateBack": {
          "module": "vb/action/builtin/navigateBackAction",
          "outcomes": {
            "success": ""
          }
        }
      }
    },
    "loadInvoiceHeaderChain": {
      "root": "loadInvoiceHeader",
      "actions": {
        "loadInvoiceHeader": {
          "module": "vb/action/builtin/restAction",
          "parameters": {
            "endpoint": "businessObjects/get_InvoiceHeader",
            "uriParams": {
              "InvoiceHeader_Id": "[[ $page.variables.invoiceHeaderId ]]"
            },
            "responseType": "page:getInvoiceHeaderResponse"
          },
          "outcomes": {
            "success": "assignPayload",
            "failure": "fireErrorNotification"
          }
        },
        "assignPayload": {
          "module": "vb/action/builtin/assignVariablesAction",
          "parameters": {
            "$page.variables.invoiceHeader": {
              "source": "{{ $chain.results.loadInvoiceHeader.body }}"
            },
            "$page.variables.invoiceHeaderETag": {
              "source": "[[ $chain.results.loadInvoiceHeader.headers.get('ETag') ]]"
            }
          },
          "outcomes": {}
        },
        "fireErrorNotification": {
          "module": "vb/action/builtin/fireNotificationEventAction",
          "parameters": {
            "summary": "Could not load data",
            "message": "{{ 'Could not load data: status ' + $chain.results.loadInvoiceHeader.payload.status }}",
            "type": "error",
            "displayMode": "persist"
          },
          "outcomes": {}
        }
      }
    },
    "saveInvoiceHeaderChain": {
      "variables": {
        "saveFailureResult": {
          "type": "page:businessObjectsServiceErrorResponseType"
        },
        "errorMessage": {
          "type": "string"
        },
        "saveHeaders": {
          "type": "object"
        }
      },
      "root": "checkETag",
      "actions": {
        "checkETag": {
          "module": "vb/action/builtin/ifAction",
          "parameters": {
            "condition": "[[ $page.variables.invoiceHeaderETag ]]"
          },
          "outcomes": {
            "true": "assignIfMatchHeader",
            "false": "saveInvoiceHeader"
          }
        },
        "assignIfMatchHeader": {
          "module": "vb/action/builtin/assignVariablesAction",
          "parameters": {
            "$chain.variables.saveHeaders": {
              "source": "[[ { 'If-Match': $page.variables.invoiceHeaderETag } ]]"
            }
          },
          "outcomes": {
            "success": "saveInvoiceHeader"
          }
        },
        "saveInvoiceHeader": {
          "module": "vb/action/builtin/restAction",
          "parameters": {
            "endpoint": "businessObjects/update_InvoiceHeader",
            "body": "{{ $page.variables.invoiceHeader }}",
            "requestType": "json",
            "uriParams": {
              "InvoiceHeader_Id": "[[ $page.variables.invoiceHeaderId ]]"
            },
            "headers": "[[ $chain.variables.saveHeaders ]]"
          },
          "outcomes": {
            "success": "assignPayload",
            "failure": "assignFailureResult"
          }
        },
        "assignPayload": {
          "module": "vb/action/builtin/assignVariablesAction",
          "parameters": {
            "$page.variables.invoiceHeader": {
              "source": "{{ $chain.results.saveInvoiceHeader.body }}"
            },
            "$page.variables.invoiceHeaderETag": {
              "source": "[[ $chain.results.saveInvoiceHeader.headers.get('ETag') ]]"
            }
          },
          "outcomes": {
            "success": "fireSuccessNotification"
          }
        },
        "fireSuccessNotification": {
          "module": "vb/action/builtin/fireNotificationEventAction",
          "parameters": {
            "summary": "InvoiceHeader saved",
            "message": "InvoiceHeader record successfully updated",
            "type": "confirmation",
            "displayMode": "transient"
          },
          "outcomes": {
            "success": "callGoBackChain"
          }
        },
        "callGoBackChain": {
          "module": "vb/action/builtin/callChainAction",
          "parameters": {
            "id": "goBackChain"
          }
        },
        "assignFailureResult": {
          "module": "vb/action/builtin/assignVariablesAction",
          "parameters": {
            "$chain.variables.saveFailureResult": {
              "source": "[[ $chain.results.saveInvoiceHeader.payload ]]"
            }
          },
          "outcomes": {
            "success": "testFailureDetails"
          }
        },
        "testFailureDetails": {
          "module": "vb/action/builtin/ifAction",
          "outcomes": {
            "true": "handleDetailedErrorMessage",
            "false": "handleDefaultErrorMessage"
          },
          "parameters": {
            "condition": "[[ $chain.variables.saveFailureResult.body['o:errorDetails'][0] ]]"
          }
        },
        "handleDetailedErrorMessage": {
          "module": "vb/action/builtin/assignVariablesAction",
          "outcomes": {
            "success": "fireErrorNotification"
          },
          "parameters": {
            "$chain.variables.errorMessage": {
              "source": "[[ $chain.variables.saveFailureResult.body['o:errorDetails'][0].detail ]]"
            }
          }
        },
        "handleDefaultErrorMessage": {
          "module": "vb/action/builtin/assignVariablesAction",
          "outcomes": {
            "success": "fireErrorNotification"
          },
          "parameters": {
            "$chain.variables.errorMessage": {
              "source": "[[ 'Could not update InvoiceHeader: status ' + $chain.results.saveInvoiceHeader.payload.status ]]"
            }
          }
        },
        "fireErrorNotification": {
          "module": "vb/action/builtin/fireNotificationEventAction",
          "parameters": {
            "summary": "Save failed",
            "message": "[[ $chain.variables.errorMessage ]]",
            "type": "error",
            "displayMode": "persist"
          }
        }
      }
    }
  },
  "eventListeners": {
    "backButtonClicked": {
      "chains": [
        {
          "chainId": "goBackChain"
        }
      ]
    },
    "saveButtonClicked": {
      "chains": [
        {
          "chainId": "saveInvoiceHeaderChain"
        }
      ]
    },
    "vbEnter": {
      "chains": [
        {
          "chainId": "loadInvoiceHeaderChain"
        }
      ]
    }
  },
  "imports": {
    "components": {
      "oj-form-layout": {
        "path": "ojs/ojformlayout"
      },
      "oj-input-text": {
        "path": "ojs/ojinputtext"
      },
      "oj-input-date": {
        "path": "ojs/ojdatetimepicker"
      },
      "oj-select-one": {
        "path": "ojs/ojselectcombobox"
      },
      "oj-input-number": {
        "path": "ojs/ojinputnumber"
      },
      "oj-button": {
        "path": "ojs/ojbutton"
      }
    }
  }
}