id,creationDate,lastUpdateDate,createdBy,lastUpdatedBy,status
1,2020-11-19T17:03:46,2020-11-19T17:03:46.011,techtutorsti@gmail.com,techtutorsti@gmail.com,ENTERED
2,2020-11-19T17:04:01,2020-11-19T17:04:01.009,techtutorsti@gmail.com,techtutorsti@gmail.com,SUBMITTED
3,2020-11-19T17:04:05,2020-11-19T17:04:05.008,techtutorsti@gmail.com,techtutorsti@gmail.com,APPROVED
4,2020-11-19T17:04:09,2020-11-19T17:04:09.008,techtutorsti@gmail.com,techtutorsti@gmail.com,REJECTED
5,2020-11-19T17:04:14,2020-11-19T17:04:14.008,techtutorsti@gmail.com,techtutorsti@gmail.com,COMPLETE
6,2020-11-19T17:04:19,2020-11-19T17:04:19.008,techtutorsti@gmail.com,techtutorsti@gmail.com,ERRORED
