id,creationDate,lastUpdateDate,createdBy,lastUpdatedBy,Description,Quantity,UnitSellingPrice,TaxClassificationCode,invoice,product,lineTotal,LineNumber
29,2019-04-09T15:22:16,2019-04-09T15:22:16.005,john.jullion-ceccarelli@oracle.com,john.jullion-ceccarelli@oracle.com,Soap,15.0,5.0,FR VAT STD DEF RATE AP,22,1,75.0,
30,2019-04-09T15:22:27,2019-04-09T15:22:27.005,john.jullion-ceccarelli@oracle.com,john.jullion-ceccarelli@oracle.com,Apron,10.0,14.0,FR VAT STD DEF RATE AP,22,3,140.0,
31,2020-11-06T14:07:34,2020-11-06T14:07:34.051,oicuser28,oicuser28,Towel,3.0,15.0,FR VAT STD DEF RATE AP,22,2,,3.0
32,2020-11-06T14:09:00,2020-11-06T14:09:00.007,oicuser28,oicuser28,Towel,2.0,15.0,FR VAT STD DEF RATE AP,23,2,,1.0
51,2020-11-07T13:54:08,2020-11-07T13:54:08.011,oicuser28,oicuser28,Towel,2.0,15.0,FR VAT STD DEF RATE AP,22,2,,1.0
52,2020-11-08T01:14:40,2020-11-08T01:14:40.006,oicuser28,oicuser28,Towel,1.0,15.0,FR VAT STD DEF RATE AP,22,2,,1.0
53,2020-11-08T01:39:46,2020-11-08T01:39:46.005,oicuser28,oicuser28,Towel,4.0,15.0,FR VAT STD DEF RATE AP,22,2,,2.0
