{
    "displayLabel": "Receivables Invoice Line",
    "fields": [
        {
            "displayLabel": "Id",
            "internal": true,
            "key": true,
            "name": "id",
            "oid": "688304fc-9751-463d-a47c-ab4eea5dc463",
            "required": true,
            "type": "number",
            "unique": true
        },
        {
            "displayLabel": "Created",
            "internal": true,
            "name": "creationDate",
            "oid": "8d9732a9-a34b-406d-8502-24a2d722fb07",
            "type": "datetime"
        },
        {
            "displayLabel": "Last Updated",
            "internal": true,
            "name": "lastUpdateDate",
            "oid": "28310176-7c07-4695-a167-e268b474352f",
            "type": "datetime"
        },
        {
            "displayLabel": "Created By",
            "internal": true,
            "name": "createdBy",
            "oid": "c18ad177-f261-445e-b32b-4a0e13f69beb",
            "type": "string"
        },
        {
            "displayLabel": "Last Updated By",
            "internal": true,
            "name": "lastUpdatedBy",
            "oid": "5b6bf724-390f-418b-ad55-dc96ef0fc42f",
            "type": "string"
        },
        {
            "displayLabel": "<internal>",
            "hidden": true,
            "internal": true,
            "name": "abcsChangeNumber",
            "oid": "0dc4fca8-0f88-4ae6-938c-f076a93bd3a9",
            "type": "number"
        },
        {
            "displayLabel": "Description",
            "name": "Description",
            "oid": "ca489c91-002b-4b90-b1e6-05b3e0ee9903",
            "type": "string"
        },
        {
            "displayLabel": "Quantity",
            "name": "Quantity",
            "oid": "fabef4d6-2645-4cd1-b4f7-a1ab7c99c9fc",
            "type": "number"
        },
        {
            "displayLabel": "Unit Selling Price",
            "name": "UnitSellingPrice",
            "oid": "2172a17c-6995-4356-bdd0-731c2b7b87ef",
            "type": "number"
        },
        {
            "displayLabel": "Tax Classification Code",
            "name": "TaxClassificationCode",
            "oid": "338fa1bf-8814-4688-9a02-b96d6c16929c",
            "type": "string"
        },
        {
            "displayLabel": "invoice",
            "name": "invoice",
            "oid": "6abc41f2-a2d6-48a2-9be2-00fc42147236",
            "type": "reference",
            "required": true
        },
        {
            "name": "product",
            "oid": "72ed6f1b-af49-43cf-9ed3-9ca6773aabb9",
            "required": true,
            "displayLabel": "Product",
            "type": "reference"
        },
        {
            "name": "lineTotal",
            "oid": "e2b03115-f54c-491f-8787-11a9e10e93c7",
            "displayLabel": "Line Total",
            "type": "number"
        },
        {
            "name": "LineNumber",
            "oid": "571abb8e-c3d4-4c28-a1eb-525668ba634a",
            "displayLabel": "Line Number",
            "type": "number"
        }
    ],
    "name": "ReceivablesInvoiceLine",
    "oid": "f6d21aa5-e9eb-4f15-b34c-9740f82159d6",
    "relationships": [
        {
            "deleteRule": "cascade",
            "exposeAccessor": true,
            "mappingField": "invoice",
            "name": "invoiceObject",
            "reverseRelationship": "receivablesInvoiceLineC",
            "targetEntity": "Invoice",
            "type": "outgoing"
        },
        {
            "name": "productObject",
            "reverseRelationship": "receivablesInvoiceLineC",
            "targetEntity": "Product",
            "type": "outgoing",
            "mappingField": "product",
            "deleteRule": "restrict",
            "exposeAccessor": true
        }
    ]
}