{
  "pageModelVersion": "18.4.1",
  "title": "",
  "description": "",
  "variables": {
    "invoiceListSDP": {
      "type": "vb/ServiceDataProvider",
      "defaultValue": {
        "endpoint": "businessObjects/getall_Invoice",
        "idAttribute": "id",
        "itemsPath": "items",
        "responseType": "page:getallInvoiceResponse"
      }
    }
  },
  "types": {
    "getallInvoiceResponse": {
      "items": [
        {
          "customerName": "number",
          "id": "number",
          "invoiceReference": "string",
          "lastUpdateDate": "string",
          "requestorName": "string",
          "revenueDeptApprover": "string",
          "status": "string",
          "transactionType": "string"
        }
      ]
    },
    "@decorators.getallInvoiceResponse": {
      "endpoint": "getall_Invoice",
      "service": "businessObjects",
      "path": "response"
    }
  },
  "chains": {},
  "eventListeners": {},
  "imports": {
    "components": {
      "oj-table": {
        "path": "ojs/ojtable"
      }
    }
  }
}