{
    "openapi": "3.0.0",
    "info": {
        "title": "get_new_invoice_id",
        "version": "1.0.0"
    },
    "servers": [
        {
            "url": "https://foizja9l9puedqg-gsttadwdev.adb.uk-london-1.oraclecloudapps.com/ords/arss/xxgstt_arss_invoice_request",
            "description": "Ords Admin Arss Xxgstt Arss Invoice Request",
            "x-vb": {
            }
        }
    ],
    "paths": {
        "/get_new_invoice_id/{old_invoice_id}": {
            "get": {
                "operationId": "get_new_invoice_id",
                "parameters": [
                    {
                        "name": "old_invoice_id",
                        "in": "path",
                        "required": true,
                        "schema": {
                            "type": "string"
                        }
                    }
                ],
                "responses": {
                    "default": {
                        "description": "Response for default",
                        "content": {
                            "application/json": {
                                "schema": {
                                    "$ref": "#/components/schemas/GetGet_new_invoice_idOld_invoice_id"
                                },
                                "examples": {
                                    "vb": {
                                        "summary": "Example stored by VB User",
                                        "externalValue": "./examples/get_new_invoice_id/response_default_application_json_vb.json"
                                    }
                                }
                            }
                        }
                    }
                },
                "x-vb": {
                    "actionHint": "getOne"
                }
            }
        }
    },
    "components": {
        "schemas": {
            "GetGet_new_invoice_idOld_invoice_id": {
                "type": "object",
                "properties": {
                    "new_invoice_id": {
                        "type": "integer"
                    },
                    "links": {
                        "type": "array",
                        "items": {
                            "type": "object",
                            "properties": {
                                "rel": {
                                    "type": "string"
                                },
                                "href": {
                                    "type": "string"
                                }
                            }
                        }
                    }
                }
            }
        }
    }
}