{
  "pageModelVersion": "19.4.3",
  "title": "Create Distribution",
  "description": "Creates new InvoiceDistribution",
  "variables": {
    "invoiceDistribution": {
      "type": "page:createInvoiceDistributionRequest"
    },
    "subjectiveListSDP": {
      "type": "vb/ServiceDataProvider",
      "defaultValue": {
        "endpoint": "businessObjects/getall_Subjective",
        "idAttribute": "id",
        "itemsPath": "items",
        "responseType": "page:getallSubjectiveResponse",
        "uriParameters": {}
      }
    },
    "costCentreListSDP": {
      "type": "vb/ServiceDataProvider",
      "defaultValue": {
        "endpoint": "businessObjects/getall_CostCentre",
        "idAttribute": "id",
        "itemsPath": "items",
        "responseType": "page:getallCostCentreResponse",
        "uriParameters": {}
      }
    },
    "wGAListSDP": {
      "type": "vb/ServiceDataProvider",
      "defaultValue": {
        "endpoint": "businessObjects/getall_WGA",
        "idAttribute": "id",
        "itemsPath": "items",
        "responseType": "page:getallWGAResponse",
        "uriParameters": {}
      }
    },
    "analysisListSDP": {
      "type": "vb/ServiceDataProvider",
      "defaultValue": {
        "endpoint": "businessObjects/getall_Analysis",
        "idAttribute": "id",
        "itemsPath": "items",
        "responseType": "page:getallAnalysisResponse",
        "uriParameters": {}
      }
    },
    "organizationListSDP": {
      "type": "vb/ServiceDataProvider",
      "defaultValue": {
        "endpoint": "businessObjects/getall_Organization",
        "idAttribute": "id",
        "itemsPath": "items",
        "responseType": "page:getallOrganizationResponse",
        "uriParameters": {}
      }
    },
    "spare1ListSDP": {
      "type": "vb/ServiceDataProvider",
      "defaultValue": {
        "endpoint": "businessObjects/getall_Spare1",
        "idAttribute": "id",
        "itemsPath": "items",
        "responseType": "page:getallSpare1Response",
        "uriParameters": {}
      }
    },
    "spare2ListSDP": {
      "type": "vb/ServiceDataProvider",
      "defaultValue": {
        "endpoint": "businessObjects/getall_Spare2",
        "idAttribute": "id",
        "itemsPath": "items",
        "responseType": "page:getallSpare2Response",
        "uriParameters": {}
      }
    },
    "intercompanyListSDP": {
      "type": "vb/ServiceDataProvider",
      "defaultValue": {
        "endpoint": "businessObjects/getall_Intercompany",
        "idAttribute": "id",
        "itemsPath": "items",
        "responseType": "page:getallIntercompanyResponse",
        "uriParameters": {}
      }
    },
    "invoiceHeaderListSDP": {
      "type": "vb/ServiceDataProvider",
      "defaultValue": {
        "endpoint": "businessObjects/getall_InvoiceHeader",
        "idAttribute": "id",
        "itemsPath": "items",
        "responseType": "page:getallInvoiceHeaderResponse",
        "uriParameters": {}
      }
    },
    "invoiceLineListSDP": {
      "type": "vb/ServiceDataProvider",
      "defaultValue": {
        "endpoint": "businessObjects/getall_InvoiceLine",
        "idAttribute": "id",
        "itemsPath": "items",
        "responseType": "page:getallInvoiceLineResponse",
        "uriParameters": {}
      }
    }
  },
  "metadata": {},
  "types": {
    "createInvoiceDistributionRequest": {
      "analysisRef": "number",
      "costCentreRef": "number",
      "intercompanyRef": "number",
      "invoiceHeaderId": "number",
      "invoiceLineId": "number",
      "organizationRef": "number",
      "spare1Ref": "number",
      "spare2Ref": "number",
      "subjectiveRef": "number",
      "wgaRef": "number"
    },
    "@decorators.createInvoiceDistributionRequest": {
      "endpoint": "create_InvoiceDistribution",
      "service": "businessObjects",
      "path": "request"
    },
    "businessObjectsServiceErrorResponseType": {
      "body": {
        "status": "string",
        "title": "string",
        "o:errorDetails": [
          {
            "detail": "string",
            "o:errorCode": "string"
          }
        ]
      },
      "status": "number"
    },
    "getallSubjectiveResponse": {
      "items": [
        {
          "id": "number",
          "value": "string"
        }
      ]
    },
    "@decorators.getallSubjectiveResponse": {
      "endpoint": "getall_Subjective",
      "service": "businessObjects",
      "path": "response"
    },
    "getallCostCentreResponse": {
      "items": [
        {
          "id": "number",
          "value": "string"
        }
      ]
    },
    "@decorators.getallCostCentreResponse": {
      "endpoint": "getall_CostCentre",
      "service": "businessObjects",
      "path": "response"
    },
    "getallWGAResponse": {
      "items": [
        {
          "id": "number",
          "value": "string"
        }
      ]
    },
    "@decorators.getallWGAResponse": {
      "endpoint": "getall_WGA",
      "service": "businessObjects",
      "path": "response"
    },
    "getallAnalysisResponse": {
      "items": [
        {
          "id": "number",
          "value": "string"
        }
      ]
    },
    "@decorators.getallAnalysisResponse": {
      "endpoint": "getall_Analysis",
      "service": "businessObjects",
      "path": "response"
    },
    "getallOrganizationResponse": {
      "items": [
        {
          "id": "number",
          "value": "string"
        }
      ]
    },
    "@decorators.getallOrganizationResponse": {
      "endpoint": "getall_Organization",
      "service": "businessObjects",
      "path": "response"
    },
    "getallSpare1Response": {
      "items": [
        {
          "id": "number",
          "value": "string"
        }
      ]
    },
    "@decorators.getallSpare1Response": {
      "endpoint": "getall_Spare1",
      "service": "businessObjects",
      "path": "response"
    },
    "getallSpare2Response": {
      "items": [
        {
          "id": "number",
          "value": "string"
        }
      ]
    },
    "@decorators.getallSpare2Response": {
      "endpoint": "getall_Spare2",
      "service": "businessObjects",
      "path": "response"
    },
    "getallIntercompanyResponse": {
      "items": [
        {
          "id": "number",
          "value": "string"
        }
      ]
    },
    "@decorators.getallIntercompanyResponse": {
      "endpoint": "getall_Intercompany",
      "service": "businessObjects",
      "path": "response"
    },
    "getallInvoiceHeaderResponse": {
      "items": [
        {
          "id": "number"
        }
      ]
    },
    "@decorators.getallInvoiceHeaderResponse": {
      "endpoint": "getall_InvoiceHeader",
      "service": "businessObjects",
      "path": "response"
    },
    "getallInvoiceLineResponse": {
      "items": [
        {
          "id": "number"
        }
      ]
    },
    "@decorators.getallInvoiceLineResponse": {
      "endpoint": "getall_InvoiceLine",
      "service": "businessObjects",
      "path": "response"
    }
  },
  "chains": {
    "goBackChain": {
      "root": "navigateBack",
      "actions": {
        "navigateBack": {
          "module": "vb/action/builtin/navigateBackAction",
          "outcomes": {
            "success": ""
          }
        }
      }
    },
    "createInvoiceDistributionChain": {
      "root": "createInvoiceDistribution",
      "variables": {
        "saveFailureResult": {
          "type": "page:businessObjectsServiceErrorResponseType"
        },
        "errorMessage": {
          "type": "string"
        }
      },
      "actions": {
        "createInvoiceDistribution": {
          "module": "vb/action/builtin/restAction",
          "parameters": {
            "endpoint": "businessObjects/create_InvoiceDistribution",
            "body": "[[ $page.variables.invoiceDistribution ]]"
          },
          "outcomes": {
            "success": "fireSuccessNotification",
            "failure": "assignFailureResult"
          }
        },
        "fireSuccessNotification": {
          "module": "vb/action/builtin/fireNotificationEventAction",
          "parameters": {
            "summary": "InvoiceDistribution saved",
            "message": "InvoiceDistribution record successfully created",
            "type": "confirmation",
            "displayMode": "transient"
          },
          "outcomes": {
            "success": "navigateBack"
          }
        },
        "navigateBack": {
          "module": "vb/action/builtin/navigateBackAction",
          "outcomes": {
            "success": ""
          }
        },
        "assignFailureResult": {
          "module": "vb/action/builtin/assignVariablesAction",
          "parameters": {
            "$chain.variables.saveFailureResult": {
              "source": "[[ $chain.results.createInvoiceDistribution.payload ]]"
            }
          },
          "outcomes": {
            "success": "testFailureDetails"
          }
        },
        "testFailureDetails": {
          "module": "vb/action/builtin/ifAction",
          "outcomes": {
            "true": "handleDetailedErrorMessage",
            "false": "handleDefaultErrorMessage"
          },
          "parameters": {
            "condition": "[[ $chain.variables.saveFailureResult.body['o:errorDetails'][0] ]]"
          }
        },
        "handleDetailedErrorMessage": {
          "module": "vb/action/builtin/assignVariablesAction",
          "outcomes": {
            "success": "fireErrorNotification"
          },
          "parameters": {
            "$chain.variables.errorMessage": {
              "source": "[[ $chain.variables.saveFailureResult.body['o:errorDetails'][0].detail ]]"
            }
          }
        },
        "handleDefaultErrorMessage": {
          "module": "vb/action/builtin/assignVariablesAction",
          "outcomes": {
            "success": "fireErrorNotification"
          },
          "parameters": {
            "$chain.variables.errorMessage": {
              "source": "[[ 'Could not create new InvoiceDistribution: status ' + $chain.variables.saveFailureResult.status ]]"
            }
          }
        },
        "fireErrorNotification": {
          "module": "vb/action/builtin/fireNotificationEventAction",
          "parameters": {
            "summary": "Save failed",
            "message": "[[ $chain.variables.errorMessage ]]",
            "type": "error",
            "displayMode": "persist"
          },
          "outcomes": {}
        }
      }
    }
  },
  "eventListeners": {
    "backButtonClicked": {
      "chains": [
        {
          "chainId": "goBackChain"
        }
      ]
    },
    "saveButtonClicked": {
      "chains": [
        {
          "chainId": "createInvoiceDistributionChain"
        }
      ]
    }
  },
  "imports": {
    "components": {
      "oj-form-layout": {
        "path": "ojs/ojformlayout"
      },
      "oj-select-one": {
        "path": "ojs/ojselectcombobox"
      },
      "oj-toolbar": {
        "path": "ojs/ojtoolbar"
      },
      "oj-button": {
        "path": "ojs/ojbutton"
      }
    }
  }
}