{
    "fields": [
        {
            "displayLabel": "Id",
            "internal": true,
            "key": true,
            "name": "id",
            "oid": "7298d686-c9f7-44f1-b568-05b01786c38f",
            "required": true,
            "type": "number",
            "unique": true
        },
        {
            "displayLabel": "Created",
            "internal": true,
            "name": "creationDate",
            "oid": "a1ec36a8-a2fa-475c-8d44-8f6792f6aaf8",
            "type": "datetime"
        },
        {
            "displayLabel": "Last Updated",
            "internal": true,
            "name": "lastUpdateDate",
            "oid": "ca73df7c-9e4c-42bd-a525-15174a3d5aa4",
            "type": "datetime"
        },
        {
            "displayLabel": "Created By",
            "internal": true,
            "name": "createdBy",
            "oid": "270fdcf3-e822-426e-8e8b-8a4f8ea5a825",
            "type": "string"
        },
        {
            "displayLabel": "Last Updated By",
            "internal": true,
            "name": "lastUpdatedBy",
            "oid": "8fe56be9-2eb2-40da-8397-d95758a796db",
            "type": "string"
        },
        {
            "displayLabel": "<internal>",
            "hidden": true,
            "internal": true,
            "name": "abcsChangeNumber",
            "oid": "85536b87-c0d3-40eb-9d88-68387e3f8041",
            "type": "number"
        },
        {
            "name": "value",
            "oid": "f5ced115-0910-4ca9-bd5e-54a3b06188d2",
            "displayLabel": "Value",
            "type": "string"
        }
    ],
    "name": "Subjective",
    "oid": "99be866e-c7ba-4818-94b4-367cb1fffabd",
    "displayLabel": "Subjective",
    "relationships": [
        {
            "name": "invoiceDistributionColl",
            "reverseRelationship": "subjectiveRefObject",
            "targetEntity": "InvoiceDistribution",
            "type": "incoming",
            "exposeAccessor": false,
            "displayField": "value"
        }
    ]
}