{
    "fields": [
        {
            "displayLabel": "Id",
            "internal": true,
            "key": true,
            "name": "id",
            "oid": "d60d1a0e-005b-4826-8fdb-ce9ea0cddc3f",
            "required": true,
            "type": "number",
            "unique": true
        },
        {
            "displayLabel": "Created",
            "internal": true,
            "name": "creationDate",
            "oid": "b95a6dfd-3691-4513-bfea-c996c2ed4579",
            "type": "datetime"
        },
        {
            "displayLabel": "Last Updated",
            "internal": true,
            "name": "lastUpdateDate",
            "oid": "dd3963a8-2a82-4d80-a2d0-0eca021f094b",
            "type": "datetime"
        },
        {
            "displayLabel": "Created By",
            "internal": true,
            "name": "createdBy",
            "oid": "018cba04-285c-4598-bfe5-b1fd214d649f",
            "type": "string"
        },
        {
            "displayLabel": "Last Updated By",
            "internal": true,
            "name": "lastUpdatedBy",
            "oid": "a53e4007-c7f5-4fe7-b3db-e49954bd2ede",
            "type": "string"
        },
        {
            "displayLabel": "<internal>",
            "hidden": true,
            "internal": true,
            "name": "abcsChangeNumber",
            "oid": "d46f3734-c322-439b-ae9f-52db13f9622f",
            "type": "number"
        },
        {
            "name": "segment1",
            "oid": "c36cc2ad-2e15-4d2a-b05e-59ff2bd2c8c0",
            "displayLabel": "segment1",
            "type": "string",
            "required": true
        },
        {
            "name": "segment2",
            "oid": "4e045c72-0f0c-45cd-80f8-aaffead338c7",
            "displayLabel": "segment2",
            "type": "string",
            "required": true
        },
        {
            "name": "segment3",
            "oid": "8da11aaf-8f53-4648-86ac-3da46661d05f",
            "displayLabel": "segment3",
            "type": "string",
            "required": true
        },
        {
            "name": "segment4",
            "oid": "0c506280-0c5c-4064-9aad-5709d0358685",
            "displayLabel": "segment4",
            "type": "string",
            "required": true
        },
        {
            "name": "segment5",
            "oid": "52b7ba1f-3de5-450e-bd33-8b8e7dc074be",
            "displayLabel": "segment5",
            "type": "string",
            "required": true
        },
        {
            "name": "segment6",
            "oid": "47d54004-2219-465d-8a4b-409c7db1d97e",
            "displayLabel": "segment6",
            "type": "string",
            "required": true
        },
        {
            "name": "segment7",
            "oid": "c3c3df9f-c80b-4591-a721-1cda83edeb89",
            "displayLabel": "segment7",
            "type": "string",
            "required": true
        },
        {
            "name": "segment8",
            "oid": "c7bdbcba-8c3e-4a87-a01c-bc0dfd4097f5",
            "displayLabel": "segment8",
            "type": "string",
            "required": true
        },
        {
            "name": "lineReconciliationRef",
            "oid": "5dd1d19c-2df6-4fbb-8939-10c3662c054b",
            "displayLabel": "lineReconciliationRef",
            "type": "string"
        },
        {
            "name": "allocationAmount",
            "oid": "8b1227e2-ed7e-450a-b2fb-4d31deda3254",
            "displayLabel": "allocationAmount",
            "type": "number",
            "required": true
        },
        {
            "name": "allocationPercentage",
            "format": "percentage",
            "oid": "fd33169c-d598-445c-8fac-e3e8b8c35268",
            "displayLabel": "allocationPercentage",
            "type": "number",
            "required": true
        },
        {
            "name": "invoiceReference",
            "oid": "03809751-ee8e-4cd4-a921-8e10b795741f",
            "displayLabel": "invoiceReference",
            "type": "string"
        },
        {
            "name": "invoiceId",
            "oid": "d867e5b0-aceb-4978-aaf2-76dd45d1be07",
            "displayLabel": "Invoice Id",
            "type": "reference",
            "required": true
        },
        {
            "name": "invoiceLineId",
            "oid": "c4d6fc18-c7e9-4edd-81c5-184558f70f34",
            "displayLabel": "Invoice Line Id",
            "type": "reference",
            "required": true
        }
    ],
    "name": "InvoiceDistribution",
    "oid": "3be08042-f348-4080-894a-ec8722a54596",
    "displayLabel": "Invoice Distribution",
    "relationships": [
        {
            "name": "invoiceIdObject",
            "reverseRelationship": "invoiceDistributionColl",
            "targetEntity": "Invoice",
            "type": "outgoing",
            "exposeAccessor": true,
            "mappingField": "invoiceId",
            "deleteRule": "restrict"
        },
        {
            "name": "invoiceLineIdObject",
            "reverseRelationship": "invoiceDistributionColl",
            "targetEntity": "InvoiceLine",
            "type": "outgoing",
            "exposeAccessor": true,
            "mappingField": "invoiceLineId",
            "deleteRule": "restrict"
        }
    ]
}