{
    "displayLabel": "TransactionType",
    "fields": [
        {
            "displayLabel": "Id",
            "internal": true,
            "key": true,
            "name": "id",
            "oid": "220ee3ec-31f2-4bbe-a313-6007f974421b",
            "required": true,
            "type": "number",
            "unique": true
        },
        {
            "displayLabel": "Created",
            "internal": true,
            "name": "creationDate",
            "oid": "f3d3e1a7-06b8-4cf7-b3ce-d03558df1eeb",
            "type": "datetime"
        },
        {
            "displayLabel": "Last Updated",
            "internal": true,
            "name": "lastUpdateDate",
            "oid": "4e0d1b55-b7c8-4dcf-b319-322e05dad2a3",
            "type": "datetime"
        },
        {
            "displayLabel": "Created By",
            "internal": true,
            "name": "createdBy",
            "oid": "995b69a0-34db-4757-b149-c1911c65f697",
            "type": "string"
        },
        {
            "displayLabel": "Last Updated By",
            "internal": true,
            "name": "lastUpdatedBy",
            "oid": "9b5ec083-faa9-4d4a-89df-1b346e6ad4d8",
            "type": "string"
        },
        {
            "displayLabel": "<internal>",
            "hidden": true,
            "internal": true,
            "name": "abcsChangeNumber",
            "oid": "d40991ce-708c-4939-a7b2-41ba535914b3",
            "type": "number"
        },
        {
            "displayLabel": "name",
            "name": "name",
            "oid": "127a6d5e-6fe2-4ca3-8d08-3be4ebdac7e3",
            "type": "string",
            "required": true
        }
    ],
    "name": "TransactionType",
    "oid": "8d80ba8f-6246-457a-9eb3-f84805e342f6"
}