{
    "displayLabel": "Invoice",
    "fields": [
        {
            "displayLabel": "Id",
            "internal": true,
            "key": true,
            "name": "id",
            "oid": "18e82c56-467d-440a-8866-f949b2278f4f",
            "required": true,
            "type": "number",
            "unique": true
        },
        {
            "displayLabel": "Created",
            "internal": true,
            "name": "creationDate",
            "oid": "34c403c8-1e3e-418d-b327-3c3144631f15",
            "type": "datetime"
        },
        {
            "displayLabel": "Last Updated",
            "internal": true,
            "name": "lastUpdateDate",
            "oid": "00e3dab9-03ea-47d9-9384-3141c66d1fca",
            "type": "datetime"
        },
        {
            "displayLabel": "Created By",
            "internal": true,
            "name": "createdBy",
            "oid": "aac12353-20a9-42da-8051-98e1ae01cf45",
            "type": "string"
        },
        {
            "displayLabel": "Last Updated By",
            "internal": true,
            "name": "lastUpdatedBy",
            "oid": "ea7fdb41-9c60-4164-98b7-0d83422df9f5",
            "type": "string"
        },
        {
            "displayLabel": "<internal>",
            "hidden": true,
            "internal": true,
            "name": "abcsChangeNumber",
            "oid": "f8b51fa4-92d9-40ba-bbdb-fa72358bb522",
            "type": "number"
        },
        {
            "displayLabel": "Transaction Date",
            "name": "transactionDate",
            "oid": "c51c0385-a592-4928-9f93-63fbcbfe3b5e",
            "type": "date"
        },
        {
            "displayLabel": "Bill To Location",
            "name": "billToLocation",
            "oid": "174af67f-2558-4182-9c67-69f298ae049a",
            "type": "string"
        },
        {
            "displayLabel": "Profile Class",
            "name": "profileClass",
            "oid": "ce2d420c-39b0-41d5-b5ea-5bf689789244",
            "type": "string"
        },
        {
            "displayLabel": "Address Line 1",
            "name": "addressLine1",
            "oid": "37e4cc40-06af-40aa-ae09-2127aa34214c",
            "type": "string"
        },
        {
            "displayLabel": "Address Line 2",
            "name": "addressLine2",
            "oid": "e97306da-5846-4157-9628-33ee4b168102",
            "type": "string"
        },
        {
            "displayLabel": "City",
            "name": "city",
            "oid": "b5f82b00-fa5b-4abd-b7e5-5310aae8ef81",
            "type": "string"
        },
        {
            "displayLabel": "Postal Code",
            "name": "postalCode",
            "oid": "63e6b012-e21b-4d01-8830-cd9c0f6d2bec",
            "type": "string"
        },
        {
            "displayLabel": "Transaction Type",
            "name": "transactionType",
            "oid": "f770fdd5-b77b-411a-9783-0227b2b8be87",
            "type": "string"
        },
        {
            "displayLabel": "Credit Reason",
            "name": "creditReason",
            "oid": "10794c7d-cf07-4952-974e-22c8c909d472",
            "type": "string"
        },
        {
            "displayLabel": "Invoicing Rule",
            "name": "invoicingRule",
            "oid": "76bcc53e-ef16-48d7-8327-360794646500",
            "type": "string"
        },
        {
            "displayLabel": "Currency",
            "name": "currency",
            "oid": "20296025-1eaa-4172-9358-fbe912c959b2",
            "type": "string"
        },
        {
            "displayLabel": "Sales Person Name",
            "name": "salesPersonName",
            "oid": "eef15cbd-c7ce-46fd-a4d9-88ac801db552",
            "type": "string"
        },
        {
            "displayLabel": "Reconciliation Reference",
            "name": "reconciliationReference",
            "oid": "5b58182d-f36e-4e77-b571-e2a109886ee0",
            "type": "string"
        },
        {
            "displayLabel": "Insurance Company",
            "name": "insuranceCompany",
            "oid": "7080245a-0085-4a4c-ae7f-ba31e48b2d6a",
            "type": "string"
        },
        {
            "displayLabel": "Policy Number",
            "name": "policyNumber",
            "oid": "00efc655-a8b4-4cd0-9449-754a6055144f",
            "type": "string"
        },
        {
            "displayLabel": "Patient Date Of Birth",
            "name": "patientDateOfBirth",
            "oid": "763af742-e6b5-4c47-a063-886234442f2b",
            "type": "date"
        },
        {
            "displayLabel": "Insurance Number",
            "name": "insuranceNumber",
            "oid": "bf5056e9-bb3e-454f-bd6a-d6bad59dd222",
            "type": "string"
        },
        {
            "displayLabel": "Print Option",
            "name": "printOption",
            "oid": "091c0e55-95d5-474a-abad-bd433b57375f",
            "type": "string"
        },
        {
            "displayLabel": "Admission Date",
            "name": "admissionDate",
            "oid": "98db4446-87b3-4fb5-a3e1-4f398983e08d",
            "type": "date"
        },
        {
            "displayLabel": "Discharge Date",
            "name": "dischargeDate",
            "oid": "6e38c586-c8e9-45ee-929c-87d9b6050296",
            "type": "date"
        },
        {
            "displayLabel": "PO Number",
            "name": "poNumber",
            "oid": "c4c07f86-d5f0-4fb2-88bd-db73c877dcdd",
            "type": "string"
        },
        {
            "displayLabel": "Other Recharge Reason",
            "name": "otherRechargeReason",
            "oid": "cf85e117-84fb-42d0-b5cd-20df0d16263e",
            "type": "string"
        },
        {
            "displayLabel": "Requestor Name",
            "name": "requestorName",
            "oid": "42167293-ecc8-49f5-b05e-92757a462539",
            "type": "string"
        },
        {
            "displayLabel": "Revenue Dept Approver",
            "name": "revenueDeptApprover",
            "oid": "1b50e801-f66f-4035-8081-91dec6ee5d30",
            "type": "string"
        },
        {
            "displayLabel": "Special Instructions",
            "name": "specialInstructions",
            "oid": "eff303b4-9dec-4886-a69b-e34bd07796c4",
            "type": "string"
        },
        {
            "displayLabel": "Notes To Be Included On Trx",
            "name": "notesToBeIncludedOnTrx",
            "oid": "25764aa3-7f23-45d4-9f53-aaf2bf702fac",
            "type": "string"
        },
        {
            "displayLabel": "Comments To Approver",
            "name": "commentsToApprover",
            "oid": "96377a18-08d6-41c8-a983-7a37728d7989",
            "type": "string"
        },
        {
            "displayLabel": "Invoice Reference",
            "name": "invoiceReference",
            "oid": "eae3caa2-51ff-443f-8654-a0a9551a6a77",
            "type": "string"
        },
        {
            "displayLabel": "Status",
            "name": "status",
            "oid": "47afa3aa-88d6-4355-9109-c9b222ff1364",
            "type": "string"
        },
        {
            "name": "customerRef",
            "oid": "e2a5a729-3c48-4935-af66-886bc43e5f3c",
            "displayLabel": "Customer Ref",
            "type": "reference"
        },
        {
            "name": "transactionTypeRef",
            "oid": "bf3d6f7e-bcfa-4a2b-a14e-1d052efc4b39",
            "displayLabel": "Transaction Type Ref",
            "type": "reference"
        },
        {
            "name": "currentApprover",
            "oid": "bae24669-170f-4577-a4bb-b6ec2c43e40d",
            "displayLabel": "Current Approver",
            "type": "string"
        },
        {
            "name": "customerName",
            "oid": "9665b5fd-e7c1-4462-8d92-9fb85e4e10f5",
            "displayLabel": "Customer Name",
            "type": "string"
        },
        {
            "aggregation": {
                "aggregationFunction": "SUM",
                "aggregationPath": [
                    {
                        "entityId": "InvoiceLine",
                        "mappingFieldId": "invoiceId"
                    }
                ],
                "aggregatedFieldId": "id"
            },
            "name": "transactionTotal",
            "oid": "1b88b6c5-3115-4df1-90f8-8a1cab275138",
            "updatable": false,
            "displayLabel": "Transaction Total",
            "type": "number"
        }
    ],
    "name": "Invoice",
    "oid": "37aebbf1-2da9-4186-9a9d-78241bf41cfe",
    "relationships": [
        {
            "name": "customerRefObject",
            "reverseRelationship": "invoiceCollection",
            "targetEntity": "Customer",
            "type": "outgoing",
            "exposeAccessor": true,
            "mappingField": "customerRef",
            "deleteRule": "restrict"
        },
        {
            "name": "transactionTypeRefObjec",
            "reverseRelationship": "invoiceCollection",
            "targetEntity": "TransactionType",
            "type": "outgoing",
            "exposeAccessor": true,
            "mappingField": "transactionTypeRef",
            "deleteRule": "restrict"
        },
        {
            "name": "invoiceLineCollection",
            "reverseRelationship": "invoiceIdObject",
            "targetEntity": "InvoiceLine",
            "type": "incoming",
            "exposeAccessor": false,
            "displayField": "id"
        },
        {
            "name": "invoiceDistributionColl",
            "reverseRelationship": "invoiceIdObject",
            "targetEntity": "InvoiceDistribution",
            "type": "incoming",
            "exposeAccessor": false,
            "displayField": "id"
        }
    ]
}