{
    "displayLabel": "Intercompany",
    "fields": [
        {
            "displayLabel": "Id",
            "internal": true,
            "key": true,
            "name": "id",
            "oid": "aeebbef7-c18b-4edd-8adf-b76bd1ed6658",
            "required": true,
            "type": "number",
            "unique": true
        },
        {
            "displayLabel": "Created",
            "internal": true,
            "name": "creationDate",
            "oid": "933f785b-faa4-481b-b5ab-6007c23aae48",
            "type": "datetime"
        },
        {
            "displayLabel": "Last Updated",
            "internal": true,
            "name": "lastUpdateDate",
            "oid": "1c597be7-599c-4dcf-8a8d-6abd9b2bf9e2",
            "type": "datetime"
        },
        {
            "displayLabel": "Created By",
            "internal": true,
            "name": "createdBy",
            "oid": "ba88fc23-137e-4839-815e-bf156420edc1",
            "type": "string"
        },
        {
            "displayLabel": "Last Updated By",
            "internal": true,
            "name": "lastUpdatedBy",
            "oid": "617b1102-2877-48fa-b5c9-9ad1d2e495a5",
            "type": "string"
        },
        {
            "displayLabel": "<internal>",
            "hidden": true,
            "internal": true,
            "name": "abcsChangeNumber",
            "oid": "0d00bc0c-91d0-4803-9f26-7a1783a4d151",
            "type": "number"
        },
        {
            "displayLabel": "value",
            "name": "value",
            "oid": "bed22af9-a2df-4500-8b49-fbd277f34883",
            "type": "string",
            "required": true
        }
    ],
    "name": "Intercompany",
    "oid": "f69b29f3-081f-459d-8737-15d1146dc2b8"
}