{
    "openapi": "3.0.0",
    "info": {
        "title": "duplicateInvoice",
        "version": "1.0.0"
    },
    "servers": [
        {
            "url": "https://foizja9l9puedqg-gsttadwdev.adb.uk-london-1.oraclecloudapps.com/ords/admin/arss/xxgstt_arss_invoice_request",
            "description": "Ords Admin Arss Xxgstt Arss Invoice Request",
            "x-vb": {
                "authentication": {
                    "authenticated": {
                        "type": "basic",
                        "credentials": "vb_baaac161-5f5d-4bd1-a288-9bfaf2817985"
                    }
                }
            }
        }
    ],
    "paths": {
        "/duplicate_invoice/{inv_id}/{requestor}": {
            "post": {
                "operationId": "duplicateInvoice",
                "parameters": [
                    {
                        "name": "inv_id",
                        "in": "path",
                        "required": true,
                        "schema": {
                            "type": "string"
                        }
                    },
                    {
                        "name": "requestor",
                        "in": "path",
                        "required": true,
                        "schema": {
                            "type": "string"
                        }
                    }
                ],
                "requestBody": {
                    "content": {
                        "application/json": {}
                    }
                },
                "responses": {},
                "x-vb": {
                    "actionHint": "create"
                }
            }
        }
    }
}