{
    "backends": {
        "vbprocess": {
            "serviceType": "vbprocess",
            "servers": [
                {
                    "url": "vb-catalog://backends.tenant/vbprocess",
                    "description": "Player Target Server",
                    "x-vb": {
                        "headers": {
                            "pcs_mode": "dev"
                        },
                        "authentication": {
                            "authenticated": {
                                "type": "basic",
                                "credentials": "vb_2f92aef9-11be-425a-b377-92f21393c4ca"
                            }
                        }
                    }
                },
                {
                    "url": "vb-catalog://backends.tenant/vbprocess",
                    "description": "Default Target Server",
                    "x-vb": {
                        "authentication": {
                            "authenticated": {
                                "type": "basic",
                                "credentials": "vb_671cf954-ea38-4236-a700-10edbc91ed18"
                            }
                        }
                    }
                }
            ]
        },
        "ics": {
            "serviceType": "ics",
            "headers": {},
            "servers": [
                {
                    "url": "vb-catalog://backends.tenant/ics",
                    "description": "Overridden Integration Server",
                    "x-vb": {
                        "authentication": {
                            "authenticated": {
                                "type": "basic",
                                "credentials": "vb_6dd02341-3ca9-4598-89e5-5bc893f62444"
                            }
                        }
                    }
                }
            ]
        }
    }
}