{
    "fields": [
        {
            "displayLabel": "Id",
            "internal": true,
            "key": true,
            "name": "id",
            "oid": "67bda59c-f8ea-47ee-b10d-7b48e294729c",
            "required": true,
            "type": "number",
            "unique": true
        },
        {
            "displayLabel": "Created",
            "internal": true,
            "name": "creationDate",
            "oid": "cc307b1c-14a8-4f37-8c3b-bfca44fcb10f",
            "type": "datetime"
        },
        {
            "displayLabel": "Last Updated",
            "internal": true,
            "name": "lastUpdateDate",
            "oid": "40d663fd-787c-46a0-874d-3f0aefa92385",
            "type": "datetime"
        },
        {
            "displayLabel": "Created By",
            "internal": true,
            "name": "createdBy",
            "oid": "82cb13c8-07f2-4769-b1a7-ab907c1156c4",
            "type": "string"
        },
        {
            "displayLabel": "Last Updated By",
            "internal": true,
            "name": "lastUpdatedBy",
            "oid": "b42b9d2b-3816-4d36-b852-d60292ff775b",
            "type": "string"
        },
        {
            "displayLabel": "<internal>",
            "hidden": true,
            "internal": true,
            "name": "abcsChangeNumber",
            "oid": "67115e57-a80f-42aa-8924-230f4a92e278",
            "type": "number"
        },
        {
            "name": "memoLine",
            "oid": "f6693e9b-4065-4a41-a6db-1b29dd1acc06",
            "required": true,
            "displayLabel": "memoLine",
            "type": "string"
        },
        {
            "name": "description",
            "oid": "a4d78842-e74b-4396-aa88-9da112f9bcbe",
            "displayLabel": "description",
            "type": "string"
        },
        {
            "name": "quantity",
            "oid": "45a611b1-c132-49b0-8a6f-4984ba64ea69",
            "displayLabel": "quantity",
            "type": "number"
        },
        {
            "name": "unitPrice",
            "oid": "d6abaab8-c99b-4307-b1ba-0da6b18a80f8",
            "displayLabel": "unitPrice",
            "type": "number"
        },
        {
            "name": "taxCode",
            "oid": "d64da78a-cdea-449d-8595-aaf41c3179e7",
            "displayLabel": "taxCode",
            "type": "string"
        },
        {
            "name": "amount",
            "oid": "cba9018d-ca05-4206-a542-58d8f773b225",
            "displayLabel": "amount",
            "type": "number"
        },
        {
            "name": "invoiceReference",
            "oid": "0f96df85-61b6-4115-b78a-5decdc7a2597",
            "displayLabel": "invoiceReference",
            "type": "string"
        },
        {
            "name": "lineNumber",
            "oid": "5bc6f67c-872b-41d9-8288-79e4f02b89c5",
            "displayLabel": "lineNumber",
            "type": "number"
        },
        {
            "name": "invoiceId",
            "oid": "797a4cb5-7691-4b91-9406-e36e68b17b4b",
            "displayLabel": "invoiceId",
            "type": "reference",
            "required": true
        }
    ],
    "name": "InvoiceLine",
    "oid": "58125634-40e7-4205-8fc1-c6990202ee9d",
    "displayLabel": "Invoice Line",
    "relationships": [
        {
            "name": "invoiceIdObject",
            "reverseRelationship": "invoiceLineCollection",
            "targetEntity": "Invoice",
            "type": "outgoing",
            "exposeAccessor": true,
            "mappingField": "invoiceId",
            "deleteRule": "restrict"
        },
        {
            "name": "invoiceDistributionColl",
            "reverseRelationship": "invoiceLineIdObject",
            "targetEntity": "InvoiceDistribution",
            "type": "incoming",
            "exposeAccessor": false,
            "displayField": "id"
        }
    ]
}