{
    "flowModelVersion": "18.4.1",
    "id": "main",
    "description": "Flow main",
    "defaultPage": "main-start",
    "chains": {
        "FetchLineAmount": {
            "root": "callRestEndpoint1",
            "description": "",
            "variables": {},
            "actions": {
                "callRestEndpoint1": {
                    "module": "vb/action/builtin/restAction",
                    "parameters": {
                        "endpoint": "businessObjects/get_InvoiceLine"
                    },
                    "outcomes": {
                        "failure": "fireNotification1"
                    }
                },
                "fireNotification1": {
                    "module": "vb/action/builtin/fireNotificationEventAction",
                    "parameters": {
                        "target": "leaf",
                        "summary": "[[ $chain.results.callRestEndpoint1.message.summary ]]",
                        "type": "error",
                        "displayMode": "persist"
                    }
                }
            }
        }
      },
    "services": {},
    "types": {},
    "variables": {}
}