{
    "displayLabel": "Currency",
    "fields": [
        {
            "displayLabel": "Id",
            "internal": true,
            "key": true,
            "name": "id",
            "oid": "e7456c4c-2d84-47fb-b498-05017a667c84",
            "required": true,
            "type": "number",
            "unique": true
        },
        {
            "displayLabel": "Created",
            "internal": true,
            "name": "creationDate",
            "oid": "72cad7eb-c01a-4666-9a13-ceb259aff325",
            "type": "datetime"
        },
        {
            "displayLabel": "Last Updated",
            "internal": true,
            "name": "lastUpdateDate",
            "oid": "77e2451b-b8db-4ffc-a209-2e1a8639ac4c",
            "type": "datetime"
        },
        {
            "displayLabel": "Created By",
            "internal": true,
            "name": "createdBy",
            "oid": "57256ba5-5e2b-48bb-aa0f-a335bfc319a0",
            "type": "string"
        },
        {
            "displayLabel": "Last Updated By",
            "internal": true,
            "name": "lastUpdatedBy",
            "oid": "bf59fa3c-702d-4317-8e15-78af589fe213",
            "type": "string"
        },
        {
            "displayLabel": "<internal>",
            "hidden": true,
            "internal": true,
            "name": "abcsChangeNumber",
            "oid": "888002ce-2361-44dd-b799-da1fa927570c",
            "type": "number"
        },
        {
            "displayLabel": "name",
            "name": "name",
            "oid": "51f96ffe-6860-48fb-94e5-7ba35d3efd2d",
            "type": "string",
            "required": true
        },
        {
            "displayLabel": "code",
            "name": "code",
            "oid": "6121fa59-23ad-40cb-b950-a1eaec32cf08",
            "type": "string",
            "required": true
        }
    ],
    "name": "Currency",
    "oid": "8b594088-0eab-4f06-a389-2ca08218d6e1"
}