id,creationDate,lastUpdateDate,createdBy,lastUpdatedBy,organizationRef,costCentreRef,subjectiveRef,wgaRef,intercompanyRef,analysisRef,spare1Ref,spare2Ref,invoiceReference,invoiceHeaderId,invoiceLineId,distributionLineNumber,invoiceLineNumber,allocationPercentage,allocationAmount,lineAmount,organization,costCentre,subjective,wGA,intercompany,analysis,spare1,spare2,codeCombination
81,2020-11-21T15:49:36,2020-11-21T15:49:36.059,techtutorsti@gmail.com,techtutorsti@gmail.com,1,1,1,1,1,1,1,1,,41,61,,,100.0,12000.0,12000.0,RJ1,900000,22010,000000,000,000000,000000,000000,
82,2020-11-21T15:50:06,2020-11-21T15:50:06.034,techtutorsti@gmail.com,techtutorsti@gmail.com,1,1,1,1,1,1,1,1,,41,62,,,50.0,24000.0,48000.0,RJ1,900000,22010,000000,000,000000,000000,000000,
83,2020-11-21T15:50:18,2020-11-21T15:50:18.033,techtutorsti@gmail.com,techtutorsti@gmail.com,1,1,2,1,1,1,1,1,,41,62,,,50.0,24000.0,48000.0,RJ1,900000,25700,000000,000,000000,000000,000000,
3000003,2020-11-21T00:00:00,2020-11-21T00:00:00,techtutorsti@gmail.com,techtutorsti@gmail.com,1,1,1,1,1,1,1,1,,1000001,2000002,,,100.0,12000.0,12000.0,RJ1,900000,22010,000000,000,000000,000000,000000,
