{
    "fields": [
        {
            "displayLabel": "Id",
            "internal": true,
            "key": true,
            "name": "id",
            "oid": "65455a43-7f49-49d0-8132-839174b90da5",
            "required": true,
            "type": "number",
            "unique": true
        },
        {
            "displayLabel": "Created",
            "internal": true,
            "name": "creationDate",
            "oid": "471365a0-3a53-4319-856a-456fadbdf9ac",
            "type": "datetime"
        },
        {
            "displayLabel": "Last Updated",
            "internal": true,
            "name": "lastUpdateDate",
            "oid": "506a1ea6-f794-492f-b6e5-6d3433099df8",
            "type": "datetime"
        },
        {
            "displayLabel": "Created By",
            "internal": true,
            "name": "createdBy",
            "oid": "94f49af7-8f92-4b3b-a1a6-e284082918d0",
            "type": "string"
        },
        {
            "displayLabel": "Last Updated By",
            "internal": true,
            "name": "lastUpdatedBy",
            "oid": "48e86880-7b90-42da-b380-c02c2d102993",
            "type": "string"
        },
        {
            "displayLabel": "<internal>",
            "hidden": true,
            "internal": true,
            "name": "abcsChangeNumber",
            "oid": "9720d613-c3f6-4a21-b10d-79ad70b76f2f",
            "type": "number"
        },
        {
            "name": "organizationRef",
            "oid": "31b5c78a-9ba6-4b66-9aae-bae170fe68bf",
            "displayLabel": "Organization Ref",
            "type": "reference"
        },
        {
            "name": "costCentreRef",
            "oid": "0ec80444-0e60-41a6-9896-4cae46d0112b",
            "displayLabel": "Cost Centre Ref",
            "type": "reference"
        },
        {
            "name": "subjectiveRef",
            "oid": "fc34ae83-ca48-4f2e-a401-aa7fc1371fb0",
            "displayLabel": "Subjective Ref",
            "type": "reference"
        },
        {
            "name": "wgaRef",
            "oid": "9969a8b1-fb7e-4e45-97ce-c437c03a21f9",
            "displayLabel": "WGA Ref",
            "type": "reference"
        },
        {
            "name": "intercompanyRef",
            "oid": "06a075bd-e184-4944-b3b2-92a0da903189",
            "displayLabel": "Intercompany Ref",
            "type": "reference"
        },
        {
            "name": "analysisRef",
            "oid": "1598b216-8ee8-4c25-a77e-ac006183e195",
            "displayLabel": "Analysis Ref",
            "type": "reference"
        },
        {
            "name": "spare1Ref",
            "oid": "fe68c89c-4b34-4e40-a2ed-53df6b9bed2a",
            "displayLabel": "Spare1 Ref",
            "type": "reference"
        },
        {
            "name": "spare2Ref",
            "oid": "e696a0fc-922a-48d2-b1ee-173616ab9f6f",
            "displayLabel": "Spare2 Ref",
            "type": "reference"
        },
        {
            "name": "invoiceReference",
            "oid": "3f32a20d-18d6-4728-8fe8-5102788fe296",
            "displayLabel": "Invoice Reference",
            "type": "string"
        },
        {
            "name": "invoiceHeaderId",
            "oid": "45c5d05f-4d7f-402f-b1db-e7e9e579f535",
            "displayLabel": "Invoice Header Id",
            "type": "reference"
        },
        {
            "name": "invoiceLineId",
            "oid": "b1699d3e-55ed-4a2c-90cc-985a1d25eef9",
            "displayLabel": "Invoice Line Id",
            "type": "reference"
        },
        {
            "name": "distributionLineNumber",
            "oid": "7dc05111-4758-4b46-9bf3-559ab675d007",
            "displayLabel": "Distribution Line Number",
            "type": "number"
        },
        {
            "name": "invoiceLineNumber",
            "oid": "16f4133b-4f14-41cf-a476-b086b1477191",
            "displayLabel": "Invoice Line Number",
            "type": "number"
        },
        {
            "name": "allocationPercentage",
            "oid": "db0c7ed6-17a7-4205-8030-aad393496d1f",
            "displayLabel": "Allocation Percentage",
            "type": "number",
            "scale": 2
        },
        {
            "name": "allocationAmount",
            "oid": "b20a7566-2c5e-42a5-b7dd-013f1abf1617",
            "displayLabel": "Allocation Amount",
            "type": "number",
            "scale": 2
        },
        {
            "name": "lineAmount",
            "oid": "c059e1c7-278b-4ed2-acbe-5f0334f2d7cb",
            "displayLabel": "Line Amount",
            "type": "number",
            "scale": 2
        },
        {
            "name": "organization",
            "oid": "7354d90d-f9ad-49af-bdcf-a77df574dea9",
            "displayLabel": "Organization",
            "type": "string"
        },
        {
            "name": "costCentre",
            "oid": "932b568b-d6bc-41bd-9e5f-fcf9c7444527",
            "displayLabel": "Cost Centre",
            "type": "string"
        },
        {
            "name": "subjective",
            "oid": "e0642915-44e4-4912-aedf-14d046c47de1",
            "displayLabel": "Subjective",
            "type": "string"
        },
        {
            "name": "wGA",
            "oid": "1226e1f8-e027-49ad-838a-ed54ab941aaf",
            "displayLabel": "WGA",
            "type": "string"
        },
        {
            "name": "intercompany",
            "oid": "cf1a3495-770c-4b5f-b163-905275b03237",
            "displayLabel": "Intercompany",
            "type": "string"
        },
        {
            "name": "analysis",
            "oid": "b0df55c9-37be-467e-acc1-1c618055ffdf",
            "displayLabel": "Analysis",
            "type": "string"
        },
        {
            "name": "spare1",
            "oid": "06d6e5af-7242-49b7-be21-0be7a8125c04",
            "displayLabel": "Spare1",
            "type": "string"
        },
        {
            "name": "spare2",
            "oid": "50c2b6dd-3c29-448a-8363-64d5cb52b639",
            "displayLabel": "Spare2",
            "type": "string"
        },
        {
            "name": "codeCombination",
            "oid": "69c53232-024b-4e5b-9fec-ff06068564de",
            "displayLabel": "Code Combination",
            "type": "string"
        }
    ],
    "name": "InvoiceDistribution",
    "oid": "fc7c1218-614f-4f2b-a5f7-29c0cf43c20c",
    "displayLabel": "Invoice Distribution",
    "relationships": [
        {
            "name": "organizationRefObject",
            "reverseRelationship": "invoiceDistributionColl",
            "targetEntity": "Organization",
            "type": "outgoing",
            "exposeAccessor": true,
            "mappingField": "organizationRef",
            "deleteRule": "restrict"
        },
        {
            "name": "costCentreRefObject",
            "reverseRelationship": "invoiceDistributionColl",
            "targetEntity": "CostCentre",
            "type": "outgoing",
            "exposeAccessor": true,
            "mappingField": "costCentreRef",
            "deleteRule": "restrict"
        },
        {
            "name": "subjectiveRefObject",
            "reverseRelationship": "invoiceDistributionColl",
            "targetEntity": "Subjective",
            "type": "outgoing",
            "exposeAccessor": true,
            "mappingField": "subjectiveRef",
            "deleteRule": "restrict"
        },
        {
            "name": "wgaRefObject",
            "reverseRelationship": "invoiceDistributionColl",
            "targetEntity": "WGA",
            "type": "outgoing",
            "exposeAccessor": true,
            "mappingField": "wgaRef",
            "deleteRule": "restrict"
        },
        {
            "name": "intercompanyRefObject",
            "reverseRelationship": "invoiceDistributionColl",
            "targetEntity": "Intercompany",
            "type": "outgoing",
            "exposeAccessor": true,
            "mappingField": "intercompanyRef",
            "deleteRule": "restrict"
        },
        {
            "name": "analysisRefObject",
            "reverseRelationship": "invoiceDistributionColl",
            "targetEntity": "Analysis",
            "type": "outgoing",
            "exposeAccessor": true,
            "mappingField": "analysisRef",
            "deleteRule": "restrict"
        },
        {
            "name": "spare1RefObject",
            "reverseRelationship": "invoiceDistributionColl",
            "targetEntity": "Spare1",
            "type": "outgoing",
            "exposeAccessor": true,
            "mappingField": "spare1Ref",
            "deleteRule": "restrict"
        },
        {
            "name": "spare2RefObject",
            "reverseRelationship": "invoiceDistributionColl",
            "targetEntity": "Spare2",
            "type": "outgoing",
            "exposeAccessor": true,
            "mappingField": "spare2Ref",
            "deleteRule": "restrict"
        },
        {
            "name": "invoiceHeaderIdObject",
            "reverseRelationship": "invoiceDistributionColl",
            "targetEntity": "InvoiceHeader",
            "type": "outgoing",
            "exposeAccessor": true,
            "mappingField": "invoiceHeaderId",
            "deleteRule": "restrict"
        },
        {
            "name": "invoiceLineIdObject",
            "reverseRelationship": "invoiceDistributionColl",
            "targetEntity": "InvoiceLine",
            "type": "outgoing",
            "exposeAccessor": true,
            "mappingField": "invoiceLineId",
            "deleteRule": "cascade"
        }
    ]
}