{
    "fields": [
        {
            "displayLabel": "Id",
            "internal": true,
            "key": true,
            "name": "id",
            "oid": "8462e2b8-781e-4f73-9166-4dea1e30a88a",
            "required": true,
            "type": "number",
            "unique": true
        },
        {
            "displayLabel": "Created",
            "internal": true,
            "name": "creationDate",
            "oid": "b5663684-8916-4877-9093-2004af55a8bf",
            "type": "datetime"
        },
        {
            "displayLabel": "Last Updated",
            "internal": true,
            "name": "lastUpdateDate",
            "oid": "b3cb8078-2819-4ef5-ac15-2c2c3492e20b",
            "type": "datetime"
        },
        {
            "displayLabel": "Created By",
            "internal": true,
            "name": "createdBy",
            "oid": "ff1364bf-5577-44b8-bb2b-af93d66d59a3",
            "type": "string"
        },
        {
            "displayLabel": "Last Updated By",
            "internal": true,
            "name": "lastUpdatedBy",
            "oid": "768b1a46-a591-47c9-b1e2-9aec19c1e170",
            "type": "string"
        },
        {
            "displayLabel": "<internal>",
            "hidden": true,
            "internal": true,
            "name": "abcsChangeNumber",
            "oid": "1f21c754-5413-4880-9008-ae97c9d58dfe",
            "type": "number"
        },
        {
            "name": "name",
            "oid": "39a75090-8520-4d93-8479-78812d3edb04",
            "displayLabel": "Name",
            "type": "string",
            "required": true
        },
        {
            "name": "code",
            "oid": "03e26b49-2e64-488b-bed5-e43df3661bcc",
            "displayLabel": "Code",
            "type": "string",
            "required": true
        }
    ],
    "name": "Currency",
    "oid": "98b3eb6f-408c-45ef-8d78-e0866ba8d05c",
    "displayLabel": "Currency",
    "relationships": [
        {
            "name": "invoiceHeaderCollection",
            "reverseRelationship": "currencyObject",
            "targetEntity": "InvoiceHeader",
            "type": "incoming",
            "exposeAccessor": false,
            "displayField": "code"
        }
    ]
}