{
    "items": [
        {
            "id": 221,
            "description": "00ANTILEPILEPTIC Desc",
            "quantity": 1,
            "unitprice": 150,
            "taxcode": "STANDARD",
            "distributionamount": 150,
            "organization": "RJ1",
            "costcentre": "900000",
            "subjective": "22010",
            "wga": "000000",
            "intercompany": "000",
            "analysis": "000000",
            "spare1": "000000",
            "spare2": "000000",
            "createdby": "shiva.yarlagadda89@gmail.com",
            "creationdate": "04.12.2020",
            "lastupdatedby": "shiva.yarlagadda89@gmail.com",
            "lastupdatedate": "04.12.2020"
        }
    ],
    "hasMore": false,
    "limit": 0,
    "offset": 0,
    "count": 1,
    "links": [
        {
            "rel": "self",
            "href": "https://foizja9l9puedqg-gsttadwdev.adb.uk-london-1.oraclecloudapps.com/ords/arss/xxgstt_arss_invoice_request/get_invoice_line_dist/222"
        },
        {
            "rel": "describedby",
            "href": "https://foizja9l9puedqg-gsttadwdev.adb.uk-london-1.oraclecloudapps.com/ords/arss/metadata-catalog/xxgstt_arss_invoice_request/get_invoice_line_dist/item"
        }
    ]
}