{
    "displayLabel": "Invoice",
    "fields": [
        {
            "displayLabel": "Id",
            "internal": true,
            "key": true,
            "name": "id",
            "oid": "c9552a3d-9f91-4dcf-8789-384d1c5e715d",
            "required": true,
            "type": "number",
            "unique": true
        },
        {
            "displayLabel": "Created",
            "internal": true,
            "name": "creationDate",
            "oid": "b24c10cf-1e25-4823-a5f0-06772c80edea",
            "type": "datetime"
        },
        {
            "displayLabel": "Last Updated",
            "internal": true,
            "name": "lastUpdateDate",
            "oid": "ba2405ef-8f3f-4654-89e6-7eb5bc3cb727",
            "type": "datetime"
        },
        {
            "displayLabel": "Created By",
            "internal": true,
            "name": "createdBy",
            "oid": "68b3ad62-6a79-4361-993f-b23ba9c585f4",
            "type": "string"
        },
        {
            "displayLabel": "Last Updated By",
            "internal": true,
            "name": "lastUpdatedBy",
            "oid": "dbf93a63-5926-48c8-b0a6-ef5858ddbe68",
            "type": "string"
        },
        {
            "displayLabel": "<internal>",
            "hidden": true,
            "internal": true,
            "name": "abcsChangeNumber",
            "oid": "6b773be1-b5e4-42ff-b435-99e3c69c43e8",
            "type": "number"
        },
        {
            "displayLabel": "Bill To Customer Number",
            "name": "BillToCustomerNumber",
            "oid": "1e7e3f4d-2e26-4403-af8b-2ca6aa5e181a",
            "type": "string"
        },
        {
            "displayLabel": "Business Unit",
            "name": "BusinessUnit",
            "oid": "c14a9940-8e1c-453d-a0e0-1cf7cb280a34",
            "type": "string"
        },
        {
            "displayLabel": "Internal Currency Code",
            "name": "InternalCurrencyCode",
            "oid": "c336ed63-2b9f-45ad-8423-84e5ef67063f",
            "type": "string"
        },
        {
            "displayLabel": "Payment Terms",
            "name": "PaymentTerms",
            "oid": "694ae776-2be1-4769-a77d-b99964ab8481",
            "type": "string"
        },
        {
            "displayLabel": "Transaction Date",
            "name": "TransactionDate",
            "oid": "b93d34f9-a3e7-4d53-ad93-e3da79958a3f",
            "type": "date"
        },
        {
            "displayLabel": "Transaction Source",
            "name": "TransactionSource",
            "oid": "ada545d5-775a-4a24-9776-a8b15c97533b",
            "type": "string"
        },
        {
            "displayLabel": "Transaction Type",
            "name": "TransactionType",
            "oid": "e5b86def-4aa6-431e-9474-f403666cf34a",
            "type": "string"
        },
        {
            "displayLabel": "Total Amount",
            "name": "totalAmount",
            "oid": "0bd0ae0c-e250-4d98-8c6a-6deb99dfad7d",
            "type": "number",
            "aggregation": {
                "aggregationFunction": "SUM",
                "aggregationPath": [
                    {
                        "entityId": "ReceivablesInvoiceLine",
                        "mappingFieldId": "invoice"
                    }
                ],
                "aggregatedFieldId": "lineTotal"
            },
            "updatable": false
        },
        {
            "displayLabel": "Discounted Amount",
            "name": "discountedAmount",
            "oid": "9c7e361b-7dd7-43d8-9132-7524104ba991",
            "type": "number",
            "formula": {
                "server": {
                    "type": "groovy",
                    "value": "totalAmount * (1-discount)"
                }
            },
            "updatable": false
        },
        {
            "displayLabel": "Discount",
            "name": "discount",
            "oid": "fce9d44a-58fd-47c3-9e31-5d15731e58bd",
            "type": "number",
            "format": "percentage"
        },
        {
            "name": "customer",
            "oid": "1da088e0-7c36-46be-b984-84426aff2849",
            "required": true,
            "displayLabel": "Customer",
            "type": "reference"
        },
        {
            "name": "status",
            "oid": "b9e55af7-6c86-4781-a241-0ac79bce330b",
            "displayLabel": "Status",
            "type": "string"
        }
    ],
    "name": "Invoice",
    "oid": "444bc6fa-51d0-4035-b9c8-a4c32107f3db",
    "relationships": [
        {
            "displayField": "id",
            "exposeAccessor": false,
            "name": "receivablesInvoiceLineC",
            "reverseRelationship": "invoiceObject",
            "targetEntity": "ReceivablesInvoiceLine",
            "type": "incoming"
        },
        {
            "name": "customerObject",
            "reverseRelationship": "invoiceCollection",
            "targetEntity": "Customer",
            "type": "outgoing",
            "mappingField": "customer",
            "deleteRule": "restrict",
            "exposeAccessor": true
        }
    ]
}