{
    "items": [
        {
            "id": 1,
            "creationdate": "2020-11-19T16:47:01Z",
            "lastupdatedate": "2020-11-19T16:47:01.013Z",
            "createdby": "techtutorsti@gmail.com",
            "lastupdatedby": "techtutorsti@gmail.com",
            "abcschangenumber": 1,
            "requestor": "techtutorsti@gmail.com",
            "revenuedeptapprover": "techtutorsti@gmail.com",
            "incomesysteamapprover": "techtutorsti@gmail.com",
            "financedirectorapprover": "techtutorsti@gmail.com"
        }
    ],
    "hasMore": false,
    "limit": 0,
    "offset": 0,
    "count": 1,
    "links": [
        {
            "rel": "self",
            "href": "https://foizja9l9puedqg-gsttadwdev.adb.uk-london-1.oraclecloudapps.com/ords/admin/arss/xxgstt_arss_invoice_request/get_approvers/techtutorsti@gmail.com"
        },
        {
            "rel": "describedby",
            "href": "https://foizja9l9puedqg-gsttadwdev.adb.uk-london-1.oraclecloudapps.com/ords/admin/metadata-catalog/arss/xxgstt_arss_invoice_request/get_approvers/item"
        }
    ]
}