{
    "fields": [
        {
            "displayLabel": "Id",
            "internal": true,
            "key": true,
            "name": "id",
            "oid": "1df9d375-446e-4338-9cd2-06c106e9ff7f",
            "required": true,
            "type": "number",
            "unique": true
        },
        {
            "displayLabel": "Created",
            "internal": true,
            "name": "creationDate",
            "oid": "5c884fb9-73da-4c79-be4a-14eadeca0502",
            "type": "datetime"
        },
        {
            "displayLabel": "Last Updated",
            "internal": true,
            "name": "lastUpdateDate",
            "oid": "83e20319-9ebf-457c-920a-fddb2eea074c",
            "type": "datetime"
        },
        {
            "displayLabel": "Created By",
            "internal": true,
            "name": "createdBy",
            "oid": "4aee67fe-664c-4380-aab0-ec66e8cafa56",
            "type": "string"
        },
        {
            "displayLabel": "Last Updated By",
            "internal": true,
            "name": "lastUpdatedBy",
            "oid": "95653c44-aa3f-4839-bdf6-c45e9595457b",
            "type": "string"
        },
        {
            "displayLabel": "<internal>",
            "hidden": true,
            "internal": true,
            "name": "abcsChangeNumber",
            "oid": "6df40d40-80b1-48b8-b299-c4e4e8a9da5a",
            "type": "number"
        },
        {
            "name": "value",
            "oid": "a6800d2f-9876-4edc-8aef-0b36e2174c1b",
            "displayLabel": "Value",
            "type": "string"
        }
    ],
    "name": "PrintOption",
    "oid": "647146bd-e3b6-4157-8eb0-19eddbf37257",
    "displayLabel": "Print Option",
    "relationships": [
        {
            "name": "invoiceHeaderCollection",
            "reverseRelationship": "printOptionObject",
            "targetEntity": "InvoiceHeader",
            "type": "incoming",
            "exposeAccessor": false,
            "displayField": "value"
        }
    ]
}