{
    "displayLabel": "Subjective",
    "fields": [
        {
            "displayLabel": "Id",
            "internal": true,
            "key": true,
            "name": "id",
            "oid": "80412e30-ff5c-426f-bd91-64ca6ea611e3",
            "required": true,
            "type": "number",
            "unique": true
        },
        {
            "displayLabel": "Created",
            "internal": true,
            "name": "creationDate",
            "oid": "e307be78-bfff-47a5-8cbf-c8339fa0520d",
            "type": "datetime"
        },
        {
            "displayLabel": "Last Updated",
            "internal": true,
            "name": "lastUpdateDate",
            "oid": "48c69b4c-949d-411d-a2e7-e23deaaea103",
            "type": "datetime"
        },
        {
            "displayLabel": "Created By",
            "internal": true,
            "name": "createdBy",
            "oid": "efe01070-e9ea-4f02-b016-99f5dedc4c16",
            "type": "string"
        },
        {
            "displayLabel": "Last Updated By",
            "internal": true,
            "name": "lastUpdatedBy",
            "oid": "470c1e0f-2d11-4598-b67a-2116325f41ce",
            "type": "string"
        },
        {
            "displayLabel": "<internal>",
            "hidden": true,
            "internal": true,
            "name": "abcsChangeNumber",
            "oid": "6649ee07-fdbe-4132-a311-b663e9a4310a",
            "type": "number"
        },
        {
            "displayLabel": "value",
            "name": "value",
            "oid": "5432476a-69ec-480c-891c-9950c7af6fa7",
            "type": "string",
            "required": true
        }
    ],
    "name": "Subjective",
    "oid": "09de3a76-8e74-422b-9138-1cdf856ca3c9"
}