{
    "displayLabel": "TaxCode",
    "fields": [
        {
            "displayLabel": "Id",
            "internal": true,
            "key": true,
            "name": "id",
            "oid": "582f829b-b013-4f5c-a261-29d62892c3cf",
            "required": true,
            "type": "number",
            "unique": true
        },
        {
            "displayLabel": "Created",
            "internal": true,
            "name": "creationDate",
            "oid": "3eb63d26-fd59-4f89-aee7-e4eb66698d5b",
            "type": "datetime"
        },
        {
            "displayLabel": "Last Updated",
            "internal": true,
            "name": "lastUpdateDate",
            "oid": "37826928-24ab-4292-977c-2f14b3344577",
            "type": "datetime"
        },
        {
            "displayLabel": "Created By",
            "internal": true,
            "name": "createdBy",
            "oid": "9d9a1ae0-1a18-4710-a07b-d2bcf13da783",
            "type": "string"
        },
        {
            "displayLabel": "Last Updated By",
            "internal": true,
            "name": "lastUpdatedBy",
            "oid": "2ab5c7cf-3bd9-4551-b453-3665f232c922",
            "type": "string"
        },
        {
            "displayLabel": "<internal>",
            "hidden": true,
            "internal": true,
            "name": "abcsChangeNumber",
            "oid": "f2dd0526-c98e-4b59-a9a4-683dfdc7c681",
            "type": "number"
        },
        {
            "displayLabel": "name",
            "name": "name",
            "oid": "dda79ea9-d8ec-49b2-81ab-00c0db999469",
            "type": "string",
            "required": true
        },
        {
            "displayLabel": "rate",
            "name": "rate",
            "oid": "1678cd1b-8f64-42fa-bc2a-30b31853d238",
            "type": "number",
            "required": true
        }
    ],
    "name": "TaxCode",
    "oid": "008923c9-ea01-45f4-a757-d33d1a33cc1e"
}