{
    "fields": [
        {
            "displayLabel": "Id",
            "internal": true,
            "key": true,
            "name": "id",
            "oid": "c66eee5e-b598-4001-989e-364ea384db0a",
            "required": true,
            "type": "number",
            "unique": true
        },
        {
            "displayLabel": "Created",
            "internal": true,
            "name": "creationDate",
            "oid": "49331adf-0ffa-4c5b-aaa1-ce39c240d4b4",
            "type": "datetime"
        },
        {
            "displayLabel": "Last Updated",
            "internal": true,
            "name": "lastUpdateDate",
            "oid": "e7df34c3-0e1c-40cb-a763-53954ed55bbd",
            "type": "datetime"
        },
        {
            "displayLabel": "Created By",
            "internal": true,
            "name": "createdBy",
            "oid": "d065c1cb-4023-4d86-a6e1-a7dbf12a04c6",
            "type": "string"
        },
        {
            "displayLabel": "Last Updated By",
            "internal": true,
            "name": "lastUpdatedBy",
            "oid": "82b576d7-c44a-4cde-bc06-5b6e2e3ffacc",
            "type": "string"
        },
        {
            "displayLabel": "<internal>",
            "hidden": true,
            "internal": true,
            "name": "abcsChangeNumber",
            "oid": "b68402b8-aa3e-410f-8b47-24e92a23fe9d",
            "type": "number"
        },
        {
            "name": "value",
            "oid": "4c6eed25-b495-43e1-95be-1bcf5c8eed00",
            "displayLabel": "Value",
            "type": "string"
        }
    ],
    "name": "Spare2",
    "oid": "ec0e517c-3d82-459b-acbd-b0712e7baa7d",
    "displayLabel": "Spare2",
    "relationships": [
        {
            "name": "invoiceDistributionColl",
            "reverseRelationship": "spare2RefObject",
            "targetEntity": "InvoiceDistribution",
            "type": "incoming",
            "exposeAccessor": false,
            "displayField": "value"
        }
    ]
}