{
    "openapi": "3.0.0",
    "info": {
        "title": "update_transaction_total",
        "version": "1.0.0"
    },
    "servers": [
        {
            "url": "https://foizja9l9puedqg-gsttadwdev.adb.uk-london-1.oraclecloudapps.com/ords/arss/xxgstt_arss_invoice_request",
            "description": "update_transaction_total"
        }
    ],
    "paths": {
        "/update_transaction_total/{inv_id}": {
            "get": {
                "operationId": "update_transaction_total",
                "parameters": [
                    {
                        "name": "inv_id",
                        "in": "path",
                        "required": true,
                        "schema": {
                            "type": "string"
                        }
                    }
                ],
                "responses": {},
                "x-vb": {
                    "actionHint": "getOne"
                }
            }
        }
    }
}