id,creationDate,lastUpdateDate,createdBy,lastUpdatedBy,organizationRef,costCentreRef,subjectiveRef,wgaRef,intercompanyRef,analysisRef,spare1Ref,spare2Ref,invoiceReference,invoiceHeaderId,invoiceLineId,distributionLineNumber,invoiceLineNumber,allocationPercentage,allocationAmount,lineAmount,organization,costCentre,subjective,wGA,intercompany,analysis,spare1,spare2,codeCombination
101,2020-11-22T12:54:57,2020-11-22T12:54:57.055,techtutorsti@gmail.com,techtutorsti@gmail.com,1,1,1,1,1,1,1,1,,62,83,,,100.0,100.0,100.0,RJ1,900000,22010,000000,000,000000,000000,000000,
121,2020-11-23T10:14:44,2020-11-23T10:14:44.042,techtutorsti@gmail.com,techtutorsti@gmail.com,1,1,1,1,1,1,1,1,,81,101,,,100.0,1000.0,1000.0,RJ1,900000,22010,000000,000,000000,000000,000000,
242,2020-11-30T11:31:51,2020-11-30T11:31:51.035,shiva.yarlagadda89@gmail.com,shiva.yarlagadda89@gmail.com,1,1,1,1,1,1,1,1,,162,181,,,100.0,100.0,100.0,RJ1,900000,22010,000000,000,000000,000000,000000,
261,2020-12-02T06:54:01,2020-12-02T06:54:01.112,shiva.yarlagadda89@gmail.com,shiva.yarlagadda89@gmail.com,1,1,1,1,1,1,1,1,,201,202,,,100.0,100.0,100.0,RJ1,900000,22010,000000,000,000000,000000,000000,
3000008,2020-11-25T00:00:00,2020-11-25T00:00:00,techtutorsti@gmail.com,techtutorsti@gmail.com,1,1,1,1,1,1,1,1,,1000004,2000006,,,100.0,100.0,100.0,RJ1,900000,22010,000000,000,000000,000000,000000,
3000010,2020-11-25T00:00:00,2020-11-25T00:00:00,techtutorsti@gmail.com,techtutorsti@gmail.com,1,1,1,1,1,1,1,1,,1000006,2000008,,,100.0,100.0,100.0,RJ1,900000,22010,000000,000,000000,000000,000000,
3000012,2020-12-02T00:00:00,2020-12-02T00:00:00,shiva.yarlagadda89@gmail.com,shiva.yarlagadda89@gmail.com,1,1,1,1,1,1,1,1,,1000008,2000010,,,100.0,100.0,100.0,RJ1,900000,22010,000000,000,000000,000000,000000,
