{
    "fields": [
        {
            "displayLabel": "Id",
            "internal": true,
            "key": true,
            "name": "id",
            "oid": "5e2221a2-19f8-4ad9-9b65-9643e1a9560b",
            "required": true,
            "type": "number",
            "unique": true
        },
        {
            "displayLabel": "Created",
            "internal": true,
            "name": "creationDate",
            "oid": "dd68ab7b-4b4b-40bf-96d1-b53284f36cf1",
            "type": "datetime"
        },
        {
            "displayLabel": "Last Updated",
            "internal": true,
            "name": "lastUpdateDate",
            "oid": "457296ea-4164-430f-9c28-3d7aa6929be4",
            "type": "datetime"
        },
        {
            "displayLabel": "Created By",
            "internal": true,
            "name": "createdBy",
            "oid": "d9e4cdc2-21a6-49e1-979d-9ea877f12c7c",
            "type": "string"
        },
        {
            "displayLabel": "Last Updated By",
            "internal": true,
            "name": "lastUpdatedBy",
            "oid": "aee013e6-85a6-4d0e-82c5-542eab3e999b",
            "type": "string"
        },
        {
            "displayLabel": "<internal>",
            "hidden": true,
            "internal": true,
            "name": "abcsChangeNumber",
            "oid": "0efc1fdf-bc45-4652-8160-37642912f5b6",
            "type": "number"
        },
        {
            "name": "memoLine",
            "oid": "1bfc86c7-352b-4203-b5f7-807fe9ddad89",
            "displayLabel": "Memo Line",
            "type": "reference"
        },
        {
            "name": "description",
            "oid": "b3f083a2-0640-4d3d-a338-86cd6591be43",
            "displayLabel": "Description",
            "type": "string"
        },
        {
            "name": "quantity",
            "oid": "c59b3862-40c3-4c70-bb23-d78cfb766382",
            "displayLabel": "Quantity",
            "type": "number"
        },
        {
            "name": "unitPrice",
            "oid": "9e3bfdb7-b230-4203-96a4-f0ff68291248",
            "displayLabel": "Unit Price",
            "type": "number"
        },
        {
            "name": "taxCode",
            "oid": "4bfcae8e-ac7f-4a9a-8a7f-ddb109847e2f",
            "displayLabel": "Tax Code",
            "type": "reference"
        },
        {
            "name": "amount",
            "oid": "bc66fed0-dc82-48d4-b46e-1b3eb8f2e7b6",
            "displayLabel": "Amount",
            "type": "number"
        },
        {
            "name": "invoiceReference",
            "oid": "22ada314-acaf-4ad9-9caa-08e3a41d9ee8",
            "displayLabel": "Invoice Reference",
            "type": "reference"
        },
        {
            "name": "lineNumber",
            "oid": "b866eb60-ab90-4708-90c9-b7a0a6e6acfb",
            "displayLabel": "Line Number",
            "type": "number"
        },
        {
            "name": "invoiceHeaderId",
            "oid": "b73e1410-bfd2-4e6e-acf9-db2a98f79b88",
            "displayLabel": "invoiceHeaderId",
            "type": "reference"
        }
    ],
    "name": "InvoiceLine",
    "oid": "6178e823-2a9f-4cd2-a912-d8a5c4a21a15",
    "displayLabel": "Invoice Line",
    "relationships": [
        {
            "name": "memoLineObject",
            "reverseRelationship": "invoiceLineCollection",
            "targetEntity": "MemoLine",
            "type": "outgoing",
            "exposeAccessor": true,
            "mappingField": "memoLine",
            "deleteRule": "restrict"
        },
        {
            "name": "taxCodeObject",
            "reverseRelationship": "invoiceLineCollection",
            "targetEntity": "TaxCode",
            "type": "outgoing",
            "exposeAccessor": true,
            "mappingField": "taxCode",
            "deleteRule": "restrict"
        },
        {
            "name": "invoiceReferenceObject",
            "reverseRelationship": "invoiceLineCollection",
            "targetEntity": "InvoiceHeader",
            "type": "outgoing",
            "exposeAccessor": true,
            "mappingField": "invoiceReference",
            "deleteRule": "restrict"
        },
        {
            "name": "invoiceDistributionColl",
            "reverseRelationship": "invoiceLineNumberObject",
            "targetEntity": "InvoiceDistribution",
            "type": "incoming",
            "exposeAccessor": false,
            "displayField": "lineNumber"
        },
        {
            "name": "invoiceHeaderIdObject",
            "reverseRelationship": "invoiceLineCollection2",
            "targetEntity": "InvoiceHeader",
            "type": "outgoing",
            "exposeAccessor": true,
            "mappingField": "invoiceHeaderId",
            "deleteRule": "restrict"
        }
    ]
}