{
  "pageModelVersion": "19.4.3",
  "title": "Edit Line",
  "description": "Updates single InvoiceLine record",
  "variables": {
    "invoiceLine": {
      "type": "page:getInvoiceLineResponse"
    },
    "invoiceLineId": {
      "type": "string",
      "required": true,
      "input": "fromUrl"
    },
    "invoiceLineETag": {
      "type": "string"
    },
    "taxCodeListSDP": {
      "type": "vb/ServiceDataProvider",
      "defaultValue": {
        "endpoint": "businessObjects/getall_TaxCode",
        "idAttribute": "id",
        "itemsPath": "items",
        "responseType": "page:getallTaxCodeResponse",
        "uriParameters": {}
      }
    },
    "memoLineListSDP": {
      "type": "vb/ServiceDataProvider",
      "defaultValue": {
        "endpoint": "businessObjects/getall_MemoLine",
        "idAttribute": "id",
        "itemsPath": "items",
        "responseType": "page:getallMemoLineResponse",
        "uriParameters": {}
      }
    },
    "invoiceHeaderListSDP": {
      "type": "vb/ServiceDataProvider",
      "defaultValue": {
        "endpoint": "businessObjects/getall_InvoiceHeader",
        "idAttribute": "id",
        "itemsPath": "items",
        "responseType": "page:getallInvoiceHeaderResponse",
        "uriParameters": {}
      }
    },
    "invoiceDistributionListSDP": {
      "type": "vb/ServiceDataProvider",
      "defaultValue": {
        "endpoint": "businessObjects/getall_InvoiceDistribution",
        "idAttribute": "id",
        "itemsPath": "items",
        "responseType": "page:getallInvoiceDistributionResponse2"
      }
    }
  },
  "metadata": {},
  "types": {
    "getInvoiceLineResponse": {
      "amount": "number",
      "description": "string",
      "invoiceHeaderId": "number",
      "memoLine": "number",
      "quantity": "number",
      "taxCode": "number",
      "unitPrice": "number"
    },
    "@decorators.getInvoiceLineResponse": {
      "endpoint": "get_InvoiceLine",
      "service": "businessObjects",
      "path": "response"
    },
    "businessObjectsServiceErrorResponseType": {
      "body": {
        "status": "string",
        "title": "string",
        "o:errorDetails": [
          {
            "detail": "string",
            "o:errorCode": "string"
          }
        ]
      },
      "status": "number"
    },
    "getallTaxCodeResponse": {
      "items": [
        {
          "id": "number",
          "name": "string"
        }
      ]
    },
    "@decorators.getallTaxCodeResponse": {
      "endpoint": "getall_TaxCode",
      "service": "businessObjects",
      "path": "response"
    },
    "getallMemoLineResponse": {
      "items": [
        {
          "id": "number",
          "name": "string"
        }
      ]
    },
    "@decorators.getallMemoLineResponse": {
      "endpoint": "getall_MemoLine",
      "service": "businessObjects",
      "path": "response"
    },
    "getallInvoiceHeaderResponse": {
      "items": [
        {
          "id": "number"
        }
      ]
    },
    "@decorators.getallInvoiceHeaderResponse": {
      "endpoint": "getall_InvoiceHeader",
      "service": "businessObjects",
      "path": "response"
    },
    "getallInvoiceDistributionResponse": {
      "items": [
        {
          "allocationAmount": "number",
          "allocationPercentage": "number",
          "id": "number",
          "invoiceHeaderId": "number",
          "invoiceLineId": "number",
          "segment1": "number",
          "segment2": "number",
          "segment3": "number",
          "segment4": "number",
          "segment5": "number",
          "segment6": "number",
          "segment7": "number",
          "segment8": "number"
        }
      ]
    },
    "@decorators.getallInvoiceDistributionResponse": {
      "endpoint": "getall_InvoiceDistribution",
      "service": "businessObjects",
      "path": "response"
    },
    "getallInvoiceDistributionResponse2": {
      "items": [
        {
          "analysis": "string",
          "costCentre": "string",
          "id": "number",
          "intercompany": "string",
          "organization": "string",
          "spare1": "string",
          "spare2": "string",
          "spare2RefObject": {
            "items": [
              {
                "value": "string"
              }
            ]
          },
          "subjective": "string",
          "wGA": "string"
        }
      ]
    },
    "@decorators.getallInvoiceDistributionResponse2": {
      "endpoint": "getall_InvoiceDistribution",
      "service": "businessObjects",
      "path": "response"
    }
  },
  "chains": {
    "goBackChain": {
      "root": "navigateBack",
      "actions": {
        "navigateBack": {
          "module": "vb/action/builtin/navigateBackAction",
          "outcomes": {
            "success": ""
          }
        }
      }
    },
    "loadInvoiceLineChain": {
      "root": "loadInvoiceLine",
      "actions": {
        "loadInvoiceLine": {
          "module": "vb/action/builtin/restAction",
          "parameters": {
            "endpoint": "businessObjects/get_InvoiceLine",
            "uriParams": {
              "InvoiceLine_Id": "[[ $page.variables.invoiceLineId ]]"
            },
            "responseType": "page:getInvoiceLineResponse"
          },
          "outcomes": {
            "success": "assignPayload",
            "failure": "fireErrorNotification"
          }
        },
        "assignPayload": {
          "module": "vb/action/builtin/assignVariablesAction",
          "parameters": {
            "$page.variables.invoiceLine": {
              "source": "{{ $chain.results.loadInvoiceLine.body }}"
            },
            "$page.variables.invoiceLineETag": {
              "source": "[[ $chain.results.loadInvoiceLine.headers.get('ETag') ]]"
            }
          },
          "outcomes": {}
        },
        "fireErrorNotification": {
          "module": "vb/action/builtin/fireNotificationEventAction",
          "parameters": {
            "summary": "Could not load data",
            "message": "{{ 'Could not load data: status ' + $chain.results.loadInvoiceLine.payload.status }}",
            "type": "error",
            "displayMode": "persist"
          },
          "outcomes": {}
        }
      }
    },
    "saveInvoiceLineChain": {
      "variables": {
        "saveFailureResult": {
          "type": "page:businessObjectsServiceErrorResponseType"
        },
        "errorMessage": {
          "type": "string"
        },
        "saveHeaders": {
          "type": "object"
        }
      },
      "root": "checkETag",
      "actions": {
        "checkETag": {
          "module": "vb/action/builtin/ifAction",
          "parameters": {
            "condition": "[[ $page.variables.invoiceLineETag ]]"
          },
          "outcomes": {
            "true": "assignIfMatchHeader",
            "false": "saveInvoiceLine"
          }
        },
        "assignIfMatchHeader": {
          "module": "vb/action/builtin/assignVariablesAction",
          "parameters": {
            "$chain.variables.saveHeaders": {
              "source": "[[ { 'If-Match': $page.variables.invoiceLineETag } ]]"
            }
          },
          "outcomes": {
            "success": "saveInvoiceLine"
          }
        },
        "saveInvoiceLine": {
          "module": "vb/action/builtin/restAction",
          "parameters": {
            "endpoint": "businessObjects/update_InvoiceLine",
            "body": "{{ $page.variables.invoiceLine }}",
            "requestType": "json",
            "uriParams": {
              "InvoiceLine_Id": "[[ $page.variables.invoiceLineId ]]"
            },
            "headers": "[[ $chain.variables.saveHeaders ]]"
          },
          "outcomes": {
            "success": "assignPayload",
            "failure": "assignFailureResult"
          }
        },
        "assignPayload": {
          "module": "vb/action/builtin/assignVariablesAction",
          "parameters": {
            "$page.variables.invoiceLine": {
              "source": "{{ $chain.results.saveInvoiceLine.body }}"
            },
            "$page.variables.invoiceLineETag": {
              "source": "[[ $chain.results.saveInvoiceLine.headers.get('ETag') ]]"
            }
          },
          "outcomes": {
            "success": "fireSuccessNotification"
          }
        },
        "fireSuccessNotification": {
          "module": "vb/action/builtin/fireNotificationEventAction",
          "parameters": {
            "summary": "InvoiceLine saved",
            "message": "InvoiceLine record successfully updated",
            "type": "confirmation",
            "displayMode": "transient"
          },
          "outcomes": {
            "success": "callGoBackChain"
          }
        },
        "callGoBackChain": {
          "module": "vb/action/builtin/callChainAction",
          "parameters": {
            "id": "goBackChain"
          }
        },
        "assignFailureResult": {
          "module": "vb/action/builtin/assignVariablesAction",
          "parameters": {
            "$chain.variables.saveFailureResult": {
              "source": "[[ $chain.results.saveInvoiceLine.payload ]]"
            }
          },
          "outcomes": {
            "success": "testFailureDetails"
          }
        },
        "testFailureDetails": {
          "module": "vb/action/builtin/ifAction",
          "outcomes": {
            "true": "handleDetailedErrorMessage",
            "false": "handleDefaultErrorMessage"
          },
          "parameters": {
            "condition": "[[ $chain.variables.saveFailureResult.body['o:errorDetails'][0] ]]"
          }
        },
        "handleDetailedErrorMessage": {
          "module": "vb/action/builtin/assignVariablesAction",
          "outcomes": {
            "success": "fireErrorNotification"
          },
          "parameters": {
            "$chain.variables.errorMessage": {
              "source": "[[ $chain.variables.saveFailureResult.body['o:errorDetails'][0].detail ]]"
            }
          }
        },
        "handleDefaultErrorMessage": {
          "module": "vb/action/builtin/assignVariablesAction",
          "outcomes": {
            "success": "fireErrorNotification"
          },
          "parameters": {
            "$chain.variables.errorMessage": {
              "source": "[[ 'Could not update InvoiceLine: status ' + $chain.results.saveInvoiceLine.payload.status ]]"
            }
          }
        },
        "fireErrorNotification": {
          "module": "vb/action/builtin/fireNotificationEventAction",
          "parameters": {
            "summary": "Save failed",
            "message": "[[ $chain.variables.errorMessage ]]",
            "type": "error",
            "displayMode": "persist"
          }
        }
      }
    },
    "navigateToCreateInvoiceDistributionChain": {
      "root": "navigateToCreate",
      "actions": {
        "navigateToCreate": {
          "module": "vb/action/builtin/navigateToPageAction",
          "parameters": {
            "history": "push",
            "page": "main-create-invoice-distribution",
            "params": {}
          },
          "outcomes": {
            "success": ""
          }
        }
      }
    }
  },
  "eventListeners": {
    "backButtonClicked": {
      "chains": [
        {
          "chainId": "goBackChain"
        }
      ]
    },
    "saveButtonClicked": {
      "chains": [
        {
          "chainId": "saveInvoiceLineChain"
        }
      ]
    },
    "vbEnter": {
      "chains": [
        {
          "chainId": "loadInvoiceLineChain"
        }
      ]
    },
    "createInvoiceDistributionButtonClicked": {
      "chains": [
        {
          "chainId": "navigateToCreateInvoiceDistributionChain"
        }
      ]
    }
  },
  "imports": {
    "components": {
      "oj-form-layout": {
        "path": "ojs/ojformlayout"
      },
      "oj-select-one": {
        "path": "ojs/ojselectcombobox"
      },
      "oj-input-text": {
        "path": "ojs/ojinputtext"
      },
      "oj-input-number": {
        "path": "ojs/ojinputnumber"
      },
      "oj-toolbar": {
        "path": "ojs/ojtoolbar"
      },
      "oj-button": {
        "path": "ojs/ojbutton"
      },
      "oj-table": {
        "path": "ojs/ojtable"
      }
    }
  }
}