{
    "distributiondetails": [
        {
            "organizationRef": "1",
            "organization": "RJ1",
            "costCentreRef": "1",
            "costCentre": "900000",
            "subjective": "22010",
            "subjectiveRef": "1",
            "wGA": "000000",
            "wgaRef": "1",
            "intercompany": "000",
            "intercompanyRef": "1",
            "analysis": "000000",
            "analysisRef": "1",
            "spare1": "000000",
            "spare1Ref": "1",
            "spare2": "000000",
            "spare2Ref": "1",
            "lineAmount": 100,
            "allocationAmount": 100
        }
    ]
}