,5,,,,LEGACY ORDER ENTRY,52519,SIEBEL,100000019653855,Order Line 1,,,,,,,,,,,,,,,,,,,,,,,,,,,,,,,Vision Operations,Delivery,END
,3,,,,LEGACY ORDER ENTRY,52519,SIEBEL,100000019653855,Order Line 2,,,,,,,,,,,,,,,,,,,,,,,,,,,,,,,Vision Operations,Cancellation,END
,4,,,,LEGACY ORDER ENTRY,52519,SIEBEL,100000019653855,Order Line 3,,,,,,,,,,,,,,,,,,,,,,,,,,,,,,,Vision Operations,Refund,END
,8,,,30.00,LEGACY ORDER ENTRY,52519,SIEBEL,100000019653855,Order Line 4,,,,,,,,,,,,,,,,,,,,,,,,,,,,,,,Vision Operations,Installation,END
,7,,2012/07/10,,LEGACY ORDER ENTRY,52519,SIEBEL,100000019653855,Order Line 5,,,,,,,,,,,,,,,,,,,,,,,,,,,,,,,Vision Operations,Fiscal Funding Clause,END
