,100000011882019,Quota Sales Credit,,100.00,LEGACY ORDER ENTRY,52519,SIEBEL,100000019653855,Order Line 1,,,,,,,,,,,,,,,,,,,,,,,,,,,,Vision Operations,END
,100000011882019,Quota Sales Credit,,100.00,LEGACY ORDER ENTRY,52519,SIEBEL,100000019653855,Order Line 2,,,,,,,,,,,,,,,,,,,,,,,,,,,,Vision Operations,END
,100000011882019,Quota Sales Credit,,100.00,LEGACY ORDER ENTRY,52519,SIEBEL,100000019653855,Order Line 3,,,,,,,,,,,,,,,,,,,,,,,,,,,,Vision Operations,END
,100000011882019,Quota Sales Credit,,100.00,LEGACY ORDER ENTRY,52519,SIEBEL,100000019653855,Order Line 4,,,,,,,,,,,,,,,,,,,,,,,,,,,,Vision Operations,END
,100000011882019,Quota Sales Credit,,100.00,LEGACY ORDER ENTRY,52519,SIEBEL,100000019653855,Order Line 5,,,,,,,,,,,,,,,,,,,,,,,,,,,,Vision Operations,END
,100000011882019,Quota Sales Credit,,100.00,LEGACY ORDER ENTRY,52519,SIEBEL,100000019653855,Order Line 6,,,,,,,,,,,,,,,,,,,,,,,,,,,,Vision Operations,END
,100000011882019,Quota Sales Credit,,100.00,LEGACY ORDER ENTRY,52519,SIEBEL,100000019653855,Order Line 7,,,,,,,,,,,,,,,,,,,,,,,,,,,,Vision Operations,END
,100000011882019,Quota Sales Credit,,100.00,LEGACY ORDER ENTRY,52519,SIEBEL,100000019653855,Order Line 8,,,,,,,,,,,,,,,,,,,,,,,,,,,,Vision Operations,END
,100000011882019,Quota Sales Credit,,100.00,LEGACY ORDER ENTRY,52519,SIEBEL,100000019653855,Order Line 9,,,,,,,,,,,,,,,,,,,,,,,,,,,,Vision Operations,END
,100000011882019,Quota Sales Credit,,100.00,LEGACY ORDER ENTRY,52519,SIEBEL,100000019653855,Order Line 10,,,,,,,,,,,,,,,,,,,,,,,,,,,,Vision Operations,END
,100000011882019,Quota Sales Credit,,100.00,LEGACY ORDER ENTRY,52519,SIEBEL,100000019653855,Order Line 11,,,,,,,,,,,,,,,,,,,,,,,,,,,,Vision Operations,END
,100000011882019,Quota Sales Credit,,100.00,LEGACY ORDER ENTRY,52519,SIEBEL,100000019653855,Order Line 12,,,,,,,,,,,,,,,,,,,,,,,,,,,,Vision Operations,END
,100000011882019,Quota Sales Credit,,100.00,LEGACY ORDER ENTRY,52519,SIEBEL,100000019653855,Order Line 13,,,,,,,,,,,,,,,,,,,,,,,,,,,,Vision Operations,END
,100000011882019,Quota Sales Credit,,100.00,LEGACY ORDER ENTRY,52519,SIEBEL,100000019653855,Order Line 14,,,,,,,,,,,,,,,,,,,,,,,,,,,,Vision Operations,END
,100000011882019,Quota Sales Credit,,100.00,LEGACY ORDER ENTRY,52519,SIEBEL,100000019653855,Order Line 15,,,,,,,,,,,,,,,,,,,,,,,,,,,,Vision Operations,END
,100000011882019,Quota Sales Credit,,100.00,LEGACY ORDER ENTRY,52519,SIEBEL,100000019653855,Order Line 16,,,,,,,,,,,,,,,,,,,,,,,,,,,,Vision Operations,END
,100000011882019,Quota Sales Credit,,100.00,LEGACY ORDER ENTRY,52519,SIEBEL,100000019653855,Order Line 17,,,,,,,,,,,,,,,,,,,,,,,,,,,,Vision Operations,END
,100000011882019,Quota Sales Credit,,100.00,LEGACY ORDER ENTRY,52519,SIEBEL,100000019653855,Order Line 18,,,,,,,,,,,,,,,,,,,,,,,,,,,,Vision Operations,END
,100000011882019,Quota Sales Credit,,100.00,LEGACY ORDER ENTRY,52519,SIEBEL,100000019653855,Order Line 19,,,,,,,,,,,,,,,,,,,,,,,,,,,,Vision Operations,END
,100000011882019,Quota Sales Credit,,100.00,LEGACY ORDER ENTRY,52519,SIEBEL,100000019653855,Order Line 20,,,,,,,,,,,,,,,,,,,,,,,,,,,,Vision Operations,END
,100000011882019,Quota Sales Credit,,100.00,LEGACY ORDER ENTRY,52519,SIEBEL,100000019653855,Order Line 21,,,,,,,,,,,,,,,,,,,,,,,,,,,,Vision Operations,END
,100000011882019,Quota Sales Credit,,100.00,LEGACY ORDER ENTRY,52519,SIEBEL,100000019653855,Order Line 22,,,,,,,,,,,,,,,,,,,,,,,,,,,,Vision Operations,END
,100000011882019,Quota Sales Credit,,100.00,LEGACY ORDER ENTRY,52519,SIEBEL,100000019653855,Order Line 23,,,,,,,,,,,,,,,,,,,,,,,,,,,,Vision Operations,END
,100000011882019,Quota Sales Credit,,100.00,LEGACY ORDER ENTRY,52519,SIEBEL,100000019653855,Order Line 24,,,,,,,,,,,,,,,,,,,,,,,,,,,,Vision Operations,END
,100000011882019,Quota Sales Credit,,100.00,LEGACY ORDER ENTRY,52519,SIEBEL,100000019653855,Order Line 25,,,,,,,,,,,,,,,,,,,,,,,,,,,,Vision Operations,END
,100000011882019,Quota Sales Credit,,100.00,LEGACY ORDER ENTRY,52519,SIEBEL,100000019653855,Order Line 26,,,,,,,,,,,,,,,,,,,,,,,,,,,,Vision Operations,END
,100000011882019,Quota Sales Credit,,100.00,LEGACY ORDER ENTRY,52519,SIEBEL,100000019653855,Order Line 27,,,,,,,,,,,,,,,,,,,,,,,,,,,,Vision Operations,END
,100000011882019,Quota Sales Credit,,100.00,LEGACY ORDER ENTRY,52519,SIEBEL,100000019653855,Order Line 28,,,,,,,,,,,,,,,,,,,,,,,,,,,,Vision Operations,END
,100000011882019,Quota Sales Credit,,100.00,LEGACY ORDER ENTRY,52519,SIEBEL,100000019653855,Order Line 29,,,,,,,,,,,,,,,,,,,,,,,,,,,,Vision Operations,END
,100000011882019,Quota Sales Credit,,100.00,LEGACY ORDER ENTRY,52519,SIEBEL,100000019653855,Order Line 30,,,,,,,,,,,,,,,,,,,,,,,,,,,,Vision Operations,END
,100000011882019,Non-quota Sales Credit,,70.00,DOO,INV1001,Line1,3,4,5,6,7,8,9,10,11,12,13,14,15,,,,,,,,,,,,,,,,,Vision Operations,END
,10101,Non-quota Sales Credit,,30.00,DOO,INV1001,Line1,3,4,5,6,7,8,9,10,11,12,13,14,15,,,,,,,,,,,,,,,,,Vision Operations,END
