{"schemaVersion":"1.0","name":"InvoiceApprovalProcess","registeredProcess":{"id":"oracleinternalpcsplayer~GSTT_AR_Self_Service_Approval_App!1.0~InvoiceApprovalProcess","project":"GSTT AR Self Service Approval App","projectVersion":"1.0","useDefaultVersion":true,"processName":"InvoiceApprovalProcess","isPlayerInstance":true,"interfaces":[{"id":"f@initiateInvoiceApproval","label":"Initiate Invoice Approval","typeDefinitions":{"http://xmlns.oracle.com/bpm/forms/schemas/InvoiceForm|InvoiceForm":{"id":"GSTT AR Self Service Approval App@..@http://xmlns.oracle.com/bpm/forms/schemas/InvoiceForm|InvoiceForm","label":"InvoiceForm","type":"object","properties":{"invoiceReference":{"type":"string"},"isCreditNoteFlag":{"type":"string"},"transactionTotal":{"type":"number"},"incomeSysTeamApprover":{"type":"string"},"revenueDeptApprover":{"type":"string"},"financeDirectorApprover":{"type":"string"},"invoiceHeaderId":{"type":"number"},"requestor":{"type":"string"}}}},"parameters":{"invoiceReference":{"type":"string"},"isCreditNoteFlag":{"type":"string"},"transactionTotal":{"type":"number"},"incomeSysTeamApprover":{"type":"string"},"revenueDeptApprover":{"type":"string"},"financeDirectorApprover":{"type":"string"},"invoiceHeaderId":{"type":"number"},"requestor":{"type":"string"}}}]}}