{
    "displayLabel": "WGA",
    "fields": [
        {
            "displayLabel": "Id",
            "internal": true,
            "key": true,
            "name": "id",
            "oid": "2ae12efa-7b45-4807-8a51-506e59d9b234",
            "required": true,
            "type": "number",
            "unique": true
        },
        {
            "displayLabel": "Created",
            "internal": true,
            "name": "creationDate",
            "oid": "1e0bf1c1-0505-4079-b985-0c090ece5c3d",
            "type": "datetime"
        },
        {
            "displayLabel": "Last Updated",
            "internal": true,
            "name": "lastUpdateDate",
            "oid": "4d19bea4-5fbe-4f72-9bd3-686fbb5358e2",
            "type": "datetime"
        },
        {
            "displayLabel": "Created By",
            "internal": true,
            "name": "createdBy",
            "oid": "dad72aba-7642-4547-9ad2-6760f7a04fed",
            "type": "string"
        },
        {
            "displayLabel": "Last Updated By",
            "internal": true,
            "name": "lastUpdatedBy",
            "oid": "bdbaf7c1-8088-4428-8667-0683d63502e5",
            "type": "string"
        },
        {
            "displayLabel": "<internal>",
            "hidden": true,
            "internal": true,
            "name": "abcsChangeNumber",
            "oid": "859070f3-c9da-487d-bd8b-f578bcd011c9",
            "type": "number"
        },
        {
            "displayLabel": "value",
            "name": "value",
            "oid": "276d9cd4-5fb9-42a5-be7b-1286f3244631",
            "type": "string",
            "required": true
        }
    ],
    "name": "WGA",
    "oid": "1e1d5cc0-353e-437b-8b69-3915b730fd46"
}