{
  "defaultPage" : "shell",
  "types" : { },
  "variables" : {
    "initialLoad" : {
      "type" : "string",
      "defaultValue" : "Yes"
    }
  },
  "security" : { },
  "applicationModelVersion" : "18.4.1",
  "chains" : { },
  "translations" : {
    "app" : {
      "path" : "./resources/strings/app/nls/app-strings"
    }
  },
  "description" : "A new VB app",
  "id" : "starter",
  "services" : {
    "businessObjects": {
      "path": "vb-catalog://services/businessObjects"
    },
    "getInvRef": {
      "path": "./services/getInvRef/openapi3.json"
    },
    "get_invoice_reference": {
      "path": "./services/get_invoice_reference/openapi3.json"
    },
    "get_approvers": {
      "path": "./services/get_approvers/openapi3.json"
    },
    "duplicateInvoice": {
      "path": "./services/duplicateInvoice/openapi3.json"
    },
    "getNewInvoiceId": {
      "path": "./services/getNewInvoiceId/openapi3.json"
    },
    "get_new_invoice_id": {
      "path": "./services/get_new_invoice_id/openapi3.json"
    },
    "get_invoice_lines": {
      "path": "./services/get_invoice_lines/openapi3.json"
    },
    "duplicate_invoice": {
      "path": "./services/duplicate_invoice/openapi3.json"
    },
    "duplicateinvoice": {
      "path": "./services/duplicateinvoice/openapi3.json"
    },
    "get_distribution_defaults": {
      "path": "./services/get_distribution_defaults/openapi3.json"
    },
    "update_transaction_total": {
      "path": "./services/update_transaction_total/openapi3.json"
    },
    "get_invoice_line_dist": {
      "path": "./services/get_invoice_line_dist/openapi3.json"
    }
  },
  "userConfig" : {
    "type" : "vb/DefaultSecurityProvider",
    "configuration" : {
      "authentication" : {
        "type" : "oraclecloud"
      }
    },
    "embedding" : "deny"
  }
}