{
    "resources": {
        "segment4Object": {
        },
        "segment1Object": {
        },
        "segment7Object": {
        },
        "segment3Object": {
        },
        "invoiceReferenceObject": {
        },
        "segment5Object": {
        },
        "invoiceHeaderIdObject": {
        },
        "segment8Object": {
        },
        "segment2Object": {
        },
        "invoiceLineIdObject": {
        },
        "invoiceLineNumberObject": {
        },
        "segment6Object": {
        }
    }
}