{
    "fields": [
        {
            "displayLabel": "Id",
            "internal": true,
            "key": true,
            "name": "id",
            "oid": "e6ef0552-a953-46c7-8074-466e5282f457",
            "required": true,
            "type": "number",
            "unique": true
        },
        {
            "displayLabel": "Created",
            "internal": true,
            "name": "creationDate",
            "oid": "235c9afb-4f9e-492b-8a04-271ed1a2c55e",
            "type": "datetime"
        },
        {
            "displayLabel": "Last Updated",
            "internal": true,
            "name": "lastUpdateDate",
            "oid": "abe42eb1-704a-4168-89cf-ba786f81e896",
            "type": "datetime"
        },
        {
            "displayLabel": "Created By",
            "internal": true,
            "name": "createdBy",
            "oid": "88348feb-36d4-4f50-8042-71bbfbc5fc2d",
            "type": "string"
        },
        {
            "displayLabel": "Last Updated By",
            "internal": true,
            "name": "lastUpdatedBy",
            "oid": "069ec274-f049-4eb0-a17a-a6e30b293b13",
            "type": "string"
        },
        {
            "displayLabel": "<internal>",
            "hidden": true,
            "internal": true,
            "name": "abcsChangeNumber",
            "oid": "4bc7ed4c-7d43-4d56-a33c-0bc13f87e5ae",
            "type": "number"
        },
        {
            "name": "custAccountId",
            "oid": "95773ffa-7c54-49ec-9132-537e468ff331",
            "displayLabel": "Cust Account Id",
            "type": "reference"
        },
        {
            "name": "accountNumber",
            "oid": "4415c4b0-dda5-4fc8-afaf-4ee0f3d22351",
            "displayLabel": "Account Number",
            "type": "reference"
        },
        {
            "name": "addressLine1",
            "oid": "61df5705-031b-429d-b2c8-7e81f534c866",
            "displayLabel": "Address Line 1",
            "type": "string"
        },
        {
            "name": "addressLine2",
            "oid": "a0c167e7-3804-4251-a9f8-8ba3074ba171",
            "displayLabel": "Address Line 2",
            "type": "string"
        },
        {
            "name": "city",
            "oid": "86a27203-51c5-4de1-8940-a3a7559726ed",
            "displayLabel": "City",
            "type": "string"
        },
        {
            "name": "postalCode",
            "oid": "54887216-b568-4b9d-80df-e94bd2c02cbf",
            "displayLabel": "Postal Code",
            "type": "string"
        },
        {
            "name": "billToLocation",
            "oid": "9fb8115b-f9c4-4af4-9338-27a66f46e46a",
            "displayLabel": "Bill To Location",
            "type": "string"
        },
        {
            "name": "customerId",
            "oid": "7f794b31-fc69-42a4-817e-ed9420cf36a0",
            "required": true,
            "displayLabel": "Customer Id",
            "type": "reference"
        }
    ],
    "name": "CustomerAddress",
    "oid": "28d5a44a-fead-4d43-8b06-446c6029c79f",
    "displayLabel": "Customer Address",
    "relationships": [
        {
            "name": "custAccountIdObject",
            "reverseRelationship": "customerAddressCollecti",
            "targetEntity": "Customer",
            "type": "outgoing",
            "exposeAccessor": true,
            "mappingField": "custAccountId",
            "deleteRule": "restrict"
        },
        {
            "name": "accountNumberObject",
            "reverseRelationship": "customerAddressCollect2",
            "targetEntity": "Customer",
            "type": "outgoing",
            "exposeAccessor": true,
            "mappingField": "accountNumber",
            "deleteRule": "restrict"
        },
        {
            "name": "invoiceHeaderCollection",
            "reverseRelationship": "billToLocationObject",
            "targetEntity": "InvoiceHeader",
            "type": "incoming",
            "exposeAccessor": false,
            "displayField": "billToLocation"
        },
        {
            "name": "customerIdObject",
            "reverseRelationship": "customerAddressCollecti",
            "targetEntity": "CustomerAddress",
            "type": "outgoing",
            "exposeAccessor": true,
            "mappingField": "customerId",
            "deleteRule": "restrict"
        },
        {
            "name": "customerAddressCollecti",
            "reverseRelationship": "customerIdObject",
            "targetEntity": "CustomerAddress",
            "type": "incoming",
            "exposeAccessor": false,
            "displayField": "customerId"
        }
    ]
}