{
    "displayLabel": "Status",
    "fields": [
        {
            "displayLabel": "Id",
            "internal": true,
            "key": true,
            "name": "id",
            "oid": "c8a8ec18-f10a-4fae-a2cf-a4955ff081f5",
            "required": true,
            "type": "number",
            "unique": true
        },
        {
            "displayLabel": "Created",
            "internal": true,
            "name": "creationDate",
            "oid": "dc49ad65-b541-4afe-8bce-b3984c50651b",
            "type": "datetime"
        },
        {
            "displayLabel": "Last Updated",
            "internal": true,
            "name": "lastUpdateDate",
            "oid": "130dbae3-aa22-4b99-93ef-cb92957e1188",
            "type": "datetime"
        },
        {
            "displayLabel": "Created By",
            "internal": true,
            "name": "createdBy",
            "oid": "3274a4a6-518f-4539-ab83-1b5975b5cfb4",
            "type": "string"
        },
        {
            "displayLabel": "Last Updated By",
            "internal": true,
            "name": "lastUpdatedBy",
            "oid": "28efc93d-ea10-4253-9897-b282b272c8e2",
            "type": "string"
        },
        {
            "displayLabel": "<internal>",
            "hidden": true,
            "internal": true,
            "name": "abcsChangeNumber",
            "oid": "2b27201c-ebcd-4527-8244-4d8a3a27363e",
            "type": "number"
        },
        {
            "displayLabel": "status",
            "name": "status",
            "oid": "9d6b8768-a231-4519-bcb9-a7da8bb60416",
            "type": "string",
            "required": true
        }
    ],
    "name": "Status",
    "oid": "57aaf8ca-07f2-4f5d-abbd-cbd8fa158a89"
}