{
    "fields": [
        {
            "displayLabel": "Id",
            "internal": true,
            "key": true,
            "name": "id",
            "oid": "e7b5414b-4448-4aa0-ab23-722893ba52db",
            "required": true,
            "type": "number",
            "unique": true
        },
        {
            "displayLabel": "Created",
            "internal": true,
            "name": "creationDate",
            "oid": "fc1b3a2b-f81e-47ff-8bf4-52e0889b330f",
            "type": "datetime"
        },
        {
            "displayLabel": "Last Updated",
            "internal": true,
            "name": "lastUpdateDate",
            "oid": "ab2ef5bc-8272-427f-a608-1d473f863468",
            "type": "datetime"
        },
        {
            "displayLabel": "Created By",
            "internal": true,
            "name": "createdBy",
            "oid": "ed371862-7f05-46d5-a171-771e5952110e",
            "type": "string"
        },
        {
            "displayLabel": "Last Updated By",
            "internal": true,
            "name": "lastUpdatedBy",
            "oid": "d8c1cc0e-de07-4313-93f7-a3e826bf68dc",
            "type": "string"
        },
        {
            "displayLabel": "<internal>",
            "hidden": true,
            "internal": true,
            "name": "abcsChangeNumber",
            "oid": "c549cf55-ab48-47a8-9e4b-96dd202e0ccb",
            "type": "number"
        },
        {
            "name": "value",
            "oid": "73ae7811-8a3a-49a4-8612-77960c9b32b4",
            "displayLabel": "Value",
            "type": "string",
            "required": true
        }
    ],
    "name": "CostCentre",
    "oid": "cca71e55-1782-48c1-baa2-e08966cff9fb",
    "displayLabel": "Cost Centre",
    "relationships": [
    ]
}