{
    "resources": {
        "invoiceLineCollection2": {
        },
        "businessUnitObject": {
        },
        "currencyObject": {
        },
        "invoicingRuleObject": {
        },
        "salesPersonNameObject": {
        },
        "invoiceDistributionColl": {
        },
        "customerNameRefObject": {
        },
        "creditReasonObject": {
        },
        "billToLocationObject": {
        },
        "transactionTypeRefObjec": {
        },
        "printOptionObject": {
        }
    },
    "noCache": true,
    "noStore": true,
    "mustRevalidate": true
}