{
  "pageModelVersion": "19.1.3",
  "title": "",
  "description": "",
  "variables": {
    "invoiceListSDP": {
      "type": "vb/ServiceDataProvider",
      "defaultValue": {
        "endpoint": "businessObjects/getall_Invoice",
        "idAttribute": "id",
        "itemsPath": "items",
        "responseType": "page:getallInvoiceResponse",
        "capabilities": {
          "sortCapability": "single",
          "filterCapability": {
            "operators": [
              null,
              "$eq"
            ]
          }
        }
      }
    },
    "oj_table_1100236990_1SelectedId": {
      "type": "string",
      "defaultValue": ""
    },
    "invoiceListSDP2": {
      "type": "vb/ServiceDataProvider",
      "defaultValue": {
        "endpoint": "businessObjects/getall_Invoice",
        "idAttribute": "id",
        "itemsPath": "items",
        "responseType": "page:getallInvoiceResponse2"
      }
    },
    "invoiceListSDP3": {
      "type": "vb/ServiceDataProvider",
      "defaultValue": {
        "endpoint": "businessObjects/getall_Invoice",
        "idAttribute": "id",
        "itemsPath": "items",
        "responseType": "page:getallInvoiceResponse3"
      }
    }
  },
  "types": {
    "getallInvoiceResponse": {
      "items": [
        {
          "BillToCustomerNumber": "string",
          "BusinessUnit": "string",
          "discount": "number",
          "discountedAmount": "number",
          "id": "number",
          "totalAmount": "number"
        }
      ]
    },
    "@decorators.getallInvoiceResponse": {
      "endpoint": "getall_Invoice",
      "service": "businessObjects",
      "path": "response"
    },
    "getallInvoiceResponse2": {
      "items": [
        {
          "BillToCustomerNumber": "string",
          "BusinessUnit": "string",
          "id": "number",
          "InternalCurrencyCode": "string",
          "PaymentTerms": "string",
          "TransactionDate": "string",
          "TransactionSource": "string",
          "TransactionType": "string"
        }
      ]
    },
    "@decorators.getallInvoiceResponse2": {
      "endpoint": "getall_Invoice",
      "service": "businessObjects",
      "path": "response"
    },
    "getallInvoiceResponse3": {
      "items": [
        {
          "BillToCustomerNumber": "string",
          "BusinessUnit": "string",
          "id": "number",
          "status": "string",
          "totalAmount": "number",
          "TransactionType": "string"
        }
      ]
    },
    "@decorators.getallInvoiceResponse3": {
      "endpoint": "getall_Invoice",
      "service": "businessObjects",
      "path": "response"
    }
  },
  "chains": {
    "navigateToCreateInvoiceChain": {
      "root": "navigateToCreate",
      "actions": {
        "navigateToCreate": {
          "module": "vb/action/builtin/navigateToPageAction",
          "parameters": {
            "history": "push",
            "page": "main-create-invoice",
            "params": {}
          },
          "outcomes": {
            "success": ""
          }
        }
      }
    },
    "oj_table_1100236990_1ChangeSelectionChain": {
      "variables": {
        "invoiceId": {
          "type": "string",
          "input": "fromCaller",
          "defaultValue": ""
        }
      },
      "root": "assignVariable",
      "actions": {
        "assignVariable": {
          "module": "vb/action/builtin/assignVariablesAction",
          "parameters": {
            "$page.variables.oj_table_1100236990_1SelectedId": {
              "source": "[[ $chain.variables.invoiceId ]]"
            }
          },
          "outcomes": {
            "success": ""
          }
        }
      }
    },
    "navigateToEditInvoiceChain": {
      "root": "navigateToEdit",
      "variables": {
        "invoiceId": {
          "type": "string",
          "input": "fromCaller",
          "required": true
        }
      },
      "actions": {
        "navigateToEdit": {
          "module": "vb/action/builtin/navigateToPageAction",
          "parameters": {
            "history": "push",
            "page": "main-edit-invoice",
            "params": {
              "invoiceId": "[[ $chain.variables.invoiceId ]]"
            }
          },
          "outcomes": {
            "success": ""
          }
        }
      }
    }
  },
  "eventListeners": {
    "createInvoiceButtonClicked": {
      "chains": [
        {
          "chainId": "navigateToCreateInvoiceChain"
        }
      ]
    },
    "oj_table_1100236990_1SelectionChanged": {
      "chains": [
        {
          "chainId": "oj_table_1100236990_1ChangeSelectionChain",
          "parameters": {
            "invoiceId": "[[ $event.detail.value.key || '' ]]"
          }
        }
      ]
    },
    "editInvoiceButtonClicked": {
      "chains": [
        {
          "chainId": "navigateToEditInvoiceChain",
          "parameters": {
            "invoiceId": "[[ $page.variables.oj_table_1100236990_1SelectedId ]]"
          }
        }
      ]
    }
  },
  "imports": {
    "components": {
      "oj-table": {
        "path": "ojs/ojtable"
      },
      "oj-input-number": {
        "path": "ojs/ojinputnumber"
      },
      "oj-toolbar": {
        "path": "ojs/ojtoolbar"
      },
      "oj-button": {
        "path": "ojs/ojbutton"
      },
      "oj-vb-list-item": {
        "path": "vb/components/list-item/loader"
      },
      "oj-list-view": {
        "path": "ojs/ojlistview"
      },
      "oj-label": {
        "path": "ojs/ojlabel"
      }
    }
  }
}