{
  "pageModelVersion": "19.4.3",
  "title": "Create ReceivablesInvoiceLine",
  "description": "Creates new ReceivablesInvoiceLine",
  "variables": {
    "receivablesInvoiceLine": {
      "type": "page:createReceivablesInvoiceLineRequest",
      "defaultValue": {
        "TaxClassificationCode": "FR VAT STD DEF RATE AP",
        "invoice": "{{$page.variables.InvoiceId}}"
      }
    },
    "invoiceListSDP": {
      "type": "vb/ServiceDataProvider",
      "defaultValue": {
        "endpoint": "businessObjects/getall_Invoice",
        "idAttribute": "id",
        "itemsPath": "items",
        "responseType": "page:getallInvoiceResponse",
        "uriParameters": {}
      }
    },
    "productListSDP": {
      "type": "vb/ServiceDataProvider",
      "defaultValue": {
        "endpoint": "businessObjects/getall_Product",
        "idAttribute": "id",
        "itemsPath": "items",
        "responseType": "page:getallProductResponse",
        "uriParameters": {}
      }
    },
    "InvoiceId": {
      "type": "string",
      "required": true,
      "input": "fromUrl"
    }
  },
  "metadata": {},
  "types": {
    "createReceivablesInvoiceLineRequest": {
      "Description": "string",
      "invoice": "number",
      "LineNumber": "number",
      "lineTotal": "number",
      "product": "number",
      "Quantity": "number",
      "TaxClassificationCode": "string",
      "UnitSellingPrice": "number"
    },
    "@decorators.createReceivablesInvoiceLineRequest": {
      "endpoint": "create_ReceivablesInvoiceLine",
      "service": "businessObjects",
      "path": "request"
    },
    "businessObjectsServiceErrorResponseType": {
      "body": {
        "status": "string",
        "title": "string",
        "o:errorDetails": [
          {
            "detail": "string",
            "o:errorCode": "string"
          }
        ]
      },
      "status": "number"
    },
    "getallInvoiceResponse": {
      "items": [
        {
          "id": "number"
        }
      ]
    },
    "@decorators.getallInvoiceResponse": {
      "endpoint": "getall_Invoice",
      "service": "businessObjects",
      "path": "response"
    },
    "getallProductResponse": {
      "items": [
        {
          "description": "string",
          "id": "number"
        }
      ]
    },
    "@decorators.getallProductResponse": {
      "endpoint": "getall_Product",
      "service": "businessObjects",
      "path": "response"
    }
  },
  "chains": {
    "goBackChain": {
      "root": "navigateBack",
      "actions": {
        "navigateBack": {
          "module": "vb/action/builtin/navigateBackAction",
          "outcomes": {
            "success": ""
          }
        }
      }
    },
    "createReceivablesInvoiceLineChain": {
      "root": "assignVariables1",
      "variables": {
        "saveFailureResult": {
          "type": "page:businessObjectsServiceErrorResponseType"
        },
        "errorMessage": {
          "type": "string"
        }
      },
      "actions": {
        "createReceivablesInvoiceLine": {
          "module": "vb/action/builtin/restAction",
          "parameters": {
            "endpoint": "businessObjects/create_ReceivablesInvoiceLine",
            "body": "[[ $page.variables.receivablesInvoiceLine ]]"
          },
          "outcomes": {
            "success": "fireSuccessNotification",
            "failure": "assignFailureResult"
          }
        },
        "fireSuccessNotification": {
          "module": "vb/action/builtin/fireNotificationEventAction",
          "parameters": {
            "summary": "ReceivablesInvoiceLine saved",
            "message": "ReceivablesInvoiceLine record successfully created",
            "type": "confirmation",
            "displayMode": "transient"
          },
          "outcomes": {
            "success": "navigateBack"
          }
        },
        "navigateBack": {
          "module": "vb/action/builtin/navigateBackAction",
          "outcomes": {
            "success": ""
          }
        },
        "assignFailureResult": {
          "module": "vb/action/builtin/assignVariablesAction",
          "parameters": {
            "$chain.variables.saveFailureResult": {
              "source": "[[ $chain.results.createReceivablesInvoiceLine.payload ]]"
            }
          },
          "outcomes": {
            "success": "testFailureDetails"
          }
        },
        "testFailureDetails": {
          "module": "vb/action/builtin/ifAction",
          "outcomes": {
            "true": "handleDetailedErrorMessage",
            "false": "handleDefaultErrorMessage"
          },
          "parameters": {
            "condition": "[[ $chain.variables.saveFailureResult.body['o:errorDetails'][0] ]]"
          }
        },
        "handleDetailedErrorMessage": {
          "module": "vb/action/builtin/assignVariablesAction",
          "outcomes": {
            "success": "fireErrorNotification"
          },
          "parameters": {
            "$chain.variables.errorMessage": {
              "source": "[[ $chain.variables.saveFailureResult.body['o:errorDetails'][0].detail ]]"
            }
          }
        },
        "handleDefaultErrorMessage": {
          "module": "vb/action/builtin/assignVariablesAction",
          "outcomes": {
            "success": "fireErrorNotification"
          },
          "parameters": {
            "$chain.variables.errorMessage": {
              "source": "[[ 'Could not create new ReceivablesInvoiceLine: status ' + $chain.variables.saveFailureResult.status ]]"
            }
          }
        },
        "fireErrorNotification": {
          "module": "vb/action/builtin/fireNotificationEventAction",
          "parameters": {
            "summary": "Save failed",
            "message": "[[ $chain.variables.errorMessage ]]",
            "type": "error",
            "displayMode": "persist"
          },
          "outcomes": {}
        },
        "assignVariables1": {
          "module": "vb/action/builtin/assignVariablesAction",
          "parameters": {
            "$page.variables.receivablesInvoiceLine": {
              "source": {
                "lineTotal": "$page.variables.receivablesInvoiceLine.Quantity * $page.variables.receivablesInvoiceLine.UnitSellingPrice"
              },
              "reset": "none",
              "auto": "always"
            }
          },
          "outcomes": {
            "success": "createReceivablesInvoiceLine"
          }
        }
      }
    },
    "SelectOneValueChangeChain": {
      "description": "",
      "variables": {
        "value": {
          "required": true,
          "type": "any",
          "input": "fromCaller"
        }
      },
      "root": "callRestEndpoint1",
      "actions": {
        "callRestEndpoint1": {
          "module": "vb/action/builtin/restAction",
          "parameters": {
            "endpoint": "businessObjects/get_Product",
            "uriParams": {
              "Product_Id": "{{ $chain.variables.value }}"
            }
          },
          "outcomes": {
            "failure": "fireNotification1",
            "success": "assignVariables1"
          }
        },
        "fireNotification1": {
          "module": "vb/action/builtin/fireNotificationEventAction",
          "parameters": {
            "target": "leaf",
            "summary": "[[ $chain.results.callRestEndpoint1.message.summary ]]",
            "type": "error",
            "displayMode": "persist"
          }
        },
        "assignVariables1": {
          "module": "vb/action/builtin/assignVariablesAction",
          "parameters": {
            "$page.variables.receivablesInvoiceLine": {
              "source": {
                "Description": "{{ $chain.results.callRestEndpoint1.body.description }}",
                "UnitSellingPrice": "{{ $chain.results.callRestEndpoint1.body.unitSellingPrice }}"
              },
              "reset": "none",
              "auto": "always"
            }
          }
        }
      }
    }
  },
  "eventListeners": {
    "backButtonClicked": {
      "chains": [
        {
          "chainId": "goBackChain"
        }
      ]
    },
    "saveButtonClicked": {
      "chains": [
        {
          "chainId": "createReceivablesInvoiceLineChain"
        }
      ]
    },
    "ojSelectOneValue": {
      "chains": [
        {
          "chainId": "SelectOneValueChangeChain",
          "parameters": {
            "value": "{{ $event.detail.value }}"
          }
        }
      ]
    }
  },
  "imports": {
    "components": {
      "oj-form-layout": {
        "path": "ojs/ojformlayout"
      },
      "oj-select-one": {
        "path": "ojs/ojselectcombobox"
      },
      "oj-input-number": {
        "path": "ojs/ojinputnumber"
      },
      "oj-toolbar": {
        "path": "ojs/ojtoolbar"
      },
      "oj-button": {
        "path": "ojs/ojbutton"
      }
    }
  }
}