{
  "pageModelVersion": "19.4.3",
  "title": "Edit Invoice",
  "description": "Updates single Invoice record",
  "variables": {
    "invoice": {
      "type": "page:getInvoiceResponse"
    },
    "invoiceId": {
      "type": "string",
      "required": true,
      "input": "fromUrl"
    },
    "invoiceETag": {
      "type": "string"
    },
    "customerListSDP": {
      "type": "vb/ServiceDataProvider",
      "defaultValue": {
        "endpoint": "businessObjects/getall_Customer",
        "idAttribute": "id",
        "itemsPath": "items",
        "responseType": "page:getallCustomerResponse",
        "uriParameters": {}
      }
    },
    "payload": {
      "type": "updatePayload"
    },
    "receivablesInvoiceLineListSDP": {
      "type": "vb/ServiceDataProvider",
      "defaultValue": {
        "endpoint": "businessObjects/getall_ReceivablesInvoiceLine",
        "idAttribute": "id",
        "itemsPath": "items",
        "responseType": "page:getallReceivablesInvoiceLineResponse",
        "filterCriterion": {
          "criteria": [
            {
              "attribute": "invoice",
              "op": "$eq",
              "value": "{{ $variables.invoiceId }}"
            }
          ]
        }
      }
    }
  },
  "metadata": {},
  "types": {
    "getInvoiceResponse": {
      "BillToCustomerNumber": "string",
      "BusinessUnit": "string",
      "customer": "number",
      "discount": "number",
      "discountedAmount": "number",
      "InternalCurrencyCode": "string",
      "PaymentTerms": "string",
      "totalAmount": "number",
      "TransactionDate": "string",
      "TransactionSource": "string",
      "TransactionType": "string"
    },
    "@decorators.getInvoiceResponse": {
      "endpoint": "get_Invoice",
      "service": "businessObjects",
      "path": "response"
    },
    "businessObjectsServiceErrorResponseType": {
      "body": {
        "status": "string",
        "title": "string",
        "o:errorDetails": [
          {
            "detail": "string",
            "o:errorCode": "string"
          }
        ]
      },
      "status": "number"
    },
    "getallCustomerResponse": {
      "items": [
        {
          "customerName": "string",
          "id": "number"
        }
      ]
    },
    "@decorators.getallCustomerResponse": {
      "endpoint": "getall_Customer",
      "service": "businessObjects",
      "path": "response"
    },
    "@decorators.updatePayload": {
      "endpoint": "update_Invoice",
      "service": "businessObjects",
      "path": "request"
    },
    "updatePayload": {
      "BillToCustomerNumber": "string",
      "BusinessUnit": "string",
      "customer": "number",
      "discount": "number",
      "InternalCurrencyCode": "string",
      "PaymentTerms": "string",
      "status": "string",
      "TransactionDate": "string",
      "TransactionSource": "string",
      "TransactionType": "string"
    },
    "getallReceivablesInvoiceLineResponse": {
      "items": [
        {
          "Description": "string",
          "id": "number",
          "lineTotal": "number",
          "Quantity": "number",
          "UnitSellingPrice": "number"
        }
      ]
    },
    "@decorators.getallReceivablesInvoiceLineResponse": {
      "endpoint": "getall_ReceivablesInvoiceLine",
      "service": "businessObjects",
      "path": "response"
    }
  },
  "chains": {
    "goBackChain": {
      "root": "navigateBack",
      "actions": {
        "navigateBack": {
          "module": "vb/action/builtin/navigateBackAction",
          "outcomes": {
            "success": ""
          }
        }
      }
    },
    "loadInvoiceChain": {
      "root": "loadInvoice",
      "actions": {
        "loadInvoice": {
          "module": "vb/action/builtin/restAction",
          "parameters": {
            "endpoint": "businessObjects/get_Invoice",
            "uriParams": {
              "Invoice_Id": "[[ $page.variables.invoiceId ]]"
            },
            "responseType": "page:getInvoiceResponse"
          },
          "outcomes": {
            "success": "assignPayload",
            "failure": "fireErrorNotification"
          }
        },
        "assignPayload": {
          "module": "vb/action/builtin/assignVariablesAction",
          "parameters": {
            "$page.variables.invoice": {
              "source": "{{ $chain.results.loadInvoice.body }}"
            },
            "$page.variables.invoiceETag": {
              "source": "[[ $chain.results.loadInvoice.headers.get('ETag') ]]"
            }
          },
          "outcomes": {}
        },
        "fireErrorNotification": {
          "module": "vb/action/builtin/fireNotificationEventAction",
          "parameters": {
            "summary": "Could not load data",
            "message": "{{ 'Could not load data: status ' + $chain.results.loadInvoice.payload.status }}",
            "type": "error",
            "displayMode": "persist"
          },
          "outcomes": {}
        }
      }
    },
    "saveInvoiceChain": {
      "variables": {
        "saveFailureResult": {
          "type": "page:businessObjectsServiceErrorResponseType"
        },
        "errorMessage": {
          "type": "string"
        },
        "saveHeaders": {
          "type": "object"
        }
      },
      "root": "assignVariables1",
      "actions": {
        "checkETag": {
          "module": "vb/action/builtin/ifAction",
          "parameters": {
            "condition": "[[ $page.variables.invoiceETag ]]"
          },
          "outcomes": {
            "true": "assignIfMatchHeader",
            "false": "saveInvoice"
          }
        },
        "assignIfMatchHeader": {
          "module": "vb/action/builtin/assignVariablesAction",
          "parameters": {
            "$chain.variables.saveHeaders": {
              "source": "[[ { 'If-Match': $page.variables.invoiceETag } ]]"
            }
          },
          "outcomes": {
            "success": "saveInvoice"
          }
        },
        "saveInvoice": {
          "module": "vb/action/builtin/restAction",
          "parameters": {
            "endpoint": "businessObjects/update_Invoice",
            "body": "{{ $page.variables.payload }}",
            "requestType": "json",
            "uriParams": {
              "Invoice_Id": "[[ $page.variables.invoiceId ]]"
            },
            "headers": "[[ $chain.variables.saveHeaders ]]"
          },
          "outcomes": {
            "success": "assignPayload",
            "failure": "assignFailureResult"
          }
        },
        "assignPayload": {
          "module": "vb/action/builtin/assignVariablesAction",
          "parameters": {
            "$page.variables.invoice": {
              "source": "{{ $chain.results.saveInvoice.body }}"
            },
            "$page.variables.invoiceETag": {
              "source": "[[ $chain.results.saveInvoice.headers.get('ETag') ]]"
            }
          },
          "outcomes": {
            "success": "fireSuccessNotification"
          }
        },
        "fireSuccessNotification": {
          "module": "vb/action/builtin/fireNotificationEventAction",
          "parameters": {
            "summary": "Invoice saved",
            "message": "Invoice record successfully updated",
            "type": "confirmation",
            "displayMode": "transient"
          },
          "outcomes": {
            "success": "callGoBackChain"
          }
        },
        "callGoBackChain": {
          "module": "vb/action/builtin/callChainAction",
          "parameters": {
            "id": "goBackChain"
          }
        },
        "assignFailureResult": {
          "module": "vb/action/builtin/assignVariablesAction",
          "parameters": {
            "$chain.variables.saveFailureResult": {
              "source": "[[ $chain.results.saveInvoice.payload ]]"
            }
          },
          "outcomes": {
            "success": "testFailureDetails"
          }
        },
        "testFailureDetails": {
          "module": "vb/action/builtin/ifAction",
          "outcomes": {
            "true": "handleDetailedErrorMessage",
            "false": "handleDefaultErrorMessage"
          },
          "parameters": {
            "condition": "[[ $chain.variables.saveFailureResult.body['o:errorDetails'][0] ]]"
          }
        },
        "handleDetailedErrorMessage": {
          "module": "vb/action/builtin/assignVariablesAction",
          "outcomes": {
            "success": "fireErrorNotification"
          },
          "parameters": {
            "$chain.variables.errorMessage": {
              "source": "[[ $chain.variables.saveFailureResult.body['o:errorDetails'][0].detail ]]"
            }
          }
        },
        "handleDefaultErrorMessage": {
          "module": "vb/action/builtin/assignVariablesAction",
          "outcomes": {
            "success": "fireErrorNotification"
          },
          "parameters": {
            "$chain.variables.errorMessage": {
              "source": "[[ 'Could not update Invoice: status ' + $chain.results.saveInvoice.payload.status ]]"
            }
          }
        },
        "fireErrorNotification": {
          "module": "vb/action/builtin/fireNotificationEventAction",
          "parameters": {
            "summary": "Save failed",
            "message": "[[ $chain.variables.errorMessage ]]",
            "type": "error",
            "displayMode": "persist"
          }
        },
        "assignVariables1": {
          "module": "vb/action/builtin/assignVariablesAction",
          "parameters": {
            "$page.variables.payload": {
              "source": "{{ $page.variables.invoice }}",
              "auto": "always"
            }
          },
          "outcomes": {
            "success": "checkETag"
          }
        }
      }
    },
    "FormLayoutClickChain": {
      "description": "",
      "variables": {
        "detail": {
          "required": true,
          "type": "any",
          "input": "fromCaller"
        }
      },
      "root": "callRestEndpoint1",
      "actions": {
        "callRestEndpoint1": {
          "module": "vb/action/builtin/restAction",
          "parameters": {
            "endpoint": "businessObjects/get_Customer",
            "uriParams": {
              "Customer_Id": "{{ $chain.variables.detail }}"
            }
          },
          "outcomes": {
            "failure": "fireNotification1",
            "success": "assignVariables1"
          }
        },
        "fireNotification1": {
          "module": "vb/action/builtin/fireNotificationEventAction",
          "parameters": {
            "target": "leaf",
            "summary": "[[ $chain.results.callRestEndpoint1.message.summary ]]",
            "type": "error",
            "displayMode": "persist"
          }
        },
        "assignVariables1": {
          "module": "vb/action/builtin/assignVariablesAction",
          "parameters": {
            "$page.variables.invoice": {
              "source": {
                "BusinessUnit": "{{ $chain.results.callRestEndpoint1.body.businessUnit }}",
                "BillToCustomerNumber": "{{ $chain.results.callRestEndpoint1.body.customerNumber }}",
                "InternalCurrencyCode": "{{ $chain.results.callRestEndpoint1.body.invoiceCurrencyCode }}"
              },
              "reset": "none",
              "auto": "always"
            }
          }
        }
      }
    },
    "navigateToCreateReceivablesInvoiceLineChain": {
      "root": "navigateToCreate",
      "actions": {
        "navigateToCreate": {
          "module": "vb/action/builtin/navigateToPageAction",
          "parameters": {
            "history": "push",
            "page": "main-create-receivables-invoice-line",
            "params": {
              "InvoiceId": "{{ $page.variables.invoiceId }}"
            }
          },
          "outcomes": {
            "success": ""
          }
        }
      }
    }
  },
  "eventListeners": {
    "backButtonClicked": {
      "chains": [
        {
          "chainId": "goBackChain"
        }
      ]
    },
    "saveButtonClicked": {
      "chains": [
        {
          "chainId": "saveInvoiceChain"
        }
      ]
    },
    "vbEnter": {
      "chains": [
        {
          "chainId": "loadInvoiceChain"
        }
      ]
    },
    "ojFormLayoutClick": {
      "chains": [
        {
          "chainId": "FormLayoutClickChain",
          "parameters": {
            "detail": "{{ $event.detail }}"
          }
        }
      ]
    },
    "createReceivablesInvoiceLineButtonClicked": {
      "chains": [
        {
          "chainId": "navigateToCreateReceivablesInvoiceLineChain"
        }
      ]
    }
  },
  "imports": {
    "components": {
      "oj-form-layout": {
        "path": "ojs/ojformlayout"
      },
      "oj-select-one": {
        "path": "ojs/ojselectcombobox"
      },
      "oj-input-text": {
        "path": "ojs/ojinputtext"
      },
      "oj-input-date": {
        "path": "ojs/ojdatetimepicker"
      },
      "oj-input-number": {
        "path": "ojs/ojinputnumber"
      },
      "oj-toolbar": {
        "path": "ojs/ojtoolbar"
      },
      "oj-button": {
        "path": "ojs/ojbutton"
      },
      "oj-table": {
        "path": "ojs/ojtable"
      }
    }
  }
}