{
    "fields": [
        {
            "displayLabel": "Id",
            "internal": true,
            "key": true,
            "name": "id",
            "oid": "37da02f6-703f-4ae3-98db-ca3d17ce0b4a",
            "required": true,
            "type": "number",
            "unique": true
        },
        {
            "displayLabel": "Created",
            "internal": true,
            "name": "creationDate",
            "oid": "4c2ac0f2-b8be-4825-b041-17d22792cca7",
            "type": "datetime"
        },
        {
            "displayLabel": "Last Updated",
            "internal": true,
            "name": "lastUpdateDate",
            "oid": "64549c76-6af8-4a5f-b18a-3da47c62d35f",
            "type": "datetime"
        },
        {
            "displayLabel": "Created By",
            "internal": true,
            "name": "createdBy",
            "oid": "9d0525e9-ae61-4554-89ce-244767b099f8",
            "type": "string"
        },
        {
            "displayLabel": "Last Updated By",
            "internal": true,
            "name": "lastUpdatedBy",
            "oid": "4bb615eb-e10d-4235-b617-1336c56473f8",
            "type": "string"
        },
        {
            "displayLabel": "<internal>",
            "hidden": true,
            "internal": true,
            "name": "abcsChangeNumber",
            "oid": "1c5e73a1-3677-4cdc-af6b-9497891257c3",
            "type": "number"
        },
        {
            "name": "name",
            "oid": "93dcc0de-1674-432e-9514-bcba61e475a5",
            "displayLabel": "Name",
            "type": "string",
            "required": true
        }
    ],
    "name": "SalesPerson",
    "oid": "dc02a0c9-bba6-4360-9089-76219888f50d",
    "displayLabel": "Sales Person",
    "relationships": [
    ]
}