{
  "pageModelVersion": "18.4.1",
  "title": "",
  "description": "",
  "variables": {
    "invoiceHeaderListSDP": {
      "type": "vb/ServiceDataProvider",
      "defaultValue": {
        "endpoint": "businessObjects/getall_InvoiceHeader",
        "idAttribute": "id",
        "itemsPath": "items",
        "responseType": "page:getallInvoiceHeaderResponse"
      }
    }
  },
  "types": {
    "getallInvoiceHeaderResponse": {
      "items": [
        {
          "customerName": "number",
          "id": "number",
          "invoiceReference": "string",
          "lastUpdateDate": "string",
          "requestorName": "string",
          "revenueDepartmentApprov": "string",
          "status": "string",
          "transactionType": "number"
        }
      ]
    },
    "@decorators.getallInvoiceHeaderResponse": {
      "endpoint": "getall_InvoiceHeader",
      "service": "businessObjects",
      "path": "response"
    }
  },
  "chains": {
    "navigateToCreateInvoiceHeaderChain": {
      "root": "navigateToCreate",
      "actions": {
        "navigateToCreate": {
          "module": "vb/action/builtin/navigateToPageAction",
          "parameters": {
            "history": "push",
            "page": "main-create-invoice",
            "params": {}
          },
          "outcomes": {
            "success": ""
          }
        }
      }
    }
  },
  "eventListeners": {
    "createInvoiceHeaderButtonClicked": {
      "chains": [
        {
          "chainId": "navigateToCreateInvoiceHeaderChain"
        }
      ]
    }
  },
  "imports": {
    "components": {
      "oj-table": {
        "path": "ojs/ojtable"
      },
      "oj-toolbar": {
        "path": "ojs/ojtoolbar"
      },
      "oj-button": {
        "path": "ojs/ojbutton"
      }
    }
  }
}