{
  "pageModelVersion": "19.4.3",
  "title": "Create Line",
  "description": "Creates new InvoiceLine",
  "variables": {
    "invoiceLine": {
      "type": "page:createInvoiceLineRequest",
      "defaultValue": {
        "invoiceHeaderId": "{{$page.variables.invoiceHeaderIdPassVar}}",
        "quantity": 1
      }
    },
    "invoiceHeaderListSDP": {
      "type": "vb/ServiceDataProvider",
      "defaultValue": {
        "endpoint": "businessObjects/getall_InvoiceHeader",
        "idAttribute": "id",
        "itemsPath": "items",
        "responseType": "page:getallInvoiceHeaderResponse",
        "uriParameters": {}
      }
    },
    "memoLineListSDP": {
      "type": "vb/ServiceDataProvider",
      "defaultValue": {
        "endpoint": "businessObjects/getall_MemoLine",
        "idAttribute": "id",
        "itemsPath": "items",
        "responseType": "page:getallMemoLineResponse",
        "uriParameters": {}
      }
    },
    "taxCodeListSDP": {
      "type": "vb/ServiceDataProvider",
      "defaultValue": {
        "endpoint": "businessObjects/getall_TaxCode",
        "idAttribute": "id",
        "itemsPath": "items",
        "responseType": "page:getallTaxCodeResponse",
        "uriParameters": {}
      }
    },
    "invoiceHeaderIdPassVar": {
      "type": "string",
      "required": true,
      "input": "fromUrl"
    },
    "createDistributionPayloadVar": {
      "type": "create_InvoiceDistribution"
    }
  },
  "metadata": {},
  "types": {
    "createInvoiceLineRequest": {
      "amount": "number",
      "description": "string",
      "invoiceHeaderId": "number",
      "memoLine": "string",
      "quantity": "number",
      "taxCode": "number",
      "taxRate": "number",
      "unitPrice": "number"
    },
    "@decorators.createInvoiceLineRequest": {
      "endpoint": "create_InvoiceLine",
      "service": "businessObjects",
      "path": "request"
    },
    "businessObjectsServiceErrorResponseType": {
      "body": {
        "status": "string",
        "title": "string",
        "o:errorDetails": [
          {
            "detail": "string",
            "o:errorCode": "string"
          }
        ]
      },
      "status": "number"
    },
    "getallInvoiceHeaderResponse": {
      "items": [
        {
          "id": "number"
        }
      ]
    },
    "@decorators.getallInvoiceHeaderResponse": {
      "endpoint": "getall_InvoiceHeader",
      "service": "businessObjects",
      "path": "response"
    },
    "getallMemoLineResponse": {
      "items": [
        {
          "id": "number",
          "name": "string"
        }
      ]
    },
    "@decorators.getallMemoLineResponse": {
      "endpoint": "getall_MemoLine",
      "service": "businessObjects",
      "path": "response"
    },
    "getallTaxCodeResponse": {
      "items": [
        {
          "id": "number",
          "name": "string"
        }
      ]
    },
    "@decorators.getallTaxCodeResponse": {
      "endpoint": "getall_TaxCode",
      "service": "businessObjects",
      "path": "response"
    },
    "@decorators.create_InvoiceDistribution": {
      "endpoint": "create_InvoiceDistribution",
      "service": "businessObjects",
      "path": "request"
    },
    "create_InvoiceDistribution": {
      "allocationAmount": "number",
      "allocationPercentage": "number",
      "analysis": "string",
      "analysisRef": "number",
      "costCentre": "string",
      "costCentreRef": "number",
      "intercompany": "string",
      "intercompanyRef": "number",
      "invoiceHeaderId": "number",
      "invoiceLineId": "number",
      "lineAmount": "number",
      "organization": "string",
      "organizationRef": "number",
      "spare1": "string",
      "spare1Ref": "number",
      "spare2": "string",
      "spare2Ref": "number",
      "subjective": "string",
      "subjectiveRef": "number",
      "wGA": "string",
      "wgaRef": "number"
    }
  },
  "chains": {
    "goBackChain": {
      "root": "navigateBack",
      "actions": {
        "navigateBack": {
          "module": "vb/action/builtin/navigateBackAction",
          "outcomes": {
            "success": ""
          }
        }
      }
    },
    "createInvoiceLineChain": {
      "root": "assignVariables1",
      "variables": {
        "saveFailureResult": {
          "type": "page:businessObjectsServiceErrorResponseType"
        },
        "errorMessage": {
          "type": "string"
        }
      },
      "actions": {
        "createInvoiceLine": {
          "module": "vb/action/builtin/restAction",
          "parameters": {
            "endpoint": "businessObjects/create_InvoiceLine",
            "body": "[[ $page.variables.invoiceLine ]]"
          },
          "outcomes": {
            "success": "fireSuccessNotification",
            "failure": "assignFailureResult"
          }
        },
        "fireSuccessNotification": {
          "module": "vb/action/builtin/fireNotificationEventAction",
          "parameters": {
            "summary": "InvoiceLine saved",
            "message": "InvoiceLine record successfully created",
            "type": "confirmation",
            "displayMode": "transient"
          },
          "outcomes": {
            "success": "navigateBack"
          }
        },
        "navigateBack": {
          "module": "vb/action/builtin/navigateBackAction",
          "outcomes": {
            "success": ""
          }
        },
        "assignFailureResult": {
          "module": "vb/action/builtin/assignVariablesAction",
          "parameters": {
            "$chain.variables.saveFailureResult": {
              "source": "[[ $chain.results.createInvoiceLine.payload ]]"
            }
          },
          "outcomes": {
            "success": "testFailureDetails"
          }
        },
        "testFailureDetails": {
          "module": "vb/action/builtin/ifAction",
          "outcomes": {
            "true": "handleDetailedErrorMessage",
            "false": "handleDefaultErrorMessage"
          },
          "parameters": {
            "condition": "[[ $chain.variables.saveFailureResult.body['o:errorDetails'][0] ]]"
          }
        },
        "handleDetailedErrorMessage": {
          "module": "vb/action/builtin/assignVariablesAction",
          "outcomes": {
            "success": "fireErrorNotification"
          },
          "parameters": {
            "$chain.variables.errorMessage": {
              "source": "[[ $chain.variables.saveFailureResult.body['o:errorDetails'][0].detail ]]"
            }
          }
        },
        "handleDefaultErrorMessage": {
          "module": "vb/action/builtin/assignVariablesAction",
          "outcomes": {
            "success": "fireErrorNotification"
          },
          "parameters": {
            "$chain.variables.errorMessage": {
              "source": "[[ 'Could not create new InvoiceLine: status ' + $chain.variables.saveFailureResult.status ]]"
            }
          }
        },
        "fireErrorNotification": {
          "module": "vb/action/builtin/fireNotificationEventAction",
          "parameters": {
            "summary": "Save failed",
            "message": "[[ $chain.variables.errorMessage ]]",
            "type": "error",
            "displayMode": "persist"
          },
          "outcomes": {}
        },
        "assignVariables1": {
          "module": "vb/action/builtin/assignVariablesAction",
          "parameters": {
            "$page.variables.invoiceLine": {
              "source": {
                "amount": "{{ $page.variables.invoiceLine.quantity*$page.variables.invoiceLine.unitPrice }}"
              },
              "reset": "none",
              "auto": "always"
            }
          },
          "outcomes": {
            "success": "createInvoiceLine"
          }
        }
      }
    },
    "TaxCodeValueChangeChain": {
      "description": "",
      "variables": {
        "value": {
          "required": true,
          "type": "any",
          "input": "fromCaller"
        }
      },
      "root": "if1",
      "actions": {
        "fireNotification1": {
          "module": "vb/action/builtin/fireNotificationEventAction",
          "parameters": {
            "target": "leaf",
            "summary": "[[ $chain.results.callGetTaxCodeRestEndpoint.message.summary ]]",
            "type": "error",
            "displayMode": "persist"
          }
        },
        "if1": {
          "module": "vb/action/builtin/ifAction",
          "parameters": {
            "condition": "[[ $page.variables.invoiceLine.taxCode  !== undefined]]"
          },
          "outcomes": {
            "true": "callGetTaxCodeRestEndpoint"
          }
        },
        "callGetTaxCodeRestEndpoint": {
          "module": "vb/action/builtin/restAction",
          "parameters": {
            "endpoint": "businessObjects/get_TaxCode",
            "uriParams": {
              "TaxCode_Id": "{{ $chain.variables.value }}"
            }
          },
          "outcomes": {
            "failure": "fireNotification1",
            "success": "assignTaxRate"
          }
        },
        "assignTaxRate": {
          "module": "vb/action/builtin/assignVariablesAction",
          "parameters": {
            "$page.variables.invoiceLine": {
              "source": {
                "taxRate": "{{ $chain.results.callGetTaxCodeRestEndpoint.body.rate }}"
              },
              "reset": "none",
              "auto": "always"
            }
          }
        }
      }
    },
    "MemoLineValueChangeChain": {
      "description": "",
      "variables": {
        "value": {
          "required": true,
          "type": "any",
          "input": "fromCaller"
        }
      },
      "root": "if1",
      "actions": {
        "fireNotification1": {
          "module": "vb/action/builtin/fireNotificationEventAction",
          "parameters": {
            "target": "leaf",
            "summary": "[[ $chain.results.callGetMemoLineRestEndpoint.message.summary ]]",
            "type": "error",
            "displayMode": "persist"
          }
        },
        "if1": {
          "module": "vb/action/builtin/ifAction",
          "parameters": {
            "condition": "[[ $page.variables.invoiceLine.memoLine !== undefined]]"
          },
          "outcomes": {
            "true": "callGetMemoLineRestEndpoint"
          }
        },
        "callGetMemoLineRestEndpoint": {
          "module": "vb/action/builtin/restAction",
          "parameters": {
            "endpoint": "businessObjects/get_MemoLine",
            "uriParams": {
              "MemoLine_Id": "{{ $chain.variables.value }}"
            }
          },
          "outcomes": {
            "failure": "fireNotification1",
            "success": "assignDescription"
          }
        },
        "assignDescription": {
          "module": "vb/action/builtin/assignVariablesAction",
          "parameters": {
            "$page.variables.invoiceLine": {
              "source": {
                "description": "{{ $chain.results.callGetMemoLineRestEndpoint.body.description }}"
              },
              "reset": "none",
              "auto": "always"
            }
          }
        }
      }
    },
    "addDistributionChain": {
      "root": "assignVariables1",
      "variables": {
        "saveFailureResult": {
          "type": "page:businessObjectsServiceErrorResponseType"
        },
        "errorMessage": {
          "type": "string"
        }
      },
      "actions": {
        "createInvoiceLine": {
          "module": "vb/action/builtin/restAction",
          "parameters": {
            "endpoint": "businessObjects/create_InvoiceLine",
            "body": "[[ $page.variables.invoiceLine ]]"
          },
          "outcomes": {
            "success": "fireSuccessNotification",
            "failure": "assignFailureResult"
          }
        },
        "fireSuccessNotification": {
          "module": "vb/action/builtin/fireNotificationEventAction",
          "parameters": {
            "summary": "InvoiceLine saved",
            "message": "InvoiceLine record successfully created",
            "type": "confirmation",
            "displayMode": "transient"
          },
          "outcomes": {
            "success": "assignVariables2"
          }
        },
        "assignFailureResult": {
          "module": "vb/action/builtin/assignVariablesAction",
          "parameters": {
            "$chain.variables.saveFailureResult": {
              "source": "[[ $chain.results.createInvoiceLine.payload ]]"
            }
          },
          "outcomes": {
            "success": "testFailureDetails"
          }
        },
        "testFailureDetails": {
          "module": "vb/action/builtin/ifAction",
          "outcomes": {
            "true": "handleDetailedErrorMessage",
            "false": "handleDefaultErrorMessage"
          },
          "parameters": {
            "condition": "[[ $chain.variables.saveFailureResult.body['o:errorDetails'][0] ]]"
          }
        },
        "handleDetailedErrorMessage": {
          "module": "vb/action/builtin/assignVariablesAction",
          "outcomes": {
            "success": "fireErrorNotification"
          },
          "parameters": {
            "$chain.variables.errorMessage": {
              "source": "[[ $chain.variables.saveFailureResult.body['o:errorDetails'][0].detail ]]"
            }
          }
        },
        "handleDefaultErrorMessage": {
          "module": "vb/action/builtin/assignVariablesAction",
          "outcomes": {
            "success": "fireErrorNotification"
          },
          "parameters": {
            "$chain.variables.errorMessage": {
              "source": "[[ 'Could not create new InvoiceLine: status ' + $chain.variables.saveFailureResult.status ]]"
            }
          }
        },
        "fireErrorNotification": {
          "module": "vb/action/builtin/fireNotificationEventAction",
          "parameters": {
            "summary": "Save failed",
            "message": "[[ $chain.variables.errorMessage ]]",
            "type": "error",
            "displayMode": "persist"
          },
          "outcomes": {}
        },
        "assignVariables1": {
          "module": "vb/action/builtin/assignVariablesAction",
          "parameters": {
            "$page.variables.invoiceLine": {
              "source": {
                "amount": "{{ $page.variables.invoiceLine.quantity*$page.variables.invoiceLine.unitPrice }}"
              },
              "reset": "none",
              "auto": "always"
            }
          },
          "outcomes": {
            "success": "createInvoiceLine"
          }
        },
        "navigateToCreateDisPage": {
          "module": "vb/action/builtin/navigateToPageAction",
          "parameters": {
            "page": "main-edit-invoice-line",
            "params": {
              "invoiceLineId": "{{ $chain.results.createInvoiceLine.body.id }}",
              "invoiceHeaderIdVarPass": "{{ $page.variables.invoiceHeaderIdPassVar }}"
            }
          }
        },
        "fireNotification1": {
          "module": "vb/action/builtin/fireNotificationEventAction",
          "parameters": {
            "target": "leaf",
            "summary": "[[ $chain.results.generateInvoiceDistribution.message.summary ]]",
            "type": "error",
            "displayMode": "persist"
          }
        },
        "assignVariables2": {
          "module": "vb/action/builtin/assignVariablesAction",
          "parameters": {
            "$page.variables.createDistributionPayloadVar": {
              "source": {
                "allocationAmount": "{{ $page.variables.invoiceLine.amount }}",
                "allocationPercentage": 100,
                "lineAmount": "{{ $page.variables.invoiceLine.amount }}",
                "organizationRef": "1",
                "organization": "RJ1",
                "costCentreRef": "1",
                "costCentre": "900000",
                "subjectiveRef": "1",
                "subjective": "22010",
                "wgaRef": "1",
                "wGA": "000000",
                "intercompanyRef": "1",
                "intercompany": "000",
                "analysisRef": "1",
                "analysis": "000000",
                "spare1Ref": "1",
                "spare1": "000000",
                "spare2Ref": "1",
                "spare2": "000000",
                "invoiceHeaderId": "{{ $chain.results.createInvoiceLine.body.invoiceHeaderId }}",
                "invoiceLineId": "{{ $chain.results.createInvoiceLine.body.id }}"
              },
              "reset": "none",
              "auto": "always"
            }
          },
          "outcomes": {
            "success": "generateInvoiceDistribution"
          }
        },
        "generateInvoiceDistribution": {
          "module": "vb/action/builtin/restAction",
          "parameters": {
            "endpoint": "businessObjects/create_InvoiceDistribution",
            "body": "{{ $page.variables.createDistributionPayloadVar }}"
          },
          "outcomes": {
            "failure": "navigateToCreateDisPage",
            "success": "navigateToCreateDisPage"
          }
        }
      }
    },
    "ButtonActionChain": {
      "description": "",
      "variables": {
        "detail": {
          "required": true,
          "type": "any",
          "input": "fromCaller"
        }
      },
      "root": "",
      "actions": {}
    }
  },
  "eventListeners": {
    "backButtonClicked": {
      "chains": [
        {
          "chainId": "goBackChain"
        }
      ]
    },
    "saveButtonClicked": {
      "chains": [
        {
          "chainId": "createInvoiceLineChain"
        }
      ]
    },
    "ojSelectOneValue": {
      "chains": [
        {
          "chainId": "TaxCodeValueChangeChain",
          "parameters": {
            "value": "{{ $event.detail.value }}"
          }
        }
      ]
    },
    "ojSelectOneValue2": {
      "chains": [
        {
          "chainId": "MemoLineValueChangeChain",
          "parameters": {
            "value": "{{ $event.detail.value }}"
          }
        }
      ]
    },
    "ojButtonOjAction": {
      "chains": [
        {
          "chainId": "addDistributionChain"
        }
      ]
    }
  },
  "imports": {
    "components": {
      "oj-form-layout": {
        "path": "ojs/ojformlayout"
      },
      "oj-select-one": {
        "path": "ojs/ojselectcombobox"
      },
      "oj-input-text": {
        "path": "ojs/ojinputtext"
      },
      "oj-input-number": {
        "path": "ojs/ojinputnumber"
      },
      "oj-toolbar": {
        "path": "ojs/ojtoolbar"
      },
      "oj-button": {
        "path": "ojs/ojbutton"
      }
    }
  }
}