id,creationDate,lastUpdateDate,createdBy,lastUpdatedBy,organizationRef,costCentreRef,subjectiveRef,wgaRef,intercompanyRef,analysisRef,spare1Ref,spare2Ref,invoiceReference,invoiceHeaderId,invoiceLineId,distributionLineNumber,invoiceLineNumber,allocationPercentage,allocationAmount,lineAmount
29,2020-11-14T07:47:32,2020-11-14T07:48:53,techtutorsti@gmail.com,techtutorsti@gmail.com,1,1,1,1,1,1,1,1,,5,21,,,100.0,110.00000000000001,110.00000000000001
50,2020-11-16T06:48:48,2020-11-16T06:48:48.054,techtutorsti@gmail.com,techtutorsti@gmail.com,1,1,1,1,1,1,1,1,,47,48,,,100.0,114.99999999999999,114.99999999999999
51,2020-11-16T07:31:52,2020-11-16T07:31:52.038,techtutorsti@gmail.com,techtutorsti@gmail.com,1,1,1,1,1,1,1,1,,48,49,,,100.0,110.00000000000001,110.00000000000001
52,2020-11-16T10:02:59,2020-11-16T10:02:59.043,techtutorsti@gmail.com,techtutorsti@gmail.com,1,1,1,1,1,1,1,1,,49,50,,,100.0,2200.0,2200.0
