{
  "pageModelVersion": "19.4.3",
  "title": "Create Invoice",
  "description": "Creates new InvoiceHeader",
  "variables": {
    "invoiceHeader": {
      "type": "page:createInvoiceHeaderRequest"
    },
    "transactionTypeListSDP": {
      "type": "vb/ServiceDataProvider",
      "defaultValue": {
        "endpoint": "businessObjects/getall_TransactionType",
        "idAttribute": "id",
        "itemsPath": "items",
        "responseType": "page:getallTransactionTypeResponse",
        "uriParameters": {}
      }
    },
    "customerListSDP": {
      "type": "vb/ServiceDataProvider",
      "defaultValue": {
        "endpoint": "businessObjects/getall_Customer",
        "idAttribute": "id",
        "itemsPath": "items",
        "responseType": "page:getallCustomerResponse",
        "uriParameters": {}
      }
    },
    "creditReasonListSDP": {
      "type": "vb/ServiceDataProvider",
      "defaultValue": {
        "endpoint": "businessObjects/getall_CreditReason",
        "idAttribute": "id",
        "itemsPath": "items",
        "responseType": "page:getallCreditReasonResponse",
        "uriParameters": {}
      }
    },
    "invoicingRuleListSDP": {
      "type": "vb/ServiceDataProvider",
      "defaultValue": {
        "endpoint": "businessObjects/getall_InvoicingRule",
        "idAttribute": "id",
        "itemsPath": "items",
        "responseType": "page:getallInvoicingRuleResponse",
        "uriParameters": {}
      }
    },
    "currencyListSDP": {
      "type": "vb/ServiceDataProvider",
      "defaultValue": {
        "endpoint": "businessObjects/getall_Currency",
        "idAttribute": "id",
        "itemsPath": "items",
        "responseType": "page:getallCurrencyResponse",
        "uriParameters": {}
      }
    },
    "salesPersonListSDP": {
      "type": "vb/ServiceDataProvider",
      "defaultValue": {
        "endpoint": "businessObjects/getall_SalesPerson",
        "idAttribute": "id",
        "itemsPath": "items",
        "responseType": "page:getallSalesPersonResponse",
        "uriParameters": {}
      }
    },
    "printOptionListSDP": {
      "type": "vb/ServiceDataProvider",
      "defaultValue": {
        "endpoint": "businessObjects/getall_PrintOption",
        "idAttribute": "id",
        "itemsPath": "items",
        "responseType": "page:getallPrintOptionResponse",
        "uriParameters": {}
      }
    },
    "customerAddressListSDP": {
      "type": "vb/ServiceDataProvider",
      "defaultValue": {
        "endpoint": "businessObjects/getall_CustomerAddress",
        "idAttribute": "id",
        "itemsPath": "items",
        "responseType": "page:getallCustomerAddressResponse",
        "uriParameters": {}
      }
    },
    "invoiceLineListSDP": {
      "type": "vb/ServiceDataProvider",
      "defaultValue": {
        "endpoint": "businessObjects/getall_InvoiceLine",
        "idAttribute": "id",
        "itemsPath": "items",
        "responseType": "page:getallInvoiceLineResponse"
      }
    },
    "oj_table_571486735_1SelectedId": {
      "type": "string",
      "defaultValue": ""
    },
    "invoiceId": {
      "type": "string"
    }
  },
  "metadata": {},
  "types": {
    "createInvoiceHeaderRequest": {
      "addressLine1": "string",
      "addressLine2": "string",
      "admissionDate": "string",
      "billToLocation": "number",
      "city": "string",
      "commentsToApprover": "string",
      "creditReason": "number",
      "currency": "number",
      "customerName": "number",
      "dischargeDate": "string",
      "insuranceCompany": "string",
      "insuranceNumber": "string",
      "invoiceReference": "string",
      "invoicingRule": "number",
      "notesToBeIncludedOnTran": "string",
      "patientDateOfBirth": "string",
      "policyNumber": "string",
      "pONumber": "string",
      "postalCode": "string",
      "printOption": "number",
      "profileClass": "string",
      "reconciliationReference": "string",
      "requestorName": "string",
      "revenueDepartmentApprov": "string",
      "salesPersonName": "number",
      "specialInstructions": "string",
      "status": "string",
      "transactionDate": "string",
      "transactionType": "number"
    },
    "@decorators.createInvoiceHeaderRequest": {
      "endpoint": "create_InvoiceHeader",
      "service": "businessObjects",
      "path": "request"
    },
    "businessObjectsServiceErrorResponseType": {
      "body": {
        "status": "string",
        "title": "string",
        "o:errorDetails": [
          {
            "detail": "string",
            "o:errorCode": "string"
          }
        ]
      },
      "status": "number"
    },
    "getallTransactionTypeResponse": {
      "items": [
        {
          "id": "number",
          "name": "string"
        }
      ]
    },
    "@decorators.getallTransactionTypeResponse": {
      "endpoint": "getall_TransactionType",
      "service": "businessObjects",
      "path": "response"
    },
    "getallCustomerResponse": {
      "items": [
        {
          "id": "number",
          "name": "string"
        }
      ]
    },
    "@decorators.getallCustomerResponse": {
      "endpoint": "getall_Customer",
      "service": "businessObjects",
      "path": "response"
    },
    "getallCreditReasonResponse": {
      "items": [
        {
          "id": "number",
          "name": "string"
        }
      ]
    },
    "@decorators.getallCreditReasonResponse": {
      "endpoint": "getall_CreditReason",
      "service": "businessObjects",
      "path": "response"
    },
    "getallInvoicingRuleResponse": {
      "items": [
        {
          "id": "number",
          "name": "string"
        }
      ]
    },
    "@decorators.getallInvoicingRuleResponse": {
      "endpoint": "getall_InvoicingRule",
      "service": "businessObjects",
      "path": "response"
    },
    "getallCurrencyResponse": {
      "items": [
        {
          "code": "string",
          "id": "number"
        }
      ]
    },
    "@decorators.getallCurrencyResponse": {
      "endpoint": "getall_Currency",
      "service": "businessObjects",
      "path": "response"
    },
    "getallSalesPersonResponse": {
      "items": [
        {
          "id": "number",
          "name": "string"
        }
      ]
    },
    "@decorators.getallSalesPersonResponse": {
      "endpoint": "getall_SalesPerson",
      "service": "businessObjects",
      "path": "response"
    },
    "getallPrintOptionResponse": {
      "items": [
        {
          "id": "number",
          "value": "string"
        }
      ]
    },
    "@decorators.getallPrintOptionResponse": {
      "endpoint": "getall_PrintOption",
      "service": "businessObjects",
      "path": "response"
    },
    "getallCustomerAddressResponse": {
      "items": [
        {
          "billToLocation": "string",
          "id": "number"
        }
      ]
    },
    "@decorators.getallCustomerAddressResponse": {
      "endpoint": "getall_CustomerAddress",
      "service": "businessObjects",
      "path": "response"
    },
    "getallInvoiceLineResponse": {
      "items": [
        {
          "amount": "number",
          "description": "string",
          "id": "number",
          "lineNumber": "number",
          "quantity": "number",
          "taxCode": "number",
          "unitPrice": "number"
        }
      ]
    },
    "@decorators.getallInvoiceLineResponse": {
      "endpoint": "getall_InvoiceLine",
      "service": "businessObjects",
      "path": "response"
    }
  },
  "chains": {
    "goBackChain": {
      "root": "navigateBack",
      "actions": {
        "navigateBack": {
          "module": "vb/action/builtin/navigateBackAction",
          "outcomes": {
            "success": ""
          }
        }
      }
    },
    "createInvoiceHeaderChain": {
      "root": "createInvoiceHeader",
      "variables": {
        "saveFailureResult": {
          "type": "page:businessObjectsServiceErrorResponseType"
        },
        "errorMessage": {
          "type": "string"
        }
      },
      "actions": {
        "createInvoiceHeader": {
          "module": "vb/action/builtin/restAction",
          "parameters": {
            "endpoint": "businessObjects/create_InvoiceHeader",
            "body": "[[ $page.variables.invoiceHeader ]]"
          },
          "outcomes": {
            "success": "fireSuccessNotification",
            "failure": "assignFailureResult"
          }
        },
        "fireSuccessNotification": {
          "module": "vb/action/builtin/fireNotificationEventAction",
          "parameters": {
            "summary": "InvoiceHeader saved",
            "message": "InvoiceHeader record successfully created",
            "type": "confirmation",
            "displayMode": "transient"
          },
          "outcomes": {
            "success": "navigateBack1"
          }
        },
        "assignFailureResult": {
          "module": "vb/action/builtin/assignVariablesAction",
          "parameters": {
            "$chain.variables.saveFailureResult": {
              "source": "[[ $chain.results.createInvoiceHeader.payload ]]"
            }
          },
          "outcomes": {
            "success": "testFailureDetails"
          }
        },
        "testFailureDetails": {
          "module": "vb/action/builtin/ifAction",
          "outcomes": {
            "true": "handleDetailedErrorMessage",
            "false": "handleDefaultErrorMessage"
          },
          "parameters": {
            "condition": "[[ $chain.variables.saveFailureResult.body['o:errorDetails'][0] ]]"
          }
        },
        "handleDetailedErrorMessage": {
          "module": "vb/action/builtin/assignVariablesAction",
          "outcomes": {
            "success": "fireErrorNotification"
          },
          "parameters": {
            "$chain.variables.errorMessage": {
              "source": "[[ $chain.variables.saveFailureResult.body['o:errorDetails'][0].detail ]]"
            }
          }
        },
        "handleDefaultErrorMessage": {
          "module": "vb/action/builtin/assignVariablesAction",
          "outcomes": {
            "success": "fireErrorNotification"
          },
          "parameters": {
            "$chain.variables.errorMessage": {
              "source": "[[ 'Could not create new InvoiceHeader: status ' + $chain.variables.saveFailureResult.status ]]"
            }
          }
        },
        "fireErrorNotification": {
          "module": "vb/action/builtin/fireNotificationEventAction",
          "parameters": {
            "summary": "Save failed",
            "message": "[[ $chain.variables.errorMessage ]]",
            "type": "error",
            "displayMode": "persist"
          },
          "outcomes": {}
        },
        "navigateBack1": {
          "module": "vb/action/builtin/navigateBackAction"
        }
      }
    },
    "navigateToCreateInvoiceLineChain": {
      "root": "navigateToCreate",
      "actions": {
        "navigateToCreate": {
          "module": "vb/action/builtin/navigateToPageAction",
          "parameters": {
            "history": "push",
            "page": "main-create-invoice-line",
            "params": {}
          },
          "outcomes": {
            "success": ""
          }
        }
      }
    },
    "oj_table_571486735_1ChangeSelectionChain": {
      "variables": {
        "invoiceLineId": {
          "type": "string",
          "input": "fromCaller",
          "defaultValue": ""
        }
      },
      "root": "assignVariable",
      "actions": {
        "assignVariable": {
          "module": "vb/action/builtin/assignVariablesAction",
          "parameters": {
            "$page.variables.oj_table_571486735_1SelectedId": {
              "source": "[[ $chain.variables.invoiceLineId ]]"
            }
          },
          "outcomes": {
            "success": ""
          }
        }
      }
    },
    "navigateToEditInvoiceLineChain": {
      "root": "navigateToEdit",
      "variables": {
        "invoiceLineId": {
          "type": "string",
          "input": "fromCaller",
          "required": true
        }
      },
      "actions": {
        "navigateToEdit": {
          "module": "vb/action/builtin/navigateToPageAction",
          "parameters": {
            "history": "push",
            "page": "main-edit-invoice-line",
            "params": {
              "invoiceLineId": "[[ $chain.variables.invoiceLineId ]]"
            }
          },
          "outcomes": {
            "success": ""
          }
        }
      }
    },
    "deleteInvoiceLineChain": {
      "root": "deleteInvoiceLine",
      "variables": {
        "invoiceLineId": {
          "type": "string",
          "input": "fromCaller",
          "required": true
        }
      },
      "actions": {
        "deleteInvoiceLine": {
          "module": "vb/action/builtin/restAction",
          "parameters": {
            "endpoint": "businessObjects/delete_InvoiceLine",
            "uriParams": {
              "InvoiceLine_Id": "[[ $chain.variables.invoiceLineId ]]"
            }
          },
          "outcomes": {
            "success": "resetSelection",
            "failure": "fireErrorNotification"
          }
        },
        "resetSelection": {
          "module": "vb/action/builtin/resetVariablesAction",
          "parameters": {
            "variables": [
              "[[ '$page.variables.oj_table_571486735_1SelectedId' ]]"
            ]
          },
          "outcomes": {
            "success": "refreshDataProvider"
          },
          "description": "Resets selection variable",
          "label": "Reset selection"
        },
        "refreshDataProvider": {
          "module": "vb/action/builtin/fireDataProviderEventAction",
          "outcomes": {
            "success": "fireSuccessNotification"
          },
          "parameters": {
            "refresh": "",
            "target": "[[ $page.variables.invoiceLineListSDP ]]"
          }
        },
        "fireSuccessNotification": {
          "module": "vb/action/builtin/fireNotificationEventAction",
          "parameters": {
            "summary": "InvoiceLine deleted",
            "message": "[[ 'InvoiceLine [' + $chain.variables.invoiceLineId + '] successfully deleted' ]]",
            "type": "confirmation",
            "displayMode": "transient"
          },
          "outcomes": {}
        },
        "fireErrorNotification": {
          "module": "vb/action/builtin/fireNotificationEventAction",
          "parameters": {
            "summary": "Delete failed",
            "message": "[[ 'Could not delete data: status ' + $chain.results.deleteInvoiceLine.payload.status ]]",
            "type": "error",
            "displayMode": "persist"
          },
          "outcomes": {}
        }
      }
    }
  },
  "eventListeners": {
    "backButtonClicked": {
      "chains": [
        {
          "chainId": "goBackChain"
        }
      ]
    },
    "saveButtonClicked": {
      "chains": [
        {
          "chainId": "createInvoiceHeaderChain"
        }
      ]
    },
    "createInvoiceLineButtonClicked": {
      "chains": [
        {
          "chainId": "navigateToCreateInvoiceLineChain"
        }
      ]
    },
    "oj_table_571486735_1SelectionChanged": {
      "chains": [
        {
          "chainId": "oj_table_571486735_1ChangeSelectionChain",
          "parameters": {
            "invoiceLineId": "[[ $event.detail.value.key || '' ]]"
          }
        }
      ]
    },
    "editInvoiceLineButtonClicked": {
      "chains": [
        {
          "chainId": "navigateToEditInvoiceLineChain",
          "parameters": {
            "invoiceLineId": "[[ $page.variables.oj_table_571486735_1SelectedId ]]"
          }
        }
      ]
    },
    "deleteInvoiceLineButtonClicked": {
      "chains": [
        {
          "chainId": "deleteInvoiceLineChain",
          "parameters": {
            "invoiceLineId": "[[ $page.variables.oj_table_571486735_1SelectedId ]]"
          }
        }
      ]
    }
  },
  "imports": {
    "components": {
      "oj-form-layout": {
        "path": "ojs/ojformlayout"
      },
      "oj-input-text": {
        "path": "ojs/ojinputtext"
      },
      "oj-input-date": {
        "path": "ojs/ojdatetimepicker"
      },
      "oj-select-one": {
        "path": "ojs/ojselectcombobox"
      },
      "oj-button": {
        "path": "ojs/ojbutton"
      }
    }
  }
}