{
  "pageModelVersion": "19.4.3",
  "title": "Edit Invoice",
  "description": "Updates single InvoiceHeader record",
  "variables": {
    "invoiceHeader": {
      "type": "page:getInvoiceHeaderResponse"
    },
    "invoiceHeaderId": {
      "type": "string",
      "required": true,
      "input": "fromUrl"
    },
    "invoiceHeaderETag": {
      "type": "string"
    },
    "customerListSDP": {
      "type": "vb/ServiceDataProvider",
      "defaultValue": {
        "endpoint": "businessObjects/getall_Customer",
        "idAttribute": "id",
        "itemsPath": "items",
        "responseType": "page:getallCustomerResponse",
        "uriParameters": {}
      }
    },
    "invoiceLineListSDP": {
      "type": "vb/ServiceDataProvider",
      "defaultValue": {
        "endpoint": "businessObjects/getall_InvoiceLine",
        "idAttribute": "id",
        "itemsPath": "items",
        "responseType": "page:getallInvoiceLineResponse",
        "filterCriterion": {
          "op": "$eq",
          "attribute": "invoiceHeaderId",
          "value": "{{ $variables.invoiceHeaderId }}"
        }
      }
    }
  },
  "metadata": {},
  "types": {
    "getInvoiceHeaderResponse": {
      "customerName": "number",
      "invoiceReference": "string",
      "status": "string",
      "transactionDate": "string"
    },
    "@decorators.getInvoiceHeaderResponse": {
      "endpoint": "get_InvoiceHeader",
      "service": "businessObjects",
      "path": "response"
    },
    "businessObjectsServiceErrorResponseType": {
      "body": {
        "status": "string",
        "title": "string",
        "o:errorDetails": [
          {
            "detail": "string",
            "o:errorCode": "string"
          }
        ]
      },
      "status": "number"
    },
    "getallCustomerResponse": {
      "items": [
        {
          "id": "number",
          "name": "string"
        }
      ]
    },
    "@decorators.getallCustomerResponse": {
      "endpoint": "getall_Customer",
      "service": "businessObjects",
      "path": "response"
    },
    "getallInvoiceLineResponse": {
      "items": [
        {
          "amount": "number",
          "description": "string",
          "id": "number",
          "memoLine": "number",
          "quantity": "number",
          "unitPrice": "number"
        }
      ]
    },
    "@decorators.getallInvoiceLineResponse": {
      "endpoint": "getall_InvoiceLine",
      "service": "businessObjects",
      "path": "response"
    }
  },
  "chains": {
    "goBackChain": {
      "root": "navigateBack",
      "actions": {
        "navigateBack": {
          "module": "vb/action/builtin/navigateBackAction",
          "outcomes": {
            "success": ""
          }
        }
      }
    },
    "loadInvoiceHeaderChain": {
      "root": "loadInvoiceHeader",
      "actions": {
        "loadInvoiceHeader": {
          "module": "vb/action/builtin/restAction",
          "parameters": {
            "endpoint": "businessObjects/get_InvoiceHeader",
            "uriParams": {
              "InvoiceHeader_Id": "[[ $page.variables.invoiceHeaderId ]]"
            },
            "responseType": "page:getInvoiceHeaderResponse"
          },
          "outcomes": {
            "success": "assignPayload",
            "failure": "fireErrorNotification"
          }
        },
        "assignPayload": {
          "module": "vb/action/builtin/assignVariablesAction",
          "parameters": {
            "$page.variables.invoiceHeader": {
              "source": "{{ $chain.results.loadInvoiceHeader.body }}"
            },
            "$page.variables.invoiceHeaderETag": {
              "source": "[[ $chain.results.loadInvoiceHeader.headers.get('ETag') ]]"
            }
          },
          "outcomes": {}
        },
        "fireErrorNotification": {
          "module": "vb/action/builtin/fireNotificationEventAction",
          "parameters": {
            "summary": "Could not load data",
            "message": "{{ 'Could not load data: status ' + $chain.results.loadInvoiceHeader.payload.status }}",
            "type": "error",
            "displayMode": "persist"
          },
          "outcomes": {}
        }
      }
    },
    "saveInvoiceHeaderChain": {
      "variables": {
        "saveFailureResult": {
          "type": "page:businessObjectsServiceErrorResponseType"
        },
        "errorMessage": {
          "type": "string"
        },
        "saveHeaders": {
          "type": "object"
        }
      },
      "root": "checkETag",
      "actions": {
        "checkETag": {
          "module": "vb/action/builtin/ifAction",
          "parameters": {
            "condition": "[[ $page.variables.invoiceHeaderETag ]]"
          },
          "outcomes": {
            "true": "assignIfMatchHeader",
            "false": "saveInvoiceHeader"
          }
        },
        "assignIfMatchHeader": {
          "module": "vb/action/builtin/assignVariablesAction",
          "parameters": {
            "$chain.variables.saveHeaders": {
              "source": "[[ { 'If-Match': $page.variables.invoiceHeaderETag } ]]"
            }
          },
          "outcomes": {
            "success": "saveInvoiceHeader"
          }
        },
        "saveInvoiceHeader": {
          "module": "vb/action/builtin/restAction",
          "parameters": {
            "endpoint": "businessObjects/update_InvoiceHeader",
            "body": "{{ $page.variables.invoiceHeader }}",
            "requestType": "json",
            "uriParams": {
              "InvoiceHeader_Id": "[[ $page.variables.invoiceHeaderId ]]"
            },
            "headers": "[[ $chain.variables.saveHeaders ]]"
          },
          "outcomes": {
            "success": "assignPayload",
            "failure": "assignFailureResult"
          }
        },
        "assignPayload": {
          "module": "vb/action/builtin/assignVariablesAction",
          "parameters": {
            "$page.variables.invoiceHeader": {
              "source": "{{ $chain.results.saveInvoiceHeader.body }}"
            },
            "$page.variables.invoiceHeaderETag": {
              "source": "[[ $chain.results.saveInvoiceHeader.headers.get('ETag') ]]"
            }
          },
          "outcomes": {
            "success": "fireSuccessNotification"
          }
        },
        "fireSuccessNotification": {
          "module": "vb/action/builtin/fireNotificationEventAction",
          "parameters": {
            "summary": "InvoiceHeader saved",
            "message": "InvoiceHeader record successfully updated",
            "type": "confirmation",
            "displayMode": "transient"
          },
          "outcomes": {
            "success": "callGoBackChain"
          }
        },
        "callGoBackChain": {
          "module": "vb/action/builtin/callChainAction",
          "parameters": {
            "id": "goBackChain"
          }
        },
        "assignFailureResult": {
          "module": "vb/action/builtin/assignVariablesAction",
          "parameters": {
            "$chain.variables.saveFailureResult": {
              "source": "[[ $chain.results.saveInvoiceHeader.payload ]]"
            }
          },
          "outcomes": {
            "success": "testFailureDetails"
          }
        },
        "testFailureDetails": {
          "module": "vb/action/builtin/ifAction",
          "outcomes": {
            "true": "handleDetailedErrorMessage",
            "false": "handleDefaultErrorMessage"
          },
          "parameters": {
            "condition": "[[ $chain.variables.saveFailureResult.body['o:errorDetails'][0] ]]"
          }
        },
        "handleDetailedErrorMessage": {
          "module": "vb/action/builtin/assignVariablesAction",
          "outcomes": {
            "success": "fireErrorNotification"
          },
          "parameters": {
            "$chain.variables.errorMessage": {
              "source": "[[ $chain.variables.saveFailureResult.body['o:errorDetails'][0].detail ]]"
            }
          }
        },
        "handleDefaultErrorMessage": {
          "module": "vb/action/builtin/assignVariablesAction",
          "outcomes": {
            "success": "fireErrorNotification"
          },
          "parameters": {
            "$chain.variables.errorMessage": {
              "source": "[[ 'Could not update InvoiceHeader: status ' + $chain.results.saveInvoiceHeader.payload.status ]]"
            }
          }
        },
        "fireErrorNotification": {
          "module": "vb/action/builtin/fireNotificationEventAction",
          "parameters": {
            "summary": "Save failed",
            "message": "[[ $chain.variables.errorMessage ]]",
            "type": "error",
            "displayMode": "persist"
          }
        }
      }
    },
    "navigateToCreateInvoiceLineChain": {
      "root": "navigateToCreate",
      "actions": {
        "navigateToCreate": {
          "module": "vb/action/builtin/navigateToPageAction",
          "parameters": {
            "history": "push",
            "page": "main-create-invoice-line2",
            "params": {
              "invoiceHeaderId": "{{ $page.variables.invoiceHeaderId }}"
            }
          },
          "outcomes": {
            "success": ""
          }
        }
      }
    }
  },
  "eventListeners": {
    "backButtonClicked": {
      "chains": [
        {
          "chainId": "goBackChain"
        }
      ]
    },
    "saveButtonClicked": {
      "chains": [
        {
          "chainId": "saveInvoiceHeaderChain"
        }
      ]
    },
    "vbEnter": {
      "chains": [
        {
          "chainId": "loadInvoiceHeaderChain"
        }
      ]
    },
    "createInvoiceLineButtonClicked": {
      "chains": [
        {
          "chainId": "navigateToCreateInvoiceLineChain"
        }
      ]
    }
  },
  "imports": {
    "components": {
      "oj-form-layout": {
        "path": "ojs/ojformlayout"
      },
      "oj-input-text": {
        "path": "ojs/ojinputtext"
      },
      "oj-input-date": {
        "path": "ojs/ojdatetimepicker"
      },
      "oj-select-one": {
        "path": "ojs/ojselectcombobox"
      },
      "oj-toolbar": {
        "path": "ojs/ojtoolbar"
      },
      "oj-button": {
        "path": "ojs/ojbutton"
      },
      "oj-table": {
        "path": "ojs/ojtable"
      }
    }
  }
}