{
  "pageModelVersion": "18.4.1",
  "title": "",
  "description": "",
  "variables": {
  },
  "types": {
    "getallInvoiceHeaderResponse": {
      "items": [
        {
          "customerName": "number",
          "id": "number",
          "invoiceReference": "string",
          "lastUpdateDate": "string",
          "requestorName": "string",
          "revenueDepartmentApprov": "string",
          "status": "string",
          "transactionType": "number"
        }
      ]
    },
    "@decorators.getallInvoiceHeaderResponse": {
      "endpoint": "getall_InvoiceHeader",
      "service": "businessObjects",
      "path": "response"
    }
  },
  "chains": {
  },
  "eventListeners": {
  },
  "imports": {
    "components": {
    }
  }
}