{
    "fields": [
        {
            "displayLabel": "Id",
            "internal": true,
            "key": true,
            "name": "id",
            "oid": "3b3a0a1a-42c2-4a08-84a3-cae05ab76ba3",
            "required": true,
            "type": "number",
            "unique": true
        },
        {
            "displayLabel": "Created",
            "internal": true,
            "name": "creationDate",
            "oid": "93010ab9-a5aa-4af3-99eb-622017dcc736",
            "type": "datetime"
        },
        {
            "displayLabel": "Last Updated",
            "internal": true,
            "name": "lastUpdateDate",
            "oid": "26be3f58-937d-457c-afd7-c7d54fb8fffc",
            "type": "datetime"
        },
        {
            "displayLabel": "Created By",
            "internal": true,
            "name": "createdBy",
            "oid": "7e7c7c2f-2779-49f5-9d61-a25ac11c7036",
            "type": "string"
        },
        {
            "displayLabel": "Last Updated By",
            "internal": true,
            "name": "lastUpdatedBy",
            "oid": "9793a156-7dd8-405f-9d2a-2d88a7602a7d",
            "type": "string"
        },
        {
            "displayLabel": "<internal>",
            "hidden": true,
            "internal": true,
            "name": "abcsChangeNumber",
            "oid": "933a0451-1fb6-41e3-8007-0a9743e8ff48",
            "type": "number"
        },
        {
            "name": "businessUnitName",
            "oid": "273c73fc-8211-4279-a962-a89141b78a49",
            "displayLabel": "Business Unit Name",
            "type": "string"
        },
        {
            "name": "orgid",
            "oid": "bd7a6664-9c64-45d6-be69-706d52ec6692",
            "displayLabel": "orgid",
            "type": "string"
        }
    ],
    "name": "BusinessUnit",
    "oid": "2f7287b3-ec82-47b9-8c24-460c6c6ef383",
    "displayLabel": "Business Unit",
    "relationships": [
        {
            "name": "invoiceHeaderCollection",
            "reverseRelationship": "businessUnitObject",
            "targetEntity": "InvoiceHeader",
            "type": "incoming",
            "exposeAccessor": false,
            "displayField": "businessUnitName"
        }
    ]
}