{
  "pageModelVersion": "18.4.1",
  "title": "",
  "description": "",
  "variables": {
    "invoiceHeaderListSDP": {
      "type": "vb/ServiceDataProvider",
      "defaultValue": {
        "endpoint": "businessObjects/getall_InvoiceHeader",
        "idAttribute": "id",
        "itemsPath": "items",
        "responseType": "page:getallInvoiceHeaderResponse3",
        "filterCriterion": {
          "op": "$or",
          "criteria": [
            {
              "op": "$co",
              "attribute": "invoiceReference",
              "value": "{{ $variables.searchVar }}"
            },
            {
              "op": "$co",
              "attribute": "customerNameRefObject.name",
              "value": "{{ $variables.searchVar }}"
            },
            {
              "op": "$co",
              "attribute": "requestorName",
              "value": "{{ $variables.searchVar }}"
            }
          ]
        },
        "sortCriteria": [
          {
            "attribute": "{{ $variables.invoiceHeaderListSDP.idAttribute }}",
            "direction": "descending"
          }
        ]
      }
    },
    "oj_table_1084591017_1SelectedId": {
      "type": "string",
      "defaultValue": ""
    },
    "searchVar": {
      "type": "string"
    },
    "selectedInvStatus": {
      "type": "string"
    }
  },
  "types": {
    "getallInvoiceHeaderResponse3": {
      "items": [
        {
          "currentApprover": "string",
          "customerNameRefObject": {
            "items": [
              {
                "name": "string"
              }
            ]
          },
          "id": "number",
          "invoiceReference": "string",
          "lastUpdateDate": "string",
          "requestorName": "string",
          "revenueDeptApprover": "string",
          "status": "string",
          "transactionTotal": "number",
          "transactionTypeRefObjec": {
            "items": [
              {
                "name": "string"
              }
            ]
          }
        }
      ]
    },
    "@decorators.getallInvoiceHeaderResponse3": {
      "endpoint": "getall_InvoiceHeader",
      "service": "businessObjects",
      "path": "response"
    }
  },
  "chains": {
    "navigateToCreateInvoiceHeaderChain": {
      "root": "navigateToCreate",
      "actions": {
        "navigateToCreate": {
          "module": "vb/action/builtin/navigateToPageAction",
          "parameters": {
            "history": "push",
            "page": "main-create-invoice-header",
            "params": {}
          },
          "outcomes": {
            "success": ""
          }
        }
      }
    },
    "oj_table_1084591017_1ChangeSelectionChain": {
      "variables": {
        "invoiceHeaderId": {
          "type": "string",
          "input": "fromCaller",
          "defaultValue": ""
        }
      },
      "root": "assignVariable",
      "actions": {
        "assignVariable": {
          "module": "vb/action/builtin/assignVariablesAction",
          "parameters": {
            "$page.variables.oj_table_1084591017_1SelectedId": {
              "source": "[[ $chain.variables.invoiceHeaderId ]]"
            }
          },
          "outcomes": {
            "success": "callRestEndpoint1"
          }
        },
        "callRestEndpoint1": {
          "module": "vb/action/builtin/restAction",
          "parameters": {
            "endpoint": "businessObjects/get_InvoiceHeader",
            "uriParams": {
              "InvoiceHeader_Id": "{{ $page.variables.oj_table_1084591017_1SelectedId }}"
            }
          },
          "outcomes": {
            "failure": "fireNotification1",
            "success": "assignVariables1"
          }
        },
        "fireNotification1": {
          "module": "vb/action/builtin/fireNotificationEventAction",
          "parameters": {
            "target": "leaf",
            "summary": "[[ $chain.results.callRestEndpoint1.message.summary ]]",
            "type": "error",
            "displayMode": "persist"
          }
        },
        "assignVariables1": {
          "module": "vb/action/builtin/assignVariablesAction",
          "parameters": {
            "$page.variables.selectedInvStatus": {
              "source": "{{ $chain.results.callRestEndpoint1.body.status }}"
            }
          }
        }
      }
    },
    "deleteInvoiceHeaderChain": {
      "root": "deleteInvoiceHeader",
      "variables": {
        "invoiceHeaderId": {
          "type": "string",
          "input": "fromCaller",
          "required": true
        }
      },
      "actions": {
        "deleteInvoiceHeader": {
          "module": "vb/action/builtin/restAction",
          "parameters": {
            "endpoint": "businessObjects/delete_InvoiceHeader",
            "uriParams": {
              "InvoiceHeader_Id": "[[ $chain.variables.invoiceHeaderId ]]"
            }
          },
          "outcomes": {
            "success": "resetSelection",
            "failure": "fireErrorNotification"
          }
        },
        "resetSelection": {
          "module": "vb/action/builtin/resetVariablesAction",
          "parameters": {
            "variables": [
              "[[ '$page.variables.oj_table_1084591017_1SelectedId' ]]"
            ]
          },
          "outcomes": {
            "success": "refreshDataProvider"
          },
          "description": "Resets selection variable",
          "label": "Reset selection"
        },
        "refreshDataProvider": {
          "module": "vb/action/builtin/fireDataProviderEventAction",
          "outcomes": {
            "success": "fireSuccessNotification"
          },
          "parameters": {
            "refresh": null,
            "target": "[[ $page.variables.invoiceHeaderListSDP ]]"
          }
        },
        "fireSuccessNotification": {
          "module": "vb/action/builtin/fireNotificationEventAction",
          "parameters": {
            "summary": "InvoiceHeader deleted",
            "message": "[[ 'InvoiceHeader [' + $chain.variables.invoiceHeaderId + '] successfully deleted' ]]",
            "type": "confirmation",
            "displayMode": "transient"
          },
          "outcomes": {}
        },
        "fireErrorNotification": {
          "module": "vb/action/builtin/fireNotificationEventAction",
          "parameters": {
            "summary": "Delete failed",
            "message": "[[ 'Could not delete data: status ' + $chain.results.deleteInvoiceHeader.payload.status ]]",
            "type": "error",
            "displayMode": "persist"
          },
          "outcomes": {}
        }
      }
    },
    "navigateToEditInvoiceHeaderChain": {
      "root": "navigateToEdit",
      "variables": {
        "invoiceHeaderId": {
          "type": "string",
          "input": "fromCaller",
          "required": true
        }
      },
      "actions": {
        "navigateToEdit": {
          "module": "vb/action/builtin/navigateToPageAction",
          "parameters": {
            "history": "push",
            "page": "main-edit-invoice-header",
            "params": {
              "invoiceHeaderId": "[[ $chain.variables.invoiceHeaderId ]]"
            }
          },
          "outcomes": {
            "success": ""
          }
        }
      }
    }
  },
  "eventListeners": {
    "createInvoiceHeaderButtonClicked": {
      "chains": [
        {
          "chainId": "navigateToCreateInvoiceHeaderChain"
        }
      ]
    },
    "oj_table_1084591017_1SelectionChanged": {
      "chains": [
        {
          "chainId": "oj_table_1084591017_1ChangeSelectionChain",
          "parameters": {
            "invoiceHeaderId": "[[ $event.detail.value.key || '' ]]"
          }
        }
      ]
    },
    "deleteInvoiceHeaderButtonClicked": {
      "chains": [
        {
          "chainId": "deleteInvoiceHeaderChain",
          "parameters": {
            "invoiceHeaderId": "[[ $page.variables.oj_table_1084591017_1SelectedId ]]"
          }
        }
      ]
    },
    "editInvoiceHeaderButtonClicked": {
      "chains": [
        {
          "chainId": "navigateToEditInvoiceHeaderChain",
          "parameters": {
            "invoiceHeaderId": "[[ $page.variables.oj_table_1084591017_1SelectedId ]]"
          }
        }
      ]
    },
    "ojTableFirstSelectedRow": {
      "chains": [
        {
          "chainId": "oj_table_1084591017_1ChangeSelectionChain",
          "parameters": {
            "invoiceHeaderId": "{{ $event.detail.value.key || '' }}"
          }
        }
      ]
    }
  },
  "imports": {
    "components": {
      "oj-table": {
        "path": "ojs/ojtable"
      },
      "oj-toolbar": {
        "path": "ojs/ojtoolbar"
      },
      "oj-button": {
        "path": "ojs/ojbutton"
      },
      "oj-label": {
        "path": "ojs/ojlabel"
      },
      "oj-input-text": {
        "path": "ojs/ojinputtext"
      },
      "oj-input-number": {
        "path": "ojs/ojinputnumber"
      },
      "oj-input-date": {
        "path": "ojs/ojdatetimepicker"
      }
    }
  }
}