{
    "fields": [
        {
            "displayLabel": "Id",
            "internal": true,
            "key": true,
            "name": "id",
            "oid": "35d13a73-d956-40d6-9b63-75da097bb432",
            "required": true,
            "type": "number",
            "unique": true
        },
        {
            "displayLabel": "Created",
            "internal": true,
            "name": "creationDate",
            "oid": "9d68d745-0e72-4146-a219-0f5785b6635f",
            "type": "datetime"
        },
        {
            "displayLabel": "Last Updated",
            "internal": true,
            "name": "lastUpdateDate",
            "oid": "931f815d-535c-406b-8a61-c571e5382ea5",
            "type": "datetime"
        },
        {
            "displayLabel": "Created By",
            "internal": true,
            "name": "createdBy",
            "oid": "9623fa45-1be1-41b2-8f93-850613c11eed",
            "type": "string"
        },
        {
            "displayLabel": "Last Updated By",
            "internal": true,
            "name": "lastUpdatedBy",
            "oid": "e7c07ce4-50e0-4a50-877f-dace1b0297dc",
            "type": "string"
        },
        {
            "displayLabel": "<internal>",
            "hidden": true,
            "internal": true,
            "name": "abcsChangeNumber",
            "oid": "eaddf64a-9260-4ebf-9f65-876f60b2b29e",
            "type": "number"
        },
        {
            "name": "distributionLineNumber",
            "oid": "7385121e-a99a-4806-bc7e-f84642074ae1",
            "displayLabel": "Distribution Line Number",
            "type": "number"
        },
        {
            "name": "segment1",
            "oid": "cf3142d5-31de-4ca6-b339-4ec92f10e278",
            "displayLabel": "Segment 1",
            "type": "reference",
            "required": true
        },
        {
            "name": "segment2",
            "oid": "f8f0cbdb-51e4-4a63-9e42-d3b75ca9b27a",
            "displayLabel": "Segment 2",
            "type": "reference",
            "required": true
        },
        {
            "name": "segment3",
            "oid": "cc1b9df7-48d0-4584-8c80-68353a834f2c",
            "displayLabel": "Segment 3",
            "type": "reference",
            "required": true
        },
        {
            "name": "segment4",
            "oid": "b291d449-20bf-4693-8d69-fc7cb8937333",
            "displayLabel": "Segment 4",
            "type": "reference",
            "required": true
        },
        {
            "name": "segment5",
            "oid": "1c20e74a-f61f-4c16-80d3-03dc246e9bd8",
            "displayLabel": "Segment 5",
            "type": "reference",
            "required": true
        },
        {
            "name": "segment6",
            "oid": "a5fcec97-a3f0-4793-a994-8530baad937e",
            "displayLabel": "Segment 6",
            "type": "reference",
            "required": true
        },
        {
            "name": "segment7",
            "oid": "10d4e4b1-92a1-4d08-85c0-1043820a2d7d",
            "displayLabel": "Segment 7",
            "type": "reference",
            "required": true
        },
        {
            "name": "segment8",
            "oid": "32b36b97-8aa0-4d21-bda2-b9e9c2cd0e29",
            "displayLabel": "Segment 8",
            "type": "reference",
            "required": true
        },
        {
            "name": "lineReconciliationRefer",
            "oid": "1dd8d7de-9c91-42b5-88f0-f54f789ef8c6",
            "displayLabel": "Line Reconciliation Reference",
            "type": "string"
        },
        {
            "name": "allocationAmount",
            "oid": "899ca1d1-3f85-48fd-ba54-8f311cfa74c2",
            "displayLabel": "Allocation Amount",
            "type": "number",
            "required": true
        },
        {
            "name": "allocationPercentage",
            "format": "percentage",
            "oid": "40ce3591-a2b3-48a3-9131-2a9bc21c9159",
            "displayLabel": "Allocation Percentage",
            "type": "number",
            "required": true
        },
        {
            "name": "invoiceReference",
            "oid": "f518b9ae-0585-4788-8f1a-63219124ace1",
            "displayLabel": "Invoice Reference",
            "type": "reference"
        },
        {
            "name": "invoiceLineNumber",
            "oid": "cd17c5a6-83df-437a-b064-7e84325817e7",
            "displayLabel": "Invoice Line Number",
            "type": "reference"
        },
        {
            "name": "invoiceHeaderId",
            "oid": "5517b541-5da9-4183-9235-5b4b08af824c",
            "displayLabel": "Invoice Header Id",
            "type": "reference"
        },
        {
            "name": "invoiceLineId",
            "oid": "83f8861d-0b20-4237-85e8-ac49d831c492",
            "displayLabel": "Invoice Line Id",
            "type": "reference"
        }
    ],
    "name": "InvoiceDistribution",
    "oid": "ec97ebba-b8d9-4438-a383-e7501fbbcef8",
    "displayLabel": "Invoice Distribution",
    "relationships": [
        {
            "name": "segment1Object",
            "reverseRelationship": "invoiceDistributionColl",
            "targetEntity": "Organization",
            "type": "outgoing",
            "exposeAccessor": true,
            "mappingField": "segment1",
            "deleteRule": "restrict"
        },
        {
            "name": "segment2Object",
            "reverseRelationship": "invoiceDistributionColl",
            "targetEntity": "CostCentre",
            "type": "outgoing",
            "exposeAccessor": true,
            "mappingField": "segment2",
            "deleteRule": "restrict"
        },
        {
            "name": "segment3Object",
            "reverseRelationship": "invoiceDistributionColl",
            "targetEntity": "Subjective",
            "type": "outgoing",
            "exposeAccessor": true,
            "mappingField": "segment3",
            "deleteRule": "restrict"
        },
        {
            "name": "segment4Object",
            "reverseRelationship": "invoiceDistributionColl",
            "targetEntity": "WGA",
            "type": "outgoing",
            "exposeAccessor": true,
            "mappingField": "segment4",
            "deleteRule": "restrict"
        },
        {
            "name": "segment5Object",
            "reverseRelationship": "invoiceDistributionColl",
            "targetEntity": "Intercompany",
            "type": "outgoing",
            "exposeAccessor": true,
            "mappingField": "segment5",
            "deleteRule": "restrict"
        },
        {
            "name": "segment6Object",
            "reverseRelationship": "invoiceDistributionColl",
            "targetEntity": "Analysis",
            "type": "outgoing",
            "exposeAccessor": true,
            "mappingField": "segment6",
            "deleteRule": "restrict"
        },
        {
            "name": "segment7Object",
            "reverseRelationship": "invoiceDistributionColl",
            "targetEntity": "Spare1",
            "type": "outgoing",
            "exposeAccessor": true,
            "mappingField": "segment7",
            "deleteRule": "restrict"
        },
        {
            "name": "segment8Object",
            "reverseRelationship": "invoiceDistributionColl",
            "targetEntity": "Spare2",
            "type": "outgoing",
            "exposeAccessor": true,
            "mappingField": "segment8",
            "deleteRule": "restrict"
        },
        {
            "name": "invoiceReferenceObject",
            "reverseRelationship": "invoiceDistributionColl",
            "targetEntity": "InvoiceHeader",
            "type": "outgoing",
            "exposeAccessor": true,
            "mappingField": "invoiceReference",
            "deleteRule": "restrict"
        },
        {
            "name": "invoiceLineNumberObject",
            "reverseRelationship": "invoiceDistributionColl",
            "targetEntity": "InvoiceLine",
            "type": "outgoing",
            "exposeAccessor": true,
            "mappingField": "invoiceLineNumber",
            "deleteRule": "restrict"
        },
        {
            "name": "invoiceHeaderIdObject",
            "reverseRelationship": "invoiceDistributionCol2",
            "targetEntity": "InvoiceHeader",
            "type": "outgoing",
            "exposeAccessor": true,
            "mappingField": "invoiceHeaderId",
            "deleteRule": "restrict"
        },
        {
            "name": "invoiceLineIdObject",
            "reverseRelationship": "invoiceDistributionCol2",
            "targetEntity": "InvoiceLine",
            "type": "outgoing",
            "exposeAccessor": true,
            "mappingField": "invoiceLineId",
            "deleteRule": "restrict"
        }
    ]
}