{
    "fields": [
        {
            "displayLabel": "Id",
            "internal": true,
            "key": true,
            "name": "id",
            "oid": "f422ecc6-73e6-4284-af07-d9d115551f80",
            "required": true,
            "type": "number",
            "unique": true
        },
        {
            "displayLabel": "Created",
            "internal": true,
            "name": "creationDate",
            "oid": "797213b8-3f6f-4b99-853a-7053ebfb846b",
            "type": "datetime"
        },
        {
            "displayLabel": "Last Updated",
            "internal": true,
            "name": "lastUpdateDate",
            "oid": "3cbe63a2-9102-449f-ac84-8fce1e39d1bc",
            "type": "datetime"
        },
        {
            "displayLabel": "Created By",
            "internal": true,
            "name": "createdBy",
            "oid": "14ba06b7-6440-4398-881d-16ac5bc33721",
            "type": "string"
        },
        {
            "displayLabel": "Last Updated By",
            "internal": true,
            "name": "lastUpdatedBy",
            "oid": "d60bbd78-1fdb-4e08-9f31-8edb6d612c8e",
            "type": "string"
        },
        {
            "displayLabel": "<internal>",
            "hidden": true,
            "internal": true,
            "name": "abcsChangeNumber",
            "oid": "395eca1e-962a-4976-9101-d11be723b259",
            "type": "number"
        },
        {
            "name": "name",
            "oid": "11c99eb5-89ee-43bc-a8fb-70bd511abe29",
            "displayLabel": "Name",
            "type": "string",
            "required": true
        }
    ],
    "name": "InvoicingRule",
    "oid": "16a18211-b453-426b-877f-b6fe354e8b8e",
    "displayLabel": "Invoicing Rule",
    "relationships": [
    ]
}