{
    "displayLabel": "InvoiceDistribution",
    "fields": [
        {
            "displayLabel": "Id",
            "internal": true,
            "key": true,
            "name": "id",
            "oid": "9e5e818b-ba84-4e60-a415-ebe15f3e5bd4",
            "required": true,
            "type": "number",
            "unique": true
        },
        {
            "displayLabel": "Created",
            "internal": true,
            "name": "creationDate",
            "oid": "233a6ff7-7522-4079-a974-d72ef21f442b",
            "type": "datetime"
        },
        {
            "displayLabel": "Last Updated",
            "internal": true,
            "name": "lastUpdateDate",
            "oid": "18e2b365-667f-47a1-95c7-52cd2d5efdc2",
            "type": "datetime"
        },
        {
            "displayLabel": "Created By",
            "internal": true,
            "name": "createdBy",
            "oid": "a02cd8ce-7c6c-495e-87b7-744d0972dc22",
            "type": "string"
        },
        {
            "displayLabel": "Last Updated By",
            "internal": true,
            "name": "lastUpdatedBy",
            "oid": "0cf22f94-83d5-487f-bb7f-d37541349780",
            "type": "string"
        },
        {
            "displayLabel": "<internal>",
            "hidden": true,
            "internal": true,
            "name": "abcsChangeNumber",
            "oid": "79f1e74b-74e0-4cde-a101-432ba7269b42",
            "type": "number"
        },
        {
            "displayLabel": "segment1",
            "name": "segment1",
            "oid": "7ce9b143-c2db-4daa-9900-c84d7d6ad5b7",
            "type": "string"
        },
        {
            "displayLabel": "segment2",
            "name": "segment2",
            "oid": "ddb3ac40-1a33-4128-8ee1-afd8d371cae2",
            "type": "string"
        },
        {
            "displayLabel": "segment3",
            "name": "segment3",
            "oid": "36d32618-9c19-4d5f-9dcb-9936c7fa14e1",
            "type": "string"
        },
        {
            "displayLabel": "segment4",
            "name": "segment4",
            "oid": "36de2887-a079-4f1c-96ab-ea707aa880ce",
            "type": "string"
        },
        {
            "displayLabel": "segment5",
            "name": "segment5",
            "oid": "68a8ef33-d2bb-4907-a552-02f657bf708b",
            "type": "string"
        },
        {
            "displayLabel": "segment6",
            "name": "segment6",
            "oid": "2d9b5e28-e407-459c-a1f8-1210dfe00042",
            "type": "string"
        },
        {
            "displayLabel": "segment7",
            "name": "segment7",
            "oid": "8a6bae66-bea7-4fe4-8a6b-cf7fa81a1a41",
            "type": "string"
        },
        {
            "displayLabel": "segment8",
            "name": "segment8",
            "oid": "69a99eb0-38e7-4b30-8c3d-e6e3a8435764",
            "type": "string"
        },
        {
            "displayLabel": "lineReconciliationRef",
            "name": "lineReconciliationRef",
            "oid": "9dbba611-ee2f-4be6-8406-3a0c3ebcf87a",
            "type": "string"
        },
        {
            "displayLabel": "allocationAmount",
            "name": "allocationAmount",
            "oid": "8c6a554f-2401-4f0d-b3cc-a3f5a522a295",
            "type": "string"
        },
        {
            "displayLabel": "allocationPercentage",
            "name": "allocationPercentage",
            "oid": "517cfa3f-6131-4d4a-b938-b99688f9f074",
            "type": "string"
        },
        {
            "name": "invoiceId",
            "oid": "0c5ab3b3-a827-44d9-8502-63486e7ea4a6",
            "displayLabel": "invoiceId",
            "type": "reference"
        },
        {
            "name": "invoiceLineId",
            "oid": "6eb167fc-8fd9-4a39-8c9b-ce230c20231c",
            "displayLabel": "invoiceLineId",
            "type": "reference"
        }
    ],
    "name": "InvoiceDistribution",
    "oid": "048022d5-682d-4a03-abb7-874cfa098818",
    "relationships": [
        {
            "name": "invoiceIdObject",
            "reverseRelationship": "invoiceDistributionColl",
            "targetEntity": "Invoice",
            "type": "outgoing",
            "exposeAccessor": true,
            "mappingField": "invoiceId",
            "deleteRule": "restrict"
        },
        {
            "name": "invoiceLineIdObject",
            "reverseRelationship": "invoiceDistributionColl",
            "targetEntity": "InvoiceLine",
            "type": "outgoing",
            "exposeAccessor": true,
            "mappingField": "invoiceLineId",
            "deleteRule": "restrict"
        }
    ]
}