{
    "fields": [
        {
            "displayLabel": "Id",
            "internal": true,
            "key": true,
            "name": "id",
            "oid": "64c27d35-4da6-42dc-b47e-375f4fa72b7d",
            "required": true,
            "type": "number",
            "unique": true
        },
        {
            "displayLabel": "Created",
            "internal": true,
            "name": "creationDate",
            "oid": "e556fced-f23f-4df6-b1c5-79b8ce78f72c",
            "type": "datetime"
        },
        {
            "displayLabel": "Last Updated",
            "internal": true,
            "name": "lastUpdateDate",
            "oid": "933ec6d4-b77a-425b-a4d4-77449b7a0f4e",
            "type": "datetime"
        },
        {
            "displayLabel": "Created By",
            "internal": true,
            "name": "createdBy",
            "oid": "d24bbf7f-fc74-4930-bfb9-e9d505bec487",
            "type": "string"
        },
        {
            "displayLabel": "Last Updated By",
            "internal": true,
            "name": "lastUpdatedBy",
            "oid": "b6e965e5-e2b7-4aa1-87b7-67ecb639aed5",
            "type": "string"
        },
        {
            "displayLabel": "<internal>",
            "hidden": true,
            "internal": true,
            "name": "abcsChangeNumber",
            "oid": "a29d605d-1406-4efc-997a-f201867250d7",
            "type": "number"
        },
        {
            "name": "value",
            "oid": "f0874530-cdc6-4cbb-86fe-6688ebb5dcc5",
            "displayLabel": "Value",
            "type": "string",
            "required": true
        }
    ],
    "name": "Analysis",
    "oid": "d1ff5852-83d3-48e6-b029-ce4c5ef9af05",
    "displayLabel": "Analysis",
    "relationships": [
    ]
}