id,creationDate,lastUpdateDate,createdBy,lastUpdatedBy,organizationRef,costCentreRef,subjectiveRef,wgaRef,intercompanyRef,analysisRef,spare1Ref,spare2Ref,invoiceReference,invoiceHeaderId,invoiceLineId,distributionLineNumber,invoiceLineNumber,allocationPercentage,allocationAmount,lineAmount,organization,costCentre,subjective,wGA,intercompany,analysis,spare1,spare2,codeCombination
101,2020-11-22T12:54:57,2020-11-22T12:54:57.055,techtutorsti@gmail.com,techtutorsti@gmail.com,1,1,1,1,1,1,1,1,,62,83,,,100.0,100.0,100.0,RJ1,900000,22010,000000,000,000000,000000,000000,
102,2020-11-22T12:55:42,2020-11-22T12:56:39,techtutorsti@gmail.com,techtutorsti@gmail.com,1,1,1,1,1,1,1,1,,1000002,84,,,100.0,450.0,450.0,RJ1,900000,22010,000000,000,000000,000000,000000,
121,2020-11-23T10:14:44,2020-11-23T10:14:44.042,techtutorsti@gmail.com,techtutorsti@gmail.com,1,1,1,1,1,1,1,1,,81,101,,,100.0,1000.0,1000.0,RJ1,900000,22010,000000,000,000000,000000,000000,
141,2020-11-23T10:37:39,2020-11-23T10:37:39.036,techtutorsti@gmail.com,techtutorsti@gmail.com,1,1,1,1,1,1,1,1,,82,102,,,100.0,100.0,100.0,RJ1,900000,22010,000000,000,000000,000000,000000,
3000006,2020-11-22T00:00:00,2020-11-22T00:00:00,techtutorsti@gmail.com,techtutorsti@gmail.com,1,1,1,1,1,1,1,1,,1000002,2000004,,,100.0,100.0,100.0,RJ1,900000,22010,000000,000,000000,000000,000000,
