{
    "displayLabel": "SalesPerson",
    "fields": [
        {
            "displayLabel": "Id",
            "internal": true,
            "key": true,
            "name": "id",
            "oid": "33e0339e-b99d-4db1-b204-6f125c1129d0",
            "required": true,
            "type": "number",
            "unique": true
        },
        {
            "displayLabel": "Created",
            "internal": true,
            "name": "creationDate",
            "oid": "bf41905d-4b83-4f82-b311-55f9a4be8b27",
            "type": "datetime"
        },
        {
            "displayLabel": "Last Updated",
            "internal": true,
            "name": "lastUpdateDate",
            "oid": "eb83e553-44c3-4a11-9a70-c402bd82fdcc",
            "type": "datetime"
        },
        {
            "displayLabel": "Created By",
            "internal": true,
            "name": "createdBy",
            "oid": "4463eda1-dffb-42e7-88b9-59e8dc6d9f95",
            "type": "string"
        },
        {
            "displayLabel": "Last Updated By",
            "internal": true,
            "name": "lastUpdatedBy",
            "oid": "32a27fe6-2fc3-4815-b3cf-497f42cd18bc",
            "type": "string"
        },
        {
            "displayLabel": "<internal>",
            "hidden": true,
            "internal": true,
            "name": "abcsChangeNumber",
            "oid": "49188050-b4ad-4c36-9533-b36f0388bba3",
            "type": "number"
        },
        {
            "displayLabel": "name",
            "name": "name",
            "oid": "55946ba4-6f4d-4a29-8cff-65484c3d64ac",
            "type": "string",
            "required": true
        }
    ],
    "name": "SalesPerson",
    "oid": "de6ade97-1230-4d09-80e4-4ba2d5b85948"
}