{
  "pageModelVersion": "19.4.3",
  "title": "Edit Distribution",
  "description": "Updates single InvoiceDistribution record",
  "variables": {
    "invoiceDistribution": {
      "type": "page:getInvoiceDistributionResponse",
      "defaultValue": {
        "invoiceHeaderId": "{{$page.variables.invoiceHeaderIdVarPass}}",
        "invoiceLineId": "{{$page.variables.invoiceLineIdVarPass}}"
      }
    },
    "invoiceDistributionId": {
      "type": "string",
      "required": true,
      "input": "fromUrl"
    },
    "invoiceDistributionETag": {
      "type": "string"
    },
    "organizationListSDP": {
      "type": "vb/ServiceDataProvider",
      "defaultValue": {
        "endpoint": "businessObjects/getall_Organization",
        "idAttribute": "id",
        "itemsPath": "items",
        "responseType": "page:getallOrganizationResponse",
        "uriParameters": {}
      }
    },
    "costCentreListSDP": {
      "type": "vb/ServiceDataProvider",
      "defaultValue": {
        "endpoint": "businessObjects/getall_CostCentre",
        "idAttribute": "id",
        "itemsPath": "items",
        "responseType": "page:getallCostCentreResponse",
        "uriParameters": {}
      }
    },
    "subjectiveListSDP": {
      "type": "vb/ServiceDataProvider",
      "defaultValue": {
        "endpoint": "businessObjects/getall_Subjective",
        "idAttribute": "id",
        "itemsPath": "items",
        "responseType": "page:getallSubjectiveResponse",
        "uriParameters": {}
      }
    },
    "wGAListSDP": {
      "type": "vb/ServiceDataProvider",
      "defaultValue": {
        "endpoint": "businessObjects/getall_WGA",
        "idAttribute": "id",
        "itemsPath": "items",
        "responseType": "page:getallWGAResponse",
        "uriParameters": {}
      }
    },
    "intercompanyListSDP": {
      "type": "vb/ServiceDataProvider",
      "defaultValue": {
        "endpoint": "businessObjects/getall_Intercompany",
        "idAttribute": "id",
        "itemsPath": "items",
        "responseType": "page:getallIntercompanyResponse",
        "uriParameters": {}
      }
    },
    "analysisListSDP": {
      "type": "vb/ServiceDataProvider",
      "defaultValue": {
        "endpoint": "businessObjects/getall_Analysis",
        "idAttribute": "id",
        "itemsPath": "items",
        "responseType": "page:getallAnalysisResponse",
        "uriParameters": {}
      }
    },
    "spare1ListSDP": {
      "type": "vb/ServiceDataProvider",
      "defaultValue": {
        "endpoint": "businessObjects/getall_Spare1",
        "idAttribute": "id",
        "itemsPath": "items",
        "responseType": "page:getallSpare1Response",
        "uriParameters": {}
      }
    },
    "spare2ListSDP": {
      "type": "vb/ServiceDataProvider",
      "defaultValue": {
        "endpoint": "businessObjects/getall_Spare2",
        "idAttribute": "id",
        "itemsPath": "items",
        "responseType": "page:getallSpare2Response",
        "uriParameters": {}
      }
    },
    "invoiceLineListSDP": {
      "type": "vb/ServiceDataProvider",
      "defaultValue": {
        "endpoint": "businessObjects/getall_InvoiceLine",
        "idAttribute": "id",
        "itemsPath": "items",
        "responseType": "page:getallInvoiceLineResponse",
        "uriParameters": {}
      }
    },
    "invoiceHeaderListSDP": {
      "type": "vb/ServiceDataProvider",
      "defaultValue": {
        "endpoint": "businessObjects/getall_InvoiceHeader",
        "idAttribute": "id",
        "itemsPath": "items",
        "responseType": "page:getallInvoiceHeaderResponse",
        "uriParameters": {}
      }
    },
    "invoiceHeaderIdVarPass": {
      "type": "string",
      "required": true,
      "input": "fromUrl"
    },
    "invoiceLineIdVarPass": {
      "type": "string",
      "required": true,
      "input": "fromUrl"
    },
    "invoiceLineDisTotalAmtVarPass": {
      "type": "number",
      "required": true,
      "input": "fromUrl"
    },
    "oldDistributionAllocationAmount": {
      "type": "number"
    },
    "invoiceLineAmtVarPass": {
      "type": "number",
      "required": true,
      "input": "fromUrl"
    }
  },
  "metadata": {},
  "types": {
    "getInvoiceDistributionResponse": {
      "allocationAmount": "number",
      "allocationPercentage": "number",
      "analysis": "string",
      "analysisRef": "number",
      "costCentre": "string",
      "costCentreRef": "number",
      "intercompany": "string",
      "intercompanyRef": "number",
      "invoiceHeaderId": "number",
      "invoiceLineId": "number",
      "lineAmount": "number",
      "organization": "string",
      "organizationRef": "number",
      "spare1": "string",
      "spare1Ref": "number",
      "spare2": "string",
      "spare2Ref": "number",
      "subjective": "string",
      "subjectiveRef": "number",
      "wGA": "string",
      "wgaRef": "number"
    },
    "@decorators.getInvoiceDistributionResponse": {
      "endpoint": "get_InvoiceDistribution",
      "service": "businessObjects",
      "path": "response"
    },
    "businessObjectsServiceErrorResponseType": {
      "body": {
        "status": "string",
        "title": "string",
        "o:errorDetails": [
          {
            "detail": "string",
            "o:errorCode": "string"
          }
        ]
      },
      "status": "number"
    },
    "getallOrganizationResponse": {
      "items": [
        {
          "id": "number",
          "value": "string"
        }
      ]
    },
    "@decorators.getallOrganizationResponse": {
      "endpoint": "getall_Organization",
      "service": "businessObjects",
      "path": "response"
    },
    "getallCostCentreResponse": {
      "items": [
        {
          "id": "number",
          "value": "string"
        }
      ]
    },
    "@decorators.getallCostCentreResponse": {
      "endpoint": "getall_CostCentre",
      "service": "businessObjects",
      "path": "response"
    },
    "getallSubjectiveResponse": {
      "items": [
        {
          "id": "number",
          "value": "string"
        }
      ]
    },
    "@decorators.getallSubjectiveResponse": {
      "endpoint": "getall_Subjective",
      "service": "businessObjects",
      "path": "response"
    },
    "getallWGAResponse": {
      "items": [
        {
          "id": "number",
          "value": "string"
        }
      ]
    },
    "@decorators.getallWGAResponse": {
      "endpoint": "getall_WGA",
      "service": "businessObjects",
      "path": "response"
    },
    "getallIntercompanyResponse": {
      "items": [
        {
          "id": "number",
          "value": "string"
        }
      ]
    },
    "@decorators.getallIntercompanyResponse": {
      "endpoint": "getall_Intercompany",
      "service": "businessObjects",
      "path": "response"
    },
    "getallAnalysisResponse": {
      "items": [
        {
          "id": "number",
          "value": "string"
        }
      ]
    },
    "@decorators.getallAnalysisResponse": {
      "endpoint": "getall_Analysis",
      "service": "businessObjects",
      "path": "response"
    },
    "getallSpare1Response": {
      "items": [
        {
          "id": "number",
          "value": "string"
        }
      ]
    },
    "@decorators.getallSpare1Response": {
      "endpoint": "getall_Spare1",
      "service": "businessObjects",
      "path": "response"
    },
    "getallSpare2Response": {
      "items": [
        {
          "id": "number",
          "value": "string"
        }
      ]
    },
    "@decorators.getallSpare2Response": {
      "endpoint": "getall_Spare2",
      "service": "businessObjects",
      "path": "response"
    },
    "getallInvoiceLineResponse": {
      "items": [
        {
          "id": "number"
        }
      ]
    },
    "@decorators.getallInvoiceLineResponse": {
      "endpoint": "getall_InvoiceLine",
      "service": "businessObjects",
      "path": "response"
    },
    "getallInvoiceHeaderResponse": {
      "items": [
        {
          "id": "number"
        }
      ]
    },
    "@decorators.getallInvoiceHeaderResponse": {
      "endpoint": "getall_InvoiceHeader",
      "service": "businessObjects",
      "path": "response"
    }
  },
  "chains": {
    "goBackChain": {
      "root": "navigateBack",
      "actions": {
        "navigateBack": {
          "module": "vb/action/builtin/navigateBackAction",
          "outcomes": {
            "success": ""
          }
        }
      }
    },
    "loadInvoiceDistributionChain": {
      "root": "loadInvoiceDistribution",
      "actions": {
        "loadInvoiceDistribution": {
          "module": "vb/action/builtin/restAction",
          "parameters": {
            "endpoint": "businessObjects/get_InvoiceDistribution",
            "uriParams": {
              "InvoiceDistribution_Id": "[[ $page.variables.invoiceDistributionId ]]"
            },
            "responseType": "page:getInvoiceDistributionResponse"
          },
          "outcomes": {
            "success": "assignPayload",
            "failure": "fireErrorNotification"
          }
        },
        "assignPayload": {
          "module": "vb/action/builtin/assignVariablesAction",
          "parameters": {
            "$page.variables.invoiceDistribution": {
              "source": "{{ $chain.results.loadInvoiceDistribution.body }}"
            },
            "$page.variables.invoiceDistributionETag": {
              "source": "[[ $chain.results.loadInvoiceDistribution.headers.get('ETag') ]]"
            },
            "$page.variables.oldDistributionAllocationAmount": {
              "source": "{{ $chain.results.loadInvoiceDistribution.body.allocationAmount }}"
            }
          },
          "outcomes": {}
        },
        "fireErrorNotification": {
          "module": "vb/action/builtin/fireNotificationEventAction",
          "parameters": {
            "summary": "Could not load data",
            "message": "{{ 'Could not load data: status ' + $chain.results.loadInvoiceDistribution.payload.status }}",
            "type": "error",
            "displayMode": "persist"
          },
          "outcomes": {}
        }
      }
    },
    "saveInvoiceDistributionChain": {
      "variables": {
        "saveFailureResult": {
          "type": "page:businessObjectsServiceErrorResponseType"
        },
        "errorMessage": {
          "type": "string"
        },
        "saveHeaders": {
          "type": "object"
        }
      },
      "root": "assignVariables1",
      "actions": {
        "checkETag": {
          "module": "vb/action/builtin/ifAction",
          "parameters": {
            "condition": "[[ $page.variables.invoiceDistributionETag ]]"
          },
          "outcomes": {
            "true": "assignIfMatchHeader",
            "false": "if1"
          }
        },
        "assignIfMatchHeader": {
          "module": "vb/action/builtin/assignVariablesAction",
          "parameters": {
            "$chain.variables.saveHeaders": {
              "source": "[[ { 'If-Match': $page.variables.invoiceDistributionETag } ]]"
            }
          },
          "outcomes": {
            "success": "if1"
          }
        },
        "saveInvoiceDistribution": {
          "module": "vb/action/builtin/restAction",
          "parameters": {
            "endpoint": "businessObjects/update_InvoiceDistribution",
            "body": "{{ $page.variables.invoiceDistribution }}",
            "requestType": "json",
            "uriParams": {
              "InvoiceDistribution_Id": "[[ $page.variables.invoiceDistributionId ]]"
            },
            "headers": "[[ $chain.variables.saveHeaders ]]"
          },
          "outcomes": {
            "success": "assignPayload",
            "failure": "assignFailureResult"
          }
        },
        "assignPayload": {
          "module": "vb/action/builtin/assignVariablesAction",
          "parameters": {
            "$page.variables.invoiceDistribution": {
              "source": "{{ $chain.results.saveInvoiceDistribution.body }}"
            },
            "$page.variables.invoiceDistributionETag": {
              "source": "[[ $chain.results.saveInvoiceDistribution.headers.get('ETag') ]]"
            }
          },
          "outcomes": {
            "success": "fireSuccessNotification"
          }
        },
        "fireSuccessNotification": {
          "module": "vb/action/builtin/fireNotificationEventAction",
          "parameters": {
            "summary": "InvoiceDistribution saved",
            "message": "InvoiceDistribution record successfully updated",
            "type": "confirmation",
            "displayMode": "transient"
          },
          "outcomes": {
            "success": "callGoBackChain"
          }
        },
        "callGoBackChain": {
          "module": "vb/action/builtin/callChainAction",
          "parameters": {
            "id": "goBackChain"
          }
        },
        "assignFailureResult": {
          "module": "vb/action/builtin/assignVariablesAction",
          "parameters": {
            "$chain.variables.saveFailureResult": {
              "source": "[[ $chain.results.saveInvoiceDistribution.payload ]]"
            }
          },
          "outcomes": {
            "success": "testFailureDetails"
          }
        },
        "testFailureDetails": {
          "module": "vb/action/builtin/ifAction",
          "outcomes": {
            "true": "handleDetailedErrorMessage",
            "false": "handleDefaultErrorMessage"
          },
          "parameters": {
            "condition": "[[ $chain.variables.saveFailureResult.body['o:errorDetails'][0] ]]"
          }
        },
        "handleDetailedErrorMessage": {
          "module": "vb/action/builtin/assignVariablesAction",
          "outcomes": {
            "success": "fireErrorNotification"
          },
          "parameters": {
            "$chain.variables.errorMessage": {
              "source": "[[ $chain.variables.saveFailureResult.body['o:errorDetails'][0].detail ]]"
            }
          }
        },
        "handleDefaultErrorMessage": {
          "module": "vb/action/builtin/assignVariablesAction",
          "outcomes": {
            "success": "fireErrorNotification"
          },
          "parameters": {
            "$chain.variables.errorMessage": {
              "source": "[[ 'Could not update InvoiceDistribution: status ' + $chain.results.saveInvoiceDistribution.payload.status ]]"
            }
          }
        },
        "fireErrorNotification": {
          "module": "vb/action/builtin/fireNotificationEventAction",
          "parameters": {
            "summary": "Save failed",
            "message": "[[ $chain.variables.errorMessage ]]",
            "type": "error",
            "displayMode": "persist"
          }
        },
        "assignVariables1": {
          "module": "vb/action/builtin/assignVariablesAction",
          "parameters": {
            "$page.variables.invoiceDistribution": {
              "source": {
                "allocationAmount": "{{ $page.variables.invoiceDistribution.allocationPercentage*$page.variables.invoiceDistribution.lineAmount*.01 }}"
              },
              "reset": "none",
              "auto": "always"
            }
          },
          "outcomes": {
            "success": "checkETag"
          }
        },
        "if1": {
          "module": "vb/action/builtin/ifAction",
          "parameters": {
            "condition": "[[ ($page.variables.invoiceLineDisTotalAmtVarPass-$page.variables.oldDistributionAllocationAmount+$page.variables.invoiceDistribution.allocationAmount)<=$page.variables.invoiceLineAmtVarPass]]"
          },
          "outcomes": {
            "true": "saveInvoiceDistribution",
            "false": "fireNotification1"
          }
        },
        "fireNotification1": {
          "module": "vb/action/builtin/fireNotificationEventAction",
          "parameters": {
            "target": "current",
            "summary": "Save Failed",
            "message": "Distribution Total Cannot Exceed Line Total",
            "displayMode": "persist",
            "type": "error"
          }
        }
      }
    },
    "OrgValueChangeChain": {
      "description": "",
      "variables": {
        "value": {
          "required": true,
          "type": "any",
          "input": "fromCaller"
        }
      },
      "root": "if1",
      "actions": {
        "if1": {
          "module": "vb/action/builtin/ifAction",
          "parameters": {
            "condition": "[[ $chain.variables.value !== undefined]]"
          },
          "outcomes": {
            "true": "callRestEndpoint1"
          }
        },
        "callRestEndpoint1": {
          "module": "vb/action/builtin/restAction",
          "parameters": {
            "endpoint": "businessObjects/get_Organization",
            "uriParams": {
              "Organization_Id": "{{ $chain.variables.value }}"
            }
          },
          "outcomes": {
            "failure": "fireNotification1",
            "success": "assignVariables1"
          }
        },
        "fireNotification1": {
          "module": "vb/action/builtin/fireNotificationEventAction",
          "parameters": {
            "target": "leaf",
            "summary": "[[ $chain.results.callRestEndpoint1.message.summary ]]",
            "type": "error",
            "displayMode": "persist"
          }
        },
        "assignVariables1": {
          "module": "vb/action/builtin/assignVariablesAction",
          "parameters": {
            "$page.variables.invoiceDistribution": {
              "source": {
                "organization": "{{ $chain.results.callRestEndpoint1.body.value }}"
              },
              "reset": "none",
              "auto": "always"
            }
          }
        }
      }
    },
    "CCValueChangeChain": {
      "description": "",
      "variables": {
        "value": {
          "required": true,
          "type": "any",
          "input": "fromCaller"
        }
      },
      "root": "if1",
      "actions": {
        "if1": {
          "module": "vb/action/builtin/ifAction",
          "parameters": {
            "condition": "[[ $chain.variables.value !== undefined]]"
          },
          "outcomes": {
            "true": "callRestEndpoint1"
          }
        },
        "callRestEndpoint1": {
          "module": "vb/action/builtin/restAction",
          "parameters": {
            "endpoint": "businessObjects/get_CostCentre",
            "uriParams": {
              "CostCentre_Id": "{{ $chain.variables.value }}"
            }
          },
          "outcomes": {
            "failure": "fireNotification1",
            "success": "assignVariables1"
          }
        },
        "fireNotification1": {
          "module": "vb/action/builtin/fireNotificationEventAction",
          "parameters": {
            "target": "leaf",
            "summary": "[[ $chain.results.callRestEndpoint1.message.summary ]]",
            "type": "error",
            "displayMode": "persist"
          }
        },
        "assignVariables1": {
          "module": "vb/action/builtin/assignVariablesAction",
          "parameters": {
            "$page.variables.invoiceDistribution": {
              "source": {
                "costCentre": "{{ $chain.results.callRestEndpoint1.body.value }}"
              },
              "reset": "none",
              "auto": "always"
            }
          }
        }
      }
    },
    "SubjectiveValueChangeChain": {
      "description": "",
      "variables": {
        "value": {
          "required": true,
          "type": "any",
          "input": "fromCaller"
        }
      },
      "root": "if1",
      "actions": {
        "if1": {
          "module": "vb/action/builtin/ifAction",
          "parameters": {
            "condition": "[[ $chain.variables.value !== undefined]]"
          },
          "outcomes": {
            "true": "callRestEndpoint1"
          }
        },
        "callRestEndpoint1": {
          "module": "vb/action/builtin/restAction",
          "parameters": {
            "endpoint": "businessObjects/get_Subjective",
            "uriParams": {
              "Subjective_Id": "{{ $chain.variables.value }}"
            }
          },
          "outcomes": {
            "failure": "fireNotification1",
            "success": "assignVariables1"
          }
        },
        "fireNotification1": {
          "module": "vb/action/builtin/fireNotificationEventAction",
          "parameters": {
            "target": "leaf",
            "summary": "[[ $chain.results.callRestEndpoint1.message.summary ]]",
            "type": "error",
            "displayMode": "persist"
          }
        },
        "assignVariables1": {
          "module": "vb/action/builtin/assignVariablesAction",
          "parameters": {
            "$page.variables.invoiceDistribution": {
              "source": {
                "subjective": "{{ $chain.results.callRestEndpoint1.body.value }}"
              },
              "reset": "none",
              "auto": "always"
            }
          }
        }
      }
    },
    "WGAValueChangeChain": {
      "description": "",
      "variables": {
        "value": {
          "required": true,
          "type": "any",
          "input": "fromCaller"
        }
      },
      "root": "if1",
      "actions": {
        "if1": {
          "module": "vb/action/builtin/ifAction",
          "parameters": {
            "condition": "[[ $chain.variables.value !== undefined]]"
          },
          "outcomes": {
            "true": "callRestEndpoint1"
          }
        },
        "callRestEndpoint1": {
          "module": "vb/action/builtin/restAction",
          "parameters": {
            "endpoint": "businessObjects/get_WGA",
            "uriParams": {
              "WGA_Id": "{{ $chain.variables.value }}"
            }
          },
          "outcomes": {
            "failure": "fireNotification1",
            "success": "assignVariables1"
          }
        },
        "fireNotification1": {
          "module": "vb/action/builtin/fireNotificationEventAction",
          "parameters": {
            "target": "leaf",
            "summary": "[[ $chain.results.callRestEndpoint1.message.summary ]]",
            "type": "error",
            "displayMode": "persist"
          }
        },
        "assignVariables1": {
          "module": "vb/action/builtin/assignVariablesAction",
          "parameters": {
            "$page.variables.invoiceDistribution": {
              "source": {
                "wGA": "{{ $chain.results.callRestEndpoint1.body.value }}"
              },
              "reset": "none",
              "auto": "always"
            }
          }
        }
      }
    },
    "ICValueChangeChain": {
      "description": "",
      "variables": {
        "value": {
          "required": true,
          "type": "any",
          "input": "fromCaller"
        }
      },
      "root": "if1",
      "actions": {
        "if1": {
          "module": "vb/action/builtin/ifAction",
          "parameters": {
            "condition": "[[ $chain.variables.value !== undefined]]"
          },
          "outcomes": {
            "true": "callRestEndpoint1"
          }
        },
        "callRestEndpoint1": {
          "module": "vb/action/builtin/restAction",
          "parameters": {
            "endpoint": "businessObjects/get_Intercompany",
            "uriParams": {
              "Intercompany_Id": "{{ $chain.variables.value }}"
            }
          },
          "outcomes": {
            "failure": "fireNotification1",
            "success": "assignVariables1"
          }
        },
        "fireNotification1": {
          "module": "vb/action/builtin/fireNotificationEventAction",
          "parameters": {
            "target": "leaf",
            "summary": "[[ $chain.results.callRestEndpoint1.message.summary ]]",
            "type": "error",
            "displayMode": "persist"
          }
        },
        "assignVariables1": {
          "module": "vb/action/builtin/assignVariablesAction",
          "parameters": {
            "$page.variables.invoiceDistribution": {
              "source": {
                "intercompany": "{{ $chain.results.callRestEndpoint1.body.value }}"
              },
              "reset": "none",
              "auto": "always"
            }
          }
        }
      }
    },
    "AnalysisValueChangeChain": {
      "description": "",
      "variables": {
        "value": {
          "required": true,
          "type": "any",
          "input": "fromCaller"
        }
      },
      "root": "if1",
      "actions": {
        "if1": {
          "module": "vb/action/builtin/ifAction",
          "parameters": {
            "condition": "[[ $chain.variables.value !== undefined]]"
          },
          "outcomes": {
            "true": "callRestEndpoint1"
          }
        },
        "callRestEndpoint1": {
          "module": "vb/action/builtin/restAction",
          "parameters": {
            "endpoint": "businessObjects/get_Analysis",
            "uriParams": {
              "Analysis_Id": "{{ $chain.variables.value }}"
            }
          },
          "outcomes": {
            "failure": "fireNotification1",
            "success": "assignVariables1"
          }
        },
        "fireNotification1": {
          "module": "vb/action/builtin/fireNotificationEventAction",
          "parameters": {
            "target": "leaf",
            "summary": "[[ $chain.results.callRestEndpoint1.message.summary ]]",
            "type": "error",
            "displayMode": "persist"
          }
        },
        "assignVariables1": {
          "module": "vb/action/builtin/assignVariablesAction",
          "parameters": {
            "$page.variables.invoiceDistribution": {
              "source": {
                "analysis": "{{ $chain.results.callRestEndpoint1.body.value }}"
              },
              "reset": "none",
              "auto": "always"
            }
          }
        }
      }
    },
    "Spare1ValueChangeChain": {
      "description": "",
      "variables": {
        "value": {
          "required": true,
          "type": "any",
          "input": "fromCaller"
        }
      },
      "root": "if1",
      "actions": {
        "if1": {
          "module": "vb/action/builtin/ifAction",
          "parameters": {
            "condition": "[[ $chain.variables.value !== undefined]]"
          },
          "outcomes": {
            "true": "callRestEndpoint1"
          }
        },
        "callRestEndpoint1": {
          "module": "vb/action/builtin/restAction",
          "parameters": {
            "endpoint": "businessObjects/get_Spare1",
            "uriParams": {
              "Spare1_Id": "{{ $chain.variables.value }}"
            }
          },
          "outcomes": {
            "failure": "fireNotification1",
            "success": "assignVariables1"
          }
        },
        "fireNotification1": {
          "module": "vb/action/builtin/fireNotificationEventAction",
          "parameters": {
            "target": "leaf",
            "summary": "[[ $chain.results.callRestEndpoint1.message.summary ]]",
            "type": "error",
            "displayMode": "persist"
          }
        },
        "assignVariables1": {
          "module": "vb/action/builtin/assignVariablesAction",
          "parameters": {
            "$page.variables.invoiceDistribution": {
              "source": {
                "spare1": "{{ $chain.results.callRestEndpoint1.body.value }}"
              },
              "reset": "none",
              "auto": "always"
            }
          }
        }
      }
    },
    "Spare2ValueChangeChain": {
      "description": "",
      "variables": {
        "value": {
          "required": true,
          "type": "any",
          "input": "fromCaller"
        }
      },
      "root": "if1",
      "actions": {
        "if1": {
          "module": "vb/action/builtin/ifAction",
          "parameters": {
            "condition": "[[ $chain.variables.value !== undefined]]"
          },
          "outcomes": {
            "true": "callRestEndpoint1"
          }
        },
        "callRestEndpoint1": {
          "module": "vb/action/builtin/restAction",
          "parameters": {
            "endpoint": "businessObjects/get_Spare2",
            "uriParams": {
              "Spare2_Id": "{{ $chain.variables.value }}"
            }
          },
          "outcomes": {
            "failure": "fireNotification1",
            "success": "assignVariables1"
          }
        },
        "fireNotification1": {
          "module": "vb/action/builtin/fireNotificationEventAction",
          "parameters": {
            "target": "leaf",
            "summary": "[[ $chain.results.callRestEndpoint1.message.summary ]]",
            "type": "error",
            "displayMode": "persist"
          }
        },
        "assignVariables1": {
          "module": "vb/action/builtin/assignVariablesAction",
          "parameters": {
            "$page.variables.invoiceDistribution": {
              "source": {
                "spare2": "{{ $chain.results.callRestEndpoint1.body.value }}"
              },
              "reset": "none",
              "auto": "always"
            }
          }
        }
      }
    }
  },
  "eventListeners": {
    "backButtonClicked": {
      "chains": [
        {
          "chainId": "goBackChain"
        }
      ]
    },
    "saveButtonClicked": {
      "chains": [
        {
          "chainId": "saveInvoiceDistributionChain"
        }
      ]
    },
    "vbEnter": {
      "chains": [
        {
          "chainId": "loadInvoiceDistributionChain"
        }
      ]
    },
    "ojSelectOneValue": {
      "chains": [
        {
          "chainId": "OrgValueChangeChain",
          "parameters": {
            "value": "{{ $event.detail.value }}"
          }
        }
      ]
    },
    "ojSelectOneValue2": {
      "chains": [
        {
          "chainId": "CCValueChangeChain",
          "parameters": {
            "value": "{{ $event.detail.value }}"
          }
        }
      ]
    },
    "ojSelectOneValue3": {
      "chains": [
        {
          "chainId": "SubjectiveValueChangeChain",
          "parameters": {
            "value": "{{ $event.detail.value }}"
          }
        }
      ]
    },
    "ojSelectOneValue4": {
      "chains": [
        {
          "chainId": "WGAValueChangeChain",
          "parameters": {
            "value": "{{ $event.detail.value }}"
          }
        }
      ]
    },
    "ojSelectOneValue5": {
      "chains": [
        {
          "chainId": "ICValueChangeChain",
          "parameters": {
            "value": "{{ $event.detail.value }}"
          }
        }
      ]
    },
    "ojSelectOneValue6": {
      "chains": [
        {
          "chainId": "AnalysisValueChangeChain",
          "parameters": {
            "value": "{{ $event.detail.value }}"
          }
        }
      ]
    },
    "ojSelectOneValue7": {
      "chains": [
        {
          "chainId": "Spare1ValueChangeChain",
          "parameters": {
            "value": "{{ $event.detail.value }}"
          }
        }
      ]
    },
    "ojSelectOneValue8": {
      "chains": [
        {
          "chainId": "Spare2ValueChangeChain",
          "parameters": {
            "value": "{{ $event.detail.value }}"
          }
        }
      ]
    }
  },
  "imports": {
    "components": {
      "oj-form-layout": {
        "path": "ojs/ojformlayout"
      },
      "oj-select-one": {
        "path": "ojs/ojselectcombobox"
      },
      "oj-input-number": {
        "path": "ojs/ojinputnumber"
      },
      "oj-toolbar": {
        "path": "ojs/ojtoolbar"
      },
      "oj-button": {
        "path": "ojs/ojbutton"
      }
    }
  }
}