{
    "fields": [
        {
            "displayLabel": "Id",
            "internal": true,
            "key": true,
            "name": "id",
            "oid": "cecb827b-fca0-49dc-9481-31e3a4253e88",
            "required": true,
            "type": "number",
            "unique": true
        },
        {
            "displayLabel": "Created",
            "internal": true,
            "name": "creationDate",
            "oid": "489d3030-cc48-4092-bd27-85df8087ad59",
            "type": "datetime"
        },
        {
            "displayLabel": "Last Updated",
            "internal": true,
            "name": "lastUpdateDate",
            "oid": "826d6e92-2e59-482e-ad77-8ad1772aa815",
            "type": "datetime"
        },
        {
            "displayLabel": "Created By",
            "internal": true,
            "name": "createdBy",
            "oid": "642af844-2026-45e7-bdb9-060c885374b7",
            "type": "string"
        },
        {
            "displayLabel": "Last Updated By",
            "internal": true,
            "name": "lastUpdatedBy",
            "oid": "39d23757-da35-4800-930d-bb1227d4dd1d",
            "type": "string"
        },
        {
            "displayLabel": "<internal>",
            "hidden": true,
            "internal": true,
            "name": "abcsChangeNumber",
            "oid": "b5b5de94-3097-42ec-acce-69279daaf3d5",
            "type": "number"
        },
        {
            "name": "name",
            "oid": "8f4781f6-7742-4d1d-bf04-a194133bf400",
            "displayLabel": "Name",
            "type": "string"
        }
    ],
    "name": "CreditReason",
    "oid": "47f06c0c-05dd-4e4a-aa65-92f3242a41ab",
    "displayLabel": "Credit Reason",
    "relationships": [
        {
            "name": "invoiceHeaderCollection",
            "reverseRelationship": "creditReasonObject",
            "targetEntity": "InvoiceHeader",
            "type": "incoming",
            "exposeAccessor": false,
            "displayField": "name"
        }
    ]
}