{
    "fields": [
        {
            "displayLabel": "Id",
            "internal": true,
            "key": true,
            "name": "id",
            "oid": "ee01890f-b4a8-4a76-89f2-89854ecd5826",
            "required": true,
            "type": "number",
            "unique": true
        },
        {
            "displayLabel": "Created",
            "internal": true,
            "name": "creationDate",
            "oid": "1c201b2d-b90f-40e8-b2c3-ebeab4d71c18",
            "type": "datetime"
        },
        {
            "displayLabel": "Last Updated",
            "internal": true,
            "name": "lastUpdateDate",
            "oid": "8da8c1e0-5767-44b8-901c-e303d3c89c54",
            "type": "datetime"
        },
        {
            "displayLabel": "Created By",
            "internal": true,
            "name": "createdBy",
            "oid": "8c92b35c-d19c-45ca-be4f-05bc97562d0f",
            "type": "string"
        },
        {
            "displayLabel": "Last Updated By",
            "internal": true,
            "name": "lastUpdatedBy",
            "oid": "669030d5-6095-4252-88c0-a0e56ccf5a7d",
            "type": "string"
        },
        {
            "displayLabel": "<internal>",
            "hidden": true,
            "internal": true,
            "name": "abcsChangeNumber",
            "oid": "4c923f60-2aaa-4f51-8d64-e508ddaf97cd",
            "type": "number"
        },
        {
            "name": "name",
            "oid": "06c45865-380f-49b2-8da0-e090818f38e3",
            "displayLabel": "Name",
            "type": "string"
        },
        {
            "name": "description",
            "oid": "13b712be-b8b9-4370-b261-221738f68deb",
            "displayLabel": "Description",
            "type": "string"
        },
        {
            "name": "incomeCode",
            "oid": "2973f5d5-2ac5-41e1-a953-9ca0b0521f19",
            "displayLabel": "Income Code",
            "type": "string"
        }
    ],
    "name": "MemoLine",
    "oid": "f8181717-747a-416f-91d8-c8704d31d4b8",
    "displayLabel": "Memo Line",
    "relationships": [
        {
            "name": "invoiceLineCollection",
            "reverseRelationship": "memoLineObject",
            "targetEntity": "InvoiceLine",
            "type": "incoming",
            "exposeAccessor": true,
            "displayField": "name"
        }
    ]
}