{
  "pageModelVersion": "18.4.1",
  "title": "",
  "description": "",
  "variables": {
    "invoiceListSDP": {
      "type": "vb/ServiceDataProvider",
      "defaultValue": {
        "endpoint": "businessObjects/getall_Invoice",
        "idAttribute": "id",
        "itemsPath": "items",
        "responseType": "page:getallInvoiceResponse4"
      }
    }
  },
  "types": {
    "getallInvoiceHeaderResponse": {
      "items": [
        {
          "customerName": "number",
          "id": "number",
          "invoiceReference": "string",
          "lastUpdateDate": "string",
          "requestorName": "string",
          "revenueDepartmentApprov": "string",
          "status": "string",
          "transactionType": "number"
        }
      ]
    },
    "@decorators.getallInvoiceHeaderResponse": {
      "endpoint": "getall_InvoiceHeader",
      "service": "businessObjects",
      "path": "response"
    },
    "getallInvoiceHeaderResponse2": {
      "items": [
        {
          "currentApprover": "string",
          "customerName": "number",
          "id": "number",
          "invoiceReference": "string",
          "lastUpdateDate": "string",
          "requestorName": "string",
          "revenueDeptApprover": "string",
          "status": "string",
          "transactionType": "number"
        }
      ]
    },
    "@decorators.getallInvoiceHeaderResponse2": {
      "endpoint": "getall_InvoiceHeader",
      "service": "businessObjects",
      "path": "response"
    },
    "getallInvoiceHeaderResponse3": {
      "items": [
        {
          "currentApprover": "string",
          "customerName": "number",
          "id": "number",
          "invoiceReference": "string",
          "lastUpdateDate": "string",
          "requestorName": "string",
          "revenueDeptApprover": "string",
          "status": "string",
          "transactionType": "number"
        }
      ]
    },
    "@decorators.getallInvoiceHeaderResponse3": {
      "endpoint": "getall_InvoiceHeader",
      "service": "businessObjects",
      "path": "response"
    },
    "getallInvoiceHeaderResponse4": {
      "items": [
        {
          "currentApprover": "string",
          "customerName": "number",
          "id": "number",
          "invoiceReference": "string",
          "lastUpdateDate": "string",
          "requestorName": "string",
          "revenueDeptApprover": "string",
          "status": "string",
          "transactionType": "number"
        }
      ]
    },
    "@decorators.getallInvoiceHeaderResponse4": {
      "endpoint": "getall_InvoiceHeader",
      "service": "businessObjects",
      "path": "response"
    },
    "getallInvoiceResponse": {
      "items": [
        {
          "currentApprover": "string",
          "customerName": "number",
          "id": "number",
          "invoiceReference": "string",
          "lastUpdateDate": "string",
          "requestorName": "string",
          "revenueDeptApprover": "string",
          "status": "string",
          "transactionType": "string"
        }
      ]
    },
    "@decorators.getallInvoiceResponse": {
      "endpoint": "getall_Invoice",
      "service": "businessObjects",
      "path": "response"
    },
    "getallInvoiceResponse2": {
      "items": [
        {
          "currentApprover": "string",
          "customerName": "string",
          "id": "number",
          "invoiceReference": "string",
          "lastUpdateDate": "string",
          "requestorName": "string",
          "revenueDeptApprover": "string",
          "status": "string",
          "transactionType": "string"
        }
      ]
    },
    "@decorators.getallInvoiceResponse2": {
      "endpoint": "getall_Invoice",
      "service": "businessObjects",
      "path": "response"
    },
    "getallInvoiceResponse3": {
      "items": [
        {
          "currentApprover": "string",
          "customerName": "string",
          "id": "number",
          "invoiceReference": "string",
          "lastUpdateDate": "string",
          "requestorName": "string",
          "revenueDeptApprover": "string",
          "status": "string",
          "transactionType": "string"
        }
      ]
    },
    "@decorators.getallInvoiceResponse3": {
      "endpoint": "getall_Invoice",
      "service": "businessObjects",
      "path": "response"
    },
    "getallInvoiceResponse4": {
      "items": [
        {
          "currentApprover": "string",
          "customerName": "string",
          "id": "number",
          "invoiceReference": "string",
          "lastUpdateDate": "string",
          "requestorName": "string",
          "revenueDeptApprover": "string",
          "status": "string",
          "transactionType": "string"
        }
      ]
    },
    "@decorators.getallInvoiceResponse4": {
      "endpoint": "getall_Invoice",
      "service": "businessObjects",
      "path": "response"
    }
  },
  "chains": {
  },
  "eventListeners": {
  },
  "imports": {
    "components": {
      "oj-toolbar": {
        "path": "ojs/ojtoolbar"
      },
      "oj-button": {
        "path": "ojs/ojbutton"
      },
      "oj-table": {
        "path": "ojs/ojtable"
      }
    }
  }
}