{
    "displayLabel": "CostCentre",
    "fields": [
        {
            "displayLabel": "Id",
            "internal": true,
            "key": true,
            "name": "id",
            "oid": "58cd3571-2a4a-423b-b2d7-a62bc4da9861",
            "required": true,
            "type": "number",
            "unique": true
        },
        {
            "displayLabel": "Created",
            "internal": true,
            "name": "creationDate",
            "oid": "84ad421e-f5a9-4882-8cdb-413f6bc18c4a",
            "type": "datetime"
        },
        {
            "displayLabel": "Last Updated",
            "internal": true,
            "name": "lastUpdateDate",
            "oid": "24439f75-87aa-4fe6-ac75-7865fb22a958",
            "type": "datetime"
        },
        {
            "displayLabel": "Created By",
            "internal": true,
            "name": "createdBy",
            "oid": "5c010f8e-ba2f-46d3-8d4a-938b26104198",
            "type": "string"
        },
        {
            "displayLabel": "Last Updated By",
            "internal": true,
            "name": "lastUpdatedBy",
            "oid": "d60f00a0-a2b2-490b-9a0d-27f7a220e533",
            "type": "string"
        },
        {
            "displayLabel": "<internal>",
            "hidden": true,
            "internal": true,
            "name": "abcsChangeNumber",
            "oid": "06eeb871-b8d3-4b99-9b32-4958df7d5c55",
            "type": "number"
        },
        {
            "displayLabel": "value",
            "name": "value",
            "oid": "cdb42362-85ca-4af6-a487-8780ef6acf9f",
            "type": "string",
            "required": true
        }
    ],
    "name": "CostCentre",
    "oid": "4dde408e-ccb8-4a5a-a717-91bfbd599bbc"
}