{"schemaVersion":"1.0","name":"InvoiceApprovalProcess","registeredProcess":{"id":"oracleinternalpcsplayer~GSTT_AR_Self_Service_Invoice_Approval_App!1.0~InvoiceApprovalProcess","project":"GSTT AR Self Service Invoice Approval App","projectVersion":"1.0","useDefaultVersion":true,"processName":"InvoiceApprovalProcess","isPlayerInstance":true,"interfaces":[{"id":"f@initiateInvoiceApproval","label":"Initiate Invoice Approval","typeDefinitions":{"http://xmlns.oracle.com/bpm/forms/schemas/InvoiceForm|InvoiceForm":{"id":"GSTT AR Self Service Invoice Approval App@..@http://xmlns.oracle.com/bpm/forms/schemas/InvoiceForm|InvoiceForm","label":"InvoiceForm","type":"object","properties":{"city":{"type":"string"},"invoiceReference":{"type":"string"},"adrLine2":{"type":"string"},"adrLine1":{"type":"string"},"postalCode":{"type":"string"},"profileclass":{"type":"string"},"inputText":{"type":"string"},"trxType":{"type":"string"},"revenueDeptApprover":{"type":"string"},"customerName":{"type":"string"},"financeDirectorApprover":{"type":"string"},"requestor":{"type":"string"},"invoiceLines":{"type":"http://xmlns.oracle.com/bpm/forms/schemas/InvoiceForm|invoiceLines|InvoiceForm","multivalued":true},"salesPerson":{"type":"string"},"transactionTotal":{"type":"number"},"incomeSysTeamApprover":{"type":"string"},"invoiceHeaderId":{"type":"string"}}},"http://xmlns.oracle.com/bpm/forms/schemas/InvoiceForm|invoiceLines|InvoiceForm":{"id":"GSTT AR Self Service Invoice Approval App@..@http://xmlns.oracle.com/bpm/forms/schemas/InvoiceForm|invoiceLines|InvoiceForm","label":"InvoiceForm","type":"object","properties":{"code_combination":{"type":"string"},"quantity":{"type":"string"},"description":{"type":"string"},"taxcode":{"type":"string"},"unitprice":{"type":"string"}}}},"parameters":{"city":{"type":"string"},"invoiceReference":{"type":"string"},"adrLine2":{"type":"string"},"adrLine1":{"type":"string"},"postalCode":{"type":"string"},"profileclass":{"type":"string"},"inputText":{"type":"string"},"trxType":{"type":"string"},"revenueDeptApprover":{"type":"string"},"customerName":{"type":"string"},"financeDirectorApprover":{"type":"string"},"requestor":{"type":"string"},"invoiceLines":{"type":"http://xmlns.oracle.com/bpm/forms/schemas/InvoiceForm|invoiceLines|InvoiceForm","multivalued":true},"salesPerson":{"type":"string"},"transactionTotal":{"type":"number"},"incomeSysTeamApprover":{"type":"string"},"invoiceHeaderId":{"type":"string"}}}]}}