id,creationDate,lastUpdateDate,createdBy,lastUpdatedBy,transactionDate,billToLocation,profileClass,addressLine1,addressLine2,city,postalCode,creditReason,invoicingRule,currency,salesPersonName,reconciliationReference,insuranceCompany,policyNumber,patientDateOfBirth,printOption,admissionDate,dischargeDate,poNumber,otherRechargeReason,requestorName,revenueDeptApprover,specialInstructions,notesToBeIncludedOnTrx,commentsToApprover,invoiceReference,status,customerName,transactionType,transactionTypeRef,customerNameRef,currentApprover,insuranceCustomerNumber,businessUnit,incomeSysTeamApprover,financeDirectorApprover
5,2020-11-08T12:23:57,2020-11-14T15:41:10,techtutorsti@gmail.com,techtutorsti@gmail.com,2020-11-08,1,Easy Profile Class,Easy Main Bill To Loc Adr Line 1,Easy Main Bill To Loc Adr Line 2,London,EC4V 4BQ,1,1,2,1,INV1 Rec Ref1,Easy IC,Easy PN,1988-11-07,1,2020-11-08,2020-11-07,123,Rec Reason,Requestor Name,Revenue Dept Approver,Special Instructions,Notes on Transaction,Comments to Approver3,INV1,SUBMITTED,,,1,1,Current Approver,Easy IN,1,,
47,2020-11-16T06:42:27,2020-11-16T07:05:34,techtutorsti@gmail.com,techtutorsti@gmail.com,2020-11-16,21,James Profile Class,James Main Loc Adr Line 1,James Main Loc Adr Line 2,London,EC4V 4BQ,,,2,1,,James IC,James PN,1988-11-12,,,,,,techtutorsti@gmail.com,techtutorsti@gmail.com,,,,INV1,SUBMITTED,,Invoice,1,23,,James IN,1,techtutorsti@gmail.com,techtutorsti@gmail.com
48,2020-11-16T07:31:23,2020-11-16T07:32:09,techtutorsti@gmail.com,techtutorsti@gmail.com,2020-11-16,21,James Profile Class,James Main Loc Adr Line 1,James Main Loc Adr Line 2,London,EC4V 4BQ,,,2,1,,James IC,James PN,1988-11-12,1,,,,,techtutorsti@gmail.com,techtutorsti@gmail.com,,,,INV5,SUBMITTED,,Invoice,1,23,,James IN,1,techtutorsti@gmail.com,techtutorsti@gmail.com
49,2020-11-16T10:01:50,2020-11-16T10:07:14,techtutorsti@gmail.com,techtutorsti@gmail.com,2020-11-16,1,Easy Profile Class,Easy Main Bill To Loc Adr Line 1,Easy Main Bill To Loc Adr Line 2,London,EC4V 4BQ,,,2,1,,Easy IC,Easy PN,1988-11-07,,,,,,techtutorsti@gmail.com,techtutorsti@gmail.com,,,,Inv6,SUBMITTED,,Invoice,1,1,,Easy IN,1,techtutorsti@gmail.com,techtutorsti@gmail.com
51,2020-11-16T10:24:57,2020-11-16T10:24:57.005,techtutorsti@gmail.com,techtutorsti@gmail.com,2020-11-16,1,Easy Profile Class,Easy Main Bill To Loc Adr Line 1,Easy Main Bill To Loc Adr Line 2,London,EC4V 4BQ,,,2,1,,Easy IC,Easy PN,1988-11-07,,,,,,techtutorsti@gmail.com,techtutorsti@gmail.com,,,,INV8,ENTERED,,Invoice,1,1,,Easy IN,1,techtutorsti@gmail.com,techtutorsti@gmail.com
