id,creationDate,lastUpdateDate,createdBy,lastUpdatedBy,memoLine,description,quantity,unitPrice,taxCode,amount,invoiceReference,lineNumber,invoiceHeaderId,taxRate
21,2020-11-11T10:21:28,2020-11-11T10:21:28.016,techtutorsti@gmail.com,techtutorsti@gmail.com,1,Default Memo Line Desc1,1.0,100.0,1,110.00000000000001,,,5,10.0
25,2020-11-14T06:49:09,2020-11-14T15:27:58,techtutorsti@gmail.com,techtutorsti@gmail.com,1,Default Memo Line Desc2,1.0,200.0,1,220.00000000000003,,,5,10.0
48,2020-11-16T06:42:44,2020-11-16T06:42:44.01,techtutorsti@gmail.com,techtutorsti@gmail.com,1,Line 1,1.0,100.0,2,114.99999999999999,,,47,15.0
49,2020-11-16T07:31:40,2020-11-16T07:31:40.007,techtutorsti@gmail.com,techtutorsti@gmail.com,1,Default Memo Line Desc1,1.0,100.0,1,110.00000000000001,,,48,10.0
50,2020-11-16T10:02:25,2020-11-16T10:02:25.012,techtutorsti@gmail.com,techtutorsti@gmail.com,1,Default Memo Line Desc,10.0,200.0,1,2200.0,,,49,10.0
