id,creationDate,lastUpdateDate,createdBy,lastUpdatedBy,memoLine,description,quantity,unitPrice,taxCode,amount,invoiceReference,lineNumber,invoiceHeaderId,taxRate,lineReconciliationRef
83,2020-11-22T12:54:48,2020-11-22T12:54:48.007,techtutorsti@gmail.com,techtutorsti@gmail.com,1,00ANTILEPILEPTIC Desc,1.0,100.0,1,100.0,,,62,10.0,
101,2020-11-23T10:14:17,2020-11-23T10:14:17.009,techtutorsti@gmail.com,techtutorsti@gmail.com,1,00ANTILEPILEPTIC Desc,10.0,100.0,1,1000.0,,,81,10.0,
181,2020-11-30T11:30:43,2020-11-30T11:31:23,shiva.yarlagadda89@gmail.com,shiva.yarlagadda89@gmail.com,1,00ANTILEPILEPTIC Desc,1.0,100.0,21,100.0,,,162,20.0,
202,2020-12-02T06:54:00,2020-12-02T06:54:00.009,shiva.yarlagadda89@gmail.com,shiva.yarlagadda89@gmail.com,1,00ANTILEPILEPTIC Desc,1.0,100.0,21,100.0,,,201,20.0,
221,2020-12-04T07:32:02,2020-12-04T07:32:02.014,shiva.yarlagadda89@gmail.com,shiva.yarlagadda89@gmail.com,1,00ANTILEPILEPTIC Desc,1.0,150.0,21,150.0,,,222,20.0,
230,2020-12-04T10:27:05,2020-12-04T10:28:57,shiva.yarlagadda89@gmail.com,shiva.yarlagadda89@gmail.com,1,00ANTILEPILEPTIC Desc1,1.0,100.0,21,100.0,,,224,20.0,
2000006,2020-11-25T00:00:00,2020-11-25T00:00:00,techtutorsti@gmail.com,techtutorsti@gmail.com,1,00ANTILEPILEPTIC Desc,1.0,100.0,21,100.0,,,1000004,20.0,
2000008,2020-11-25T00:00:00,2020-11-25T00:00:00,techtutorsti@gmail.com,techtutorsti@gmail.com,1,00ANTILEPILEPTIC Desc,1.0,100.0,21,100.0,,,1000006,20.0,
2000010,2020-12-02T00:00:00,2020-12-02T00:00:00,shiva.yarlagadda89@gmail.com,shiva.yarlagadda89@gmail.com,1,00ANTILEPILEPTIC Desc,1.0,100.0,21,100.0,,,1000008,20.0,
2000018,2020-12-04T00:00:00,2020-12-04T07:33:46,shiva.yarlagadda89@gmail.com,shiva.yarlagadda89@gmail.com,1,00ANTILEPILEPTIC Desc,1.0,110.0,21,110.0,,,1000016,20.0,
