{
    "fields": [
        {
            "displayLabel": "Id",
            "internal": true,
            "key": true,
            "name": "id",
            "oid": "802fabbc-17cc-4976-9381-b323221b8f15",
            "required": true,
            "type": "number",
            "unique": true
        },
        {
            "displayLabel": "Created",
            "internal": true,
            "name": "creationDate",
            "oid": "c85e0bd5-3c30-4004-be1b-683a91da90aa",
            "type": "datetime"
        },
        {
            "displayLabel": "Last Updated",
            "internal": true,
            "name": "lastUpdateDate",
            "oid": "6078b580-2665-4d57-aa08-645d606920e3",
            "type": "datetime"
        },
        {
            "displayLabel": "Created By",
            "internal": true,
            "name": "createdBy",
            "oid": "5808d346-6f33-4018-b335-906394c76f5d",
            "type": "string"
        },
        {
            "displayLabel": "Last Updated By",
            "internal": true,
            "name": "lastUpdatedBy",
            "oid": "9dd79792-a4f7-4aa9-bad4-aa1a08b34a4d",
            "type": "string"
        },
        {
            "displayLabel": "<internal>",
            "hidden": true,
            "internal": true,
            "name": "abcsChangeNumber",
            "oid": "8b9270d1-4136-4ad6-8000-0eef550b7754",
            "type": "number"
        },
        {
            "name": "value",
            "oid": "e6c34401-bf88-44e2-a3cd-c33280b20790",
            "displayLabel": "Value",
            "type": "string",
            "required": true
        }
    ],
    "name": "Spare1",
    "oid": "30c772d9-7998-478c-a846-7f41c78c06a9",
    "displayLabel": "Spare1",
    "relationships": [
    ]
}