{
    "fields": [
        {
            "displayLabel": "Id",
            "internal": true,
            "key": true,
            "name": "id",
            "oid": "518af5c8-370c-431c-8769-91a2e52af45a",
            "required": true,
            "type": "number",
            "unique": true
        },
        {
            "displayLabel": "Created",
            "internal": true,
            "name": "creationDate",
            "oid": "e8722874-aa48-4626-997f-689e70687815",
            "type": "datetime"
        },
        {
            "displayLabel": "Last Updated",
            "internal": true,
            "name": "lastUpdateDate",
            "oid": "342cf35b-210b-4ff9-92dc-6c1916a10592",
            "type": "datetime"
        },
        {
            "displayLabel": "Created By",
            "internal": true,
            "name": "createdBy",
            "oid": "4d0fa799-804f-4d35-bcb2-aff6208c8908",
            "type": "string"
        },
        {
            "displayLabel": "Last Updated By",
            "internal": true,
            "name": "lastUpdatedBy",
            "oid": "5213d8c9-da06-464e-8960-160023dcb487",
            "type": "string"
        },
        {
            "displayLabel": "<internal>",
            "hidden": true,
            "internal": true,
            "name": "abcsChangeNumber",
            "oid": "91163f03-a8be-4ea3-a09e-858951ad7b20",
            "type": "number"
        },
        {
            "name": "requestor",
            "oid": "ac0852c5-4ee4-4268-b477-c517fe89fe80",
            "displayLabel": "Requestor",
            "type": "string"
        },
        {
            "name": "revenueDeptApprover",
            "oid": "2ede8ab6-981d-4603-846c-85b78bc17172",
            "displayLabel": "Revenue Dept Approver",
            "type": "string"
        },
        {
            "name": "incomeSysTeamApprover",
            "oid": "97f1afed-b19a-469c-9edd-7dfe07c6c861",
            "displayLabel": "Income Sys Team Approver",
            "type": "string"
        },
        {
            "name": "financeDirectorApprover",
            "oid": "540b5f61-0bcb-4c21-8572-220259f0760f",
            "displayLabel": "Finance Director Approver",
            "type": "string"
        }
    ],
    "name": "ApprovalHierarchy",
    "oid": "251a4b1a-5cf4-406e-8a22-e771672930ac",
    "displayLabel": "ApprovalHierarchy"
}