{
    "openapi": "3.0.0",
    "info": {
        "title": "get_distribution_defaults",
        "version": "1.0.0"
    },
    "servers": [
        {
            "url": "https://foizja9l9puedqg-gsttadwdev.adb.uk-london-1.oraclecloudapps.com/ords/arss/xxgstt_arss_invoice_request",
            "description": "Ords Arss Xxgstt Arss Invoice Request"
        }
    ],
    "paths": {
        "/get_distribution_defaults/{inv_id}/{inv_line_id}": {
            "get": {
                "operationId": "getGet_distribution_defaultsInv_idInv_line_id",
                "parameters": [
                    {
                        "name": "inv_id",
                        "in": "path",
                        "required": true,
                        "schema": {
                            "type": "string"
                        }
                    },
                    {
                        "name": "inv_line_id",
                        "in": "path",
                        "required": true,
                        "schema": {
                            "type": "string"
                        }
                    }
                ],
                "responses": {
                    "default": {
                        "description": "Response for default",
                        "content": {
                            "application/json": {
                                "schema": {
                                    "$ref": "#/components/schemas/GetGet_distribution_defaultsInv_idInv_line_id"
                                },
                                "examples": {
                                    "vb": {
                                        "summary": "Example stored by VB User",
                                        "externalValue": "./examples/getGet_distribution_defaultsInv_idInv_line_id/response_default_application_json_vb.json"
                                    }
                                }
                            }
                        }
                    }
                },
                "x-vb": {
                    "actionHint": "getOne"
                }
            }
        }
    },
    "components": {
        "schemas": {
            "GetGet_distribution_defaultsInv_idInv_line_id": {
                "type": "object",
                "properties": {
                    "distributiondetails": {
                        "type": "array",
                        "items": {
                            "type": "object",
                            "properties": {
                                "organizationRef": {
                                    "type": "string"
                                },
                                "organization": {
                                    "type": "string"
                                },
                                "costCentreRef": {
                                    "type": "string"
                                },
                                "costCentre": {
                                    "type": "string"
                                },
                                "subjective": {
                                    "type": "string"
                                },
                                "subjectiveRef": {
                                    "type": "string"
                                },
                                "wGA": {
                                    "type": "string"
                                },
                                "wgaRef": {
                                    "type": "string"
                                },
                                "intercompany": {
                                    "type": "string"
                                },
                                "intercompanyRef": {
                                    "type": "string"
                                },
                                "analysis": {
                                    "type": "string"
                                },
                                "analysisRef": {
                                    "type": "string"
                                },
                                "spare1": {
                                    "type": "string"
                                },
                                "spare1Ref": {
                                    "type": "string"
                                },
                                "spare2": {
                                    "type": "string"
                                },
                                "spare2Ref": {
                                    "type": "string"
                                },
                                "lineAmount": {
                                    "type": "integer"
                                },
                                "allocationAmount": {
                                    "type": "integer"
                                }
                            }
                        }
                    }
                }
            }
        }
    }
}