{
  "pageModelVersion": "19.4.3",
  "title": "Edit Invoice",
  "description": "Updates single InvoiceHeader record",
  "variables": {
    "invoiceHeader": {
      "type": "page:getInvoiceHeaderResponse"
    },
    "invoiceHeaderId": {
      "type": "string",
      "required": true,
      "input": "fromUrl"
    },
    "invoiceHeaderETag": {
      "type": "string"
    },
    "creditReasonListSDP": {
      "type": "vb/ServiceDataProvider",
      "defaultValue": {
        "endpoint": "businessObjects/getall_CreditReason",
        "idAttribute": "id",
        "itemsPath": "items",
        "responseType": "page:getallCreditReasonResponse",
        "uriParameters": {}
      }
    },
    "invoicingRuleListSDP": {
      "type": "vb/ServiceDataProvider",
      "defaultValue": {
        "endpoint": "businessObjects/getall_InvoicingRule",
        "idAttribute": "id",
        "itemsPath": "items",
        "responseType": "page:getallInvoicingRuleResponse",
        "uriParameters": {}
      }
    },
    "printOptionListSDP": {
      "type": "vb/ServiceDataProvider",
      "defaultValue": {
        "endpoint": "businessObjects/getall_PrintOption",
        "idAttribute": "id",
        "itemsPath": "items",
        "responseType": "page:getallPrintOptionResponse",
        "uriParameters": {}
      }
    },
    "salesPersonListSDP": {
      "type": "vb/ServiceDataProvider",
      "defaultValue": {
        "endpoint": "businessObjects/getall_SalesPerson",
        "idAttribute": "id",
        "itemsPath": "items",
        "responseType": "page:getallSalesPersonResponse",
        "uriParameters": {}
      }
    },
    "transactionTypeListSDP": {
      "type": "vb/ServiceDataProvider",
      "defaultValue": {
        "endpoint": "businessObjects/getall_TransactionType",
        "idAttribute": "id",
        "itemsPath": "items",
        "responseType": "page:getallTransactionTypeResponse",
        "uriParameters": {}
      }
    },
    "currencyListSDP": {
      "type": "vb/ServiceDataProvider",
      "defaultValue": {
        "endpoint": "businessObjects/getall_Currency",
        "idAttribute": "id",
        "itemsPath": "items",
        "responseType": "page:getallCurrencyResponse",
        "uriParameters": {}
      }
    },
    "customerListSDP": {
      "type": "vb/ServiceDataProvider",
      "defaultValue": {
        "endpoint": "businessObjects/getall_Customer",
        "idAttribute": "id",
        "itemsPath": "items",
        "responseType": "page:getallCustomerResponse",
        "uriParameters": {}
      }
    },
    "customerAddressListSDP": {
      "type": "vb/ServiceDataProvider",
      "defaultValue": {
        "endpoint": "businessObjects/getall_CustomerAddress",
        "idAttribute": "id",
        "itemsPath": "items",
        "responseType": "page:getallCustomerAddressResponse",
        "uriParameters": {}
      }
    },
    "invoiceLineListSDP": {
      "type": "vb/ServiceDataProvider",
      "defaultValue": {
        "endpoint": "businessObjects/getall_InvoiceLine",
        "idAttribute": "id",
        "itemsPath": "items",
        "responseType": "page:getallInvoiceLineResponse3",
        "filterCriterion": {
          "op": "$eq",
          "attribute": "invoiceHeaderId",
          "value": "{{ $variables.invoiceHeaderId }}"
        },
        "sortCriteria": [
          {
            "attribute": "{{ $variables.invoiceLineListSDP.idAttribute }}",
            "direction": "ascending"
          }
        ]
      }
    },
    "oj_table_759661673_1SelectedId": {
      "type": "string",
      "defaultValue": ""
    },
    "businessUnitListSDP": {
      "type": "vb/ServiceDataProvider",
      "defaultValue": {
        "endpoint": "businessObjects/getall_BusinessUnit",
        "responseType": "getall_BusinessUnit",
        "itemsPath": "items",
        "keyAttributes": "id"
      }
    },
    "invoiceHeaderUpdatePayload": {
      "type": "getInvoiceHeaderResponse"
    }
  },
  "metadata": {},
  "types": {
    "getInvoiceHeaderResponse": {
      "addressLine1": "string",
      "addressLine2": "string",
      "admissionDate": "string",
      "billToLocation": "number",
      "businessUnit": "number",
      "city": "string",
      "commentsToApprover": "string",
      "creditReason": "number",
      "currency": "number",
      "currentApprover": "string",
      "customerName": "string",
      "customerNameRef": "number",
      "dischargeDate": "string",
      "financeDirectorApprover": "string",
      "id": "number",
      "incomeSysTeamApprover": "string",
      "insuranceCompany": "string",
      "insuranceCustomerNumber": "string",
      "invoiceReference": "string",
      "invoicingRule": "number",
      "notesToBeIncludedOnTrx": "string",
      "otherRechargeReason": "string",
      "patientDateOfBirth": "string",
      "policyNumber": "string",
      "poNumber": "string",
      "postalCode": "string",
      "printOption": "number",
      "profileClass": "string",
      "reconciliationReference": "string",
      "requestorName": "string",
      "revenueDeptApprover": "string",
      "salesPersonName": "number",
      "specialInstructions": "string",
      "status": "string",
      "transactionDate": "string",
      "transactionTotal": "number",
      "transactionType": "string",
      "transactionTypeRef": "number"
    },
    "@decorators.getInvoiceHeaderResponse": {
      "endpoint": "get_InvoiceHeader",
      "service": "businessObjects",
      "path": "response"
    },
    "businessObjectsServiceErrorResponseType": {
      "body": {
        "status": "string",
        "title": "string",
        "o:errorDetails": [
          {
            "detail": "string",
            "o:errorCode": "string"
          }
        ]
      },
      "status": "number"
    },
    "getallCreditReasonResponse": {
      "items": [
        {
          "id": "number",
          "name": "string"
        }
      ]
    },
    "@decorators.getallCreditReasonResponse": {
      "endpoint": "getall_CreditReason",
      "service": "businessObjects",
      "path": "response"
    },
    "getallInvoicingRuleResponse": {
      "items": [
        {
          "id": "number",
          "name": "string"
        }
      ]
    },
    "@decorators.getallInvoicingRuleResponse": {
      "endpoint": "getall_InvoicingRule",
      "service": "businessObjects",
      "path": "response"
    },
    "getallPrintOptionResponse": {
      "items": [
        {
          "id": "number",
          "value": "string"
        }
      ]
    },
    "@decorators.getallPrintOptionResponse": {
      "endpoint": "getall_PrintOption",
      "service": "businessObjects",
      "path": "response"
    },
    "getallSalesPersonResponse": {
      "items": [
        {
          "id": "number",
          "name": "string"
        }
      ]
    },
    "@decorators.getallSalesPersonResponse": {
      "endpoint": "getall_SalesPerson",
      "service": "businessObjects",
      "path": "response"
    },
    "getallTransactionTypeResponse": {
      "items": [
        {
          "id": "number",
          "name": "string"
        }
      ]
    },
    "@decorators.getallTransactionTypeResponse": {
      "endpoint": "getall_TransactionType",
      "service": "businessObjects",
      "path": "response"
    },
    "getallCurrencyResponse": {
      "items": [
        {
          "code": "string",
          "id": "number"
        }
      ]
    },
    "@decorators.getallCurrencyResponse": {
      "endpoint": "getall_Currency",
      "service": "businessObjects",
      "path": "response"
    },
    "getallCustomerResponse": {
      "items": [
        {
          "id": "number",
          "name": "string"
        }
      ]
    },
    "@decorators.getallCustomerResponse": {
      "endpoint": "getall_Customer",
      "service": "businessObjects",
      "path": "response"
    },
    "getallCustomerAddressResponse": {
      "items": [
        {
          "billToLocation": "string",
          "id": "number"
        }
      ]
    },
    "@decorators.getallCustomerAddressResponse": {
      "endpoint": "getall_CustomerAddress",
      "service": "businessObjects",
      "path": "response"
    },
    "getallInvoiceLineResponse": {
      "items": [
        {
          "description": "string",
          "id": "number",
          "memoLine": "number",
          "quantity": "number",
          "taxCode": "number",
          "unitPrice": "number"
        }
      ]
    },
    "@decorators.getallInvoiceLineResponse": {
      "endpoint": "getall_InvoiceLine",
      "service": "businessObjects",
      "path": "response"
    },
    "getallInvoiceLineResponse2": {
      "items": [
        {
          "amount": "number",
          "description": "string",
          "id": "number",
          "memoLineObject": {
            "items": [
              {
                "name": "string"
              }
            ]
          },
          "quantity": "number",
          "taxCodeObject": {
            "items": [
              {
                "name": "string",
                "rate": "string"
              }
            ]
          },
          "unitPrice": "number"
        }
      ]
    },
    "@decorators.getallInvoiceLineResponse2": {
      "endpoint": "getall_InvoiceLine",
      "service": "businessObjects",
      "path": "response"
    },
    "getallInvoiceLineResponse3": {
      "items": [
        {
          "amount": "number",
          "description": "string",
          "id": "number",
          "memoLineObject": {
            "items": [
              {
                "name": "string"
              }
            ]
          },
          "quantity": "number",
          "taxCode": "number",
          "taxRate": "number",
          "unitPrice": "number"
        }
      ]
    },
    "@decorators.getallInvoiceLineResponse3": {
      "endpoint": "getall_InvoiceLine",
      "service": "businessObjects",
      "path": "response"
    },
    "@decorators.getallBusinessUnitResponse": {
      "endpoint": "getall_BusinessUnit",
      "service": "businessObjects",
      "path": "response"
    },
    "getallBusinessUnitResponse": {
      "items": [
        {
          "businessUnitId": "number",
          "businessUnitName": "string",
          "createdBy": "string",
          "creationDate": "string",
          "id": "number",
          "lastUpdateDate": "string",
          "lastUpdatedBy": "string",
          "links": [
            {
              "href": "string",
              "kind": "string",
              "name": "string",
              "properties": {
                "changeIndicator": "string"
              },
              "rel": "string"
            }
          ]
        }
      ]
    },
    "@decorators.getall_BusinessUnit": {
      "endpoint": "getall_BusinessUnit",
      "service": "businessObjects",
      "path": "response"
    },
    "getall_BusinessUnit": {
      "items": [
        {
          "businessUnitName": "string",
          "id": "number"
        }
      ]
    }
  },
  "chains": {
    "goBackChain": {
      "root": "navigateToPage1",
      "actions": {
        "navigateToPage1": {
          "module": "vb/action/builtin/navigateToPageAction",
          "parameters": {
            "page": "main-start"
          }
        }
      }
    },
    "loadInvoiceHeaderChain": {
      "root": "loadInvoiceHeader",
      "actions": {
        "loadInvoiceHeader": {
          "module": "vb/action/builtin/restAction",
          "parameters": {
            "endpoint": "businessObjects/get_InvoiceHeader",
            "uriParams": {
              "InvoiceHeader_Id": "[[ $page.variables.invoiceHeaderId ]]"
            },
            "responseType": "page:getInvoiceHeaderResponse"
          },
          "outcomes": {
            "success": "assignPayload",
            "failure": "fireErrorNotification"
          }
        },
        "assignPayload": {
          "module": "vb/action/builtin/assignVariablesAction",
          "parameters": {
            "$page.variables.invoiceHeader": {
              "source": "{{ $chain.results.loadInvoiceHeader.body }}"
            },
            "$page.variables.invoiceHeaderETag": {
              "source": "[[ $chain.results.loadInvoiceHeader.headers.get('ETag') ]]"
            }
          },
          "outcomes": {}
        },
        "fireErrorNotification": {
          "module": "vb/action/builtin/fireNotificationEventAction",
          "parameters": {
            "summary": "Could not load data",
            "message": "{{ 'Could not load data: status ' + $chain.results.loadInvoiceHeader.payload.status }}",
            "type": "error",
            "displayMode": "persist"
          },
          "outcomes": {}
        }
      }
    },
    "saveInvoiceHeaderChain": {
      "variables": {
        "saveFailureResult": {
          "type": "page:businessObjectsServiceErrorResponseType"
        },
        "errorMessage": {
          "type": "string"
        },
        "saveHeaders": {
          "type": "object"
        }
      },
      "root": "checkETag",
      "actions": {
        "checkETag": {
          "module": "vb/action/builtin/ifAction",
          "parameters": {
            "condition": "[[ $page.variables.invoiceHeaderETag ]]"
          },
          "outcomes": {
            "true": "assignIfMatchHeader",
            "false": "assignVariables1"
          }
        },
        "assignIfMatchHeader": {
          "module": "vb/action/builtin/assignVariablesAction",
          "parameters": {
            "$chain.variables.saveHeaders": {
              "source": "[[ { 'If-Match': $page.variables.invoiceHeaderETag } ]]"
            }
          },
          "outcomes": {
            "success": "assignVariables1"
          }
        },
        "saveInvoiceHeader": {
          "module": "vb/action/builtin/restAction",
          "parameters": {
            "endpoint": "businessObjects/update_InvoiceHeader",
            "body": "{{ $page.variables.invoiceHeaderUpdatePayload }}",
            "requestType": "json",
            "uriParams": {
              "InvoiceHeader_Id": "[[ $page.variables.invoiceHeaderId ]]"
            },
            "headers": "[[ $chain.variables.saveHeaders ]]"
          },
          "outcomes": {
            "success": "assignPayload",
            "failure": "assignFailureResult"
          }
        },
        "assignPayload": {
          "module": "vb/action/builtin/assignVariablesAction",
          "parameters": {
            "$page.variables.invoiceHeader": {
              "source": "{{ $chain.results.saveInvoiceHeader.body }}"
            },
            "$page.variables.invoiceHeaderETag": {
              "source": "[[ $chain.results.saveInvoiceHeader.headers.get('ETag') ]]"
            }
          },
          "outcomes": {
            "success": "fireSuccessNotification"
          }
        },
        "fireSuccessNotification": {
          "module": "vb/action/builtin/fireNotificationEventAction",
          "parameters": {
            "summary": "InvoiceHeader saved",
            "message": "InvoiceHeader record successfully updated",
            "type": "confirmation",
            "displayMode": "transient"
          },
          "outcomes": {
            "success": "callGoBackChain"
          }
        },
        "callGoBackChain": {
          "module": "vb/action/builtin/callChainAction",
          "parameters": {
            "id": "goBackChain"
          }
        },
        "assignFailureResult": {
          "module": "vb/action/builtin/assignVariablesAction",
          "parameters": {
            "$chain.variables.saveFailureResult": {
              "source": "[[ $chain.results.saveInvoiceHeader.payload ]]"
            }
          },
          "outcomes": {
            "success": "testFailureDetails"
          }
        },
        "testFailureDetails": {
          "module": "vb/action/builtin/ifAction",
          "outcomes": {
            "true": "handleDetailedErrorMessage",
            "false": "handleDefaultErrorMessage"
          },
          "parameters": {
            "condition": "[[ $chain.variables.saveFailureResult.body['o:errorDetails'][0] ]]"
          }
        },
        "handleDetailedErrorMessage": {
          "module": "vb/action/builtin/assignVariablesAction",
          "outcomes": {
            "success": "fireErrorNotification"
          },
          "parameters": {
            "$chain.variables.errorMessage": {
              "source": "[[ $chain.variables.saveFailureResult.body['o:errorDetails'][0].detail ]]"
            }
          }
        },
        "handleDefaultErrorMessage": {
          "module": "vb/action/builtin/assignVariablesAction",
          "outcomes": {
            "success": "fireErrorNotification"
          },
          "parameters": {
            "$chain.variables.errorMessage": {
              "source": "[[ 'Could not update InvoiceHeader: status ' + $chain.results.saveInvoiceHeader.payload.status ]]"
            }
          }
        },
        "fireErrorNotification": {
          "module": "vb/action/builtin/fireNotificationEventAction",
          "parameters": {
            "summary": "Save failed",
            "message": "[[ $chain.variables.errorMessage ]]",
            "type": "error",
            "displayMode": "persist"
          }
        },
        "assignVariables1": {
          "module": "vb/action/builtin/assignVariablesAction",
          "parameters": {
            "$page.variables.invoiceHeaderUpdatePayload": {
              "source": {
                "addressLine1": "{{ $page.variables.invoiceHeader.addressLine1 }}",
                "addressLine2": "{{ $page.variables.invoiceHeader.addressLine2 }}",
                "admissionDate": "{{ $page.variables.invoiceHeader.admissionDate }}",
                "billToLocation": "{{ $page.variables.invoiceHeader.billToLocation }}",
                "businessUnit": "{{ $page.variables.invoiceHeader.businessUnit }}",
                "city": "{{ $page.variables.invoiceHeader.city }}",
                "commentsToApprover": "{{ $page.variables.invoiceHeader.commentsToApprover }}",
                "creditReason": "{{ $page.variables.invoiceHeader.creditReason }}",
                "currency": "{{ $page.variables.invoiceHeader.currency }}",
                "currentApprover": "{{ $page.variables.invoiceHeader.currentApprover }}",
                "customerName": "{{ $page.variables.invoiceHeader.customerName }}",
                "customerNameRef": "{{ $page.variables.invoiceHeader.customerNameRef }}",
                "dischargeDate": "{{ $page.variables.invoiceHeader.dischargeDate }}",
                "financeDirectorApprover": "{{ $page.variables.invoiceHeader.financeDirectorApprover }}",
                "id": "{{ $page.variables.invoiceHeader.id }}",
                "incomeSysTeamApprover": "{{ $page.variables.invoiceHeader.incomeSysTeamApprover }}",
                "insuranceCompany": "{{ $page.variables.invoiceHeader.insuranceCompany }}",
                "insuranceCustomerNumber": "{{ $page.variables.invoiceHeader.insuranceCustomerNumber }}",
                "invoiceReference": "{{ $page.variables.invoiceHeader.invoiceReference }}",
                "invoicingRule": "{{ $page.variables.invoiceHeader.invoicingRule }}",
                "notesToBeIncludedOnTrx": "{{ $page.variables.invoiceHeader.notesToBeIncludedOnTrx }}",
                "otherRechargeReason": "{{ $page.variables.invoiceHeader.otherRechargeReason }}",
                "patientDateOfBirth": "{{ $page.variables.invoiceHeader.patientDateOfBirth }}",
                "policyNumber": "{{ $page.variables.invoiceHeader.policyNumber }}",
                "poNumber": "{{ $page.variables.invoiceHeader.poNumber }}",
                "postalCode": "{{ $page.variables.invoiceHeader.postalCode }}",
                "printOption": "{{ $page.variables.invoiceHeader.printOption }}",
                "profileClass": "{{ $page.variables.invoiceHeader.profileClass }}",
                "reconciliationReference": "{{ $page.variables.invoiceHeader.reconciliationReference }}",
                "requestorName": "{{ $page.variables.invoiceHeader.requestorName }}",
                "revenueDeptApprover": "{{ $page.variables.invoiceHeader.revenueDeptApprover }}",
                "salesPersonName": "{{ $page.variables.invoiceHeader.salesPersonName }}",
                "specialInstructions": "{{ $page.variables.invoiceHeader.specialInstructions }}",
                "status": "{{ $page.variables.invoiceHeader.status }}",
                "transactionDate": "{{ $page.variables.invoiceHeader.transactionDate }}",
                "transactionType": "{{ $page.variables.invoiceHeader.transactionType }}",
                "transactionTypeRef": "{{ $page.variables.invoiceHeader.transactionTypeRef }}"
              },
              "reset": "none",
              "auto": "always"
            }
          },
          "outcomes": {
            "success": "saveInvoiceHeader"
          }
        }
      }
    },
    "oj_table_759661673_1ChangeSelectionChain": {
      "variables": {
        "invoiceLineId": {
          "type": "string",
          "input": "fromCaller",
          "defaultValue": ""
        }
      },
      "root": "assignVariable",
      "actions": {
        "assignVariable": {
          "module": "vb/action/builtin/assignVariablesAction",
          "parameters": {
            "$page.variables.oj_table_759661673_1SelectedId": {
              "source": "[[ $chain.variables.invoiceLineId ]]"
            }
          },
          "outcomes": {
            "success": ""
          }
        }
      }
    },
    "deleteInvoiceLineChain": {
      "root": "deleteInvoiceLine",
      "variables": {
        "invoiceLineId": {
          "type": "string",
          "input": "fromCaller",
          "required": true
        }
      },
      "actions": {
        "deleteInvoiceLine": {
          "module": "vb/action/builtin/restAction",
          "parameters": {
            "endpoint": "businessObjects/delete_InvoiceLine",
            "uriParams": {
              "InvoiceLine_Id": "[[ $chain.variables.invoiceLineId ]]"
            }
          },
          "outcomes": {
            "success": "resetSelection",
            "failure": "fireErrorNotification"
          }
        },
        "resetSelection": {
          "module": "vb/action/builtin/resetVariablesAction",
          "parameters": {
            "variables": [
              "[[ '$page.variables.oj_table_759661673_1SelectedId' ]]"
            ]
          },
          "outcomes": {
            "success": "refreshDataProvider"
          },
          "description": "Resets selection variable",
          "label": "Reset selection"
        },
        "refreshDataProvider": {
          "module": "vb/action/builtin/fireDataProviderEventAction",
          "outcomes": {
            "success": "fireSuccessNotification"
          },
          "parameters": {
            "refresh": "",
            "target": "[[ $page.variables.invoiceLineListSDP ]]"
          }
        },
        "fireSuccessNotification": {
          "module": "vb/action/builtin/fireNotificationEventAction",
          "parameters": {
            "summary": "InvoiceLine deleted",
            "message": "[[ 'InvoiceLine [' + $chain.variables.invoiceLineId + '] successfully deleted' ]]",
            "type": "confirmation",
            "displayMode": "transient"
          },
          "outcomes": {}
        },
        "fireErrorNotification": {
          "module": "vb/action/builtin/fireNotificationEventAction",
          "parameters": {
            "summary": "Delete failed",
            "message": "[[ 'Could not delete data: status ' + $chain.results.deleteInvoiceLine.payload.status ]]",
            "type": "error",
            "displayMode": "persist"
          },
          "outcomes": {}
        }
      }
    },
    "navigateToCreateInvoiceLineChain2": {
      "root": "navigateToCreate",
      "actions": {
        "navigateToCreate": {
          "module": "vb/action/builtin/navigateToPageAction",
          "parameters": {
            "history": "push",
            "page": "main-create-invoice-line",
            "params": {
              "invoiceHeaderIdPassVar": "{{ $page.variables.invoiceHeaderId }}"
            }
          },
          "outcomes": {
            "success": ""
          }
        }
      }
    },
    "deleteInvoiceLineChain2": {
      "root": "deleteInvoiceLine",
      "variables": {
        "invoiceLineId": {
          "type": "string",
          "input": "fromCaller",
          "required": true
        }
      },
      "actions": {
        "deleteInvoiceLine": {
          "module": "vb/action/builtin/restAction",
          "parameters": {
            "endpoint": "businessObjects/delete_InvoiceLine",
            "uriParams": {
              "InvoiceLine_Id": "[[ $chain.variables.invoiceLineId ]]"
            }
          },
          "outcomes": {
            "success": "resetSelection",
            "failure": "fireErrorNotification"
          }
        },
        "resetSelection": {
          "module": "vb/action/builtin/resetVariablesAction",
          "parameters": {
            "variables": [
              "[[ '$page.variables.oj_table_759661673_1SelectedId' ]]"
            ]
          },
          "outcomes": {
            "success": "refreshDataProvider"
          },
          "description": "Resets selection variable",
          "label": "Reset selection"
        },
        "refreshDataProvider": {
          "module": "vb/action/builtin/fireDataProviderEventAction",
          "outcomes": {
            "success": "fireSuccessNotification"
          },
          "parameters": {
            "refresh": "",
            "target": "[[ $page.variables.invoiceLineListSDP ]]"
          }
        },
        "fireSuccessNotification": {
          "module": "vb/action/builtin/fireNotificationEventAction",
          "parameters": {
            "summary": "InvoiceLine deleted",
            "message": "[[ 'InvoiceLine [' + $chain.variables.invoiceLineId + '] successfully deleted' ]]",
            "type": "confirmation",
            "displayMode": "transient"
          },
          "outcomes": {}
        },
        "fireErrorNotification": {
          "module": "vb/action/builtin/fireNotificationEventAction",
          "parameters": {
            "summary": "Delete failed",
            "message": "[[ 'Could not delete data: status ' + $chain.results.deleteInvoiceLine.payload.status ]]",
            "type": "error",
            "displayMode": "persist"
          },
          "outcomes": {}
        }
      }
    },
    "navigateToEditInvoiceLineChain": {
      "root": "navigateToEdit",
      "variables": {
        "invoiceLineId": {
          "type": "string",
          "input": "fromCaller",
          "required": true
        }
      },
      "actions": {
        "navigateToEdit": {
          "module": "vb/action/builtin/navigateToPageAction",
          "parameters": {
            "history": "push",
            "page": "main-edit-invoice-line",
            "params": {
              "invoiceLineId": "[[ $chain.variables.invoiceLineId ]]",
              "invoiceHeaderIdVarPass": "{{ $page.variables.invoiceHeaderId }}"
            }
          },
          "outcomes": {
            "success": ""
          }
        }
      }
    },
    "SelectOneValueChangeChain": {
      "description": "",
      "variables": {
        "value": {
          "required": true,
          "type": "any",
          "input": "fromCaller"
        }
      },
      "root": "if1",
      "actions": {
        "if1": {
          "module": "vb/action/builtin/ifAction",
          "parameters": {
            "condition": "[[ $chain.variables.value !== undefined]]"
          },
          "outcomes": {
            "true": "callRestEndpoint1"
          }
        },
        "callRestEndpoint1": {
          "module": "vb/action/builtin/restAction",
          "parameters": {
            "endpoint": "businessObjects/get_Customer",
            "uriParams": {
              "Customer_Id": "{{ $chain.variables.value }}"
            }
          },
          "outcomes": {
            "failure": "fireNotification1",
            "success": "assignVariables1"
          }
        },
        "fireNotification1": {
          "module": "vb/action/builtin/fireNotificationEventAction",
          "parameters": {
            "target": "leaf",
            "summary": "[[ $chain.results.callRestEndpoint1.message.summary ]]",
            "type": "error",
            "displayMode": "persist"
          }
        },
        "assignVariables1": {
          "module": "vb/action/builtin/assignVariablesAction",
          "parameters": {
            "$page.variables.invoiceHeader": {
              "source": {
                "profileClass": "{{ $chain.results.callRestEndpoint1.body.profileClass }}",
                "insuranceCompany": "{{ $chain.results.callRestEndpoint1.body.insuranceCompany }}",
                "policyNumber": "{{ $chain.results.callRestEndpoint1.body.policyNumber }}",
                "patientDateOfBirth": "{{ $chain.results.callRestEndpoint1.body.patientDateOfBirth }}",
                "insuranceCustomerNumber": "{{ $chain.results.callRestEndpoint1.body.insuranceNumber }}"
              },
              "reset": "none",
              "auto": "always"
            }
          }
        }
      }
    },
    "SelectOneValueChangeChain1": {
      "description": "",
      "variables": {
        "value": {
          "required": true,
          "type": "any",
          "input": "fromCaller"
        }
      },
      "root": "if1",
      "actions": {
        "if1": {
          "module": "vb/action/builtin/ifAction",
          "parameters": {
            "condition": "[[ $chain.variables.value !== undefined]]"
          },
          "outcomes": {
            "true": "callRestEndpoint1"
          }
        },
        "callRestEndpoint1": {
          "module": "vb/action/builtin/restAction",
          "parameters": {
            "endpoint": "businessObjects/get_CustomerAddress",
            "uriParams": {
              "CustomerAddress_Id": "{{ $chain.variables.value }}"
            }
          },
          "outcomes": {
            "failure": "fireNotification1",
            "success": "assignVariables1"
          }
        },
        "fireNotification1": {
          "module": "vb/action/builtin/fireNotificationEventAction",
          "parameters": {
            "target": "leaf",
            "summary": "[[ $chain.results.callRestEndpoint1.message.summary ]]",
            "type": "error",
            "displayMode": "persist"
          }
        },
        "assignVariables1": {
          "module": "vb/action/builtin/assignVariablesAction",
          "parameters": {
            "$page.variables.invoiceHeader": {
              "source": {
                "addressLine1": "{{ $chain.results.callRestEndpoint1.body.addressLine1 }}",
                "addressLine2": "{{ $chain.results.callRestEndpoint1.body.addressLine2 }}",
                "city": "{{ $chain.results.callRestEndpoint1.body.city }}",
                "postalCode": "{{ $chain.results.callRestEndpoint1.body.postalCode }}"
              },
              "reset": "none",
              "auto": "always"
            }
          }
        }
      }
    },
    "SubmitButtonActionChain": {
      "description": "",
      "variables": {
        "detail": {
          "required": true,
          "type": "any",
          "input": "fromCaller"
        }
      },
      "root": "assignVariables2",
      "actions": {
        "fireNotification1": {
          "module": "vb/action/builtin/fireNotificationEventAction",
          "parameters": {
            "target": "current",
            "summary": "Invoice Submitted",
            "message": "Invoice Submitted Successfully for Approval",
            "displayMode": "transient",
            "type": "confirmation"
          },
          "outcomes": {
            "success": "assignVariables1"
          }
        },
        "callRestEndpoint1": {
          "module": "vb/action/builtin/restAction",
          "parameters": {
            "endpoint": "businessObjects/update_InvoiceHeader",
            "uriParams": {
              "InvoiceHeader_Id": "{{ $page.variables.invoiceHeaderId }}"
            },
            "body": "{{ $page.variables.invoiceHeader }}"
          },
          "outcomes": {
            "failure": "fireNotification2",
            "success": "callActionChain1"
          }
        },
        "fireNotification2": {
          "module": "vb/action/builtin/fireNotificationEventAction",
          "parameters": {
            "target": "leaf",
            "summary": "[[ $chain.results.callRestEndpoint1.message.summary ]]",
            "type": "error",
            "displayMode": "persist"
          }
        },
        "assignVariables1": {
          "module": "vb/action/builtin/assignVariablesAction",
          "parameters": {
            "$page.variables.invoiceHeader": {
              "source": {
                "status": "SUBMITTED"
              },
              "reset": "none",
              "auto": "always"
            }
          },
          "outcomes": {
            "success": "callRestEndpoint1"
          }
        },
        "callActionChain1": {
          "module": "vb/action/builtin/callChainAction",
          "parameters": {
            "id": "goBackChain"
          }
        },
        "assignVariables2": {
          "module": "vb/action/builtin/assignVariablesAction",
          "outcomes": {
            "success": "fireNotification1"
          }
        }
      }
    }
  },
  "eventListeners": {
    "backButtonClicked": {
      "chains": [
        {
          "chainId": "goBackChain"
        }
      ]
    },
    "saveButtonClicked": {
      "chains": [
        {
          "chainId": "saveInvoiceHeaderChain"
        }
      ]
    },
    "vbEnter": {
      "chains": [
        {
          "chainId": "loadInvoiceHeaderChain"
        }
      ]
    },
    "createInvoiceLineButtonClicked": {
      "chains": [
        {
          "chainId": "navigateToCreateInvoiceLineChain"
        }
      ]
    },
    "oj_table_759661673_1SelectionChanged": {
      "chains": [
        {
          "chainId": "oj_table_759661673_1ChangeSelectionChain",
          "parameters": {
            "invoiceLineId": "[[ $event.detail.value.key || '' ]]"
          }
        }
      ]
    },
    "editInvoiceLineButtonClicked": {
      "chains": [
        {
          "chainId": "navigateToEditInvoiceLineChain",
          "parameters": {
            "invoiceLineId": "[[ $page.variables.oj_table_759661673_1SelectedId ]]"
          }
        }
      ]
    },
    "deleteInvoiceLineButtonClicked": {
      "chains": [
        {
          "chainId": "deleteInvoiceLineChain",
          "parameters": {
            "invoiceLineId": "[[ $page.variables.oj_table_759661673_1SelectedId ]]"
          }
        }
      ]
    },
    "ojTable7596616731FirstSelectedRow": {
      "chains": [
        {
          "chainId": "oj_table_759661673_1ChangeSelectionChain",
          "parameters": {
            "invoiceLineId": "{{ $event.detail.value.key || '' }}"
          }
        }
      ]
    },
    "createInvoiceLineButtonClicked2": {
      "chains": [
        {
          "chainId": "navigateToCreateInvoiceLineChain2"
        }
      ]
    },
    "deleteInvoiceLineButtonClicked2": {
      "chains": [
        {
          "chainId": "deleteInvoiceLineChain2",
          "parameters": {
            "invoiceLineId": "[[ $page.variables.oj_table_759661673_1SelectedId ]]"
          }
        }
      ]
    },
    "editInvoiceLineButtonClicked2": {
      "chains": [
        {
          "chainId": "navigateToEditInvoiceLineChain",
          "parameters": {
            "invoiceLineId": "[[ $page.variables.oj_table_759661673_1SelectedId ]]"
          }
        }
      ]
    },
    "ojSelectOneValue": {
      "chains": [
        {
          "chainId": "SelectOneValueChangeChain",
          "parameters": {
            "value": "{{ $event.detail.value }}"
          }
        }
      ]
    },
    "ojSelectOneValue2": {
      "chains": [
        {
          "chainId": "SelectOneValueChangeChain1",
          "parameters": {
            "value": "{{ $event.detail.value }}"
          }
        }
      ]
    },
    "ojButtonOjAction": {
      "chains": [
        {
          "chainId": "SubmitButtonActionChain",
          "parameters": {
            "detail": "{{ $event.detail }}"
          }
        }
      ]
    }
  },
  "imports": {
    "components": {
      "oj-form-layout": {
        "path": "ojs/ojformlayout"
      },
      "oj-input-text": {
        "path": "ojs/ojinputtext"
      },
      "oj-input-date": {
        "path": "ojs/ojdatetimepicker"
      },
      "oj-select-one": {
        "path": "ojs/ojselectcombobox"
      },
      "oj-input-number": {
        "path": "ojs/ojinputnumber"
      },
      "oj-button": {
        "path": "ojs/ojbutton"
      },
      "oj-table": {
        "path": "ojs/ojtable"
      },
      "oj-toolbar": {
        "path": "ojs/ojtoolbar"
      },
      "oj-text-area": {
        "path": "ojs/ojinputtext"
      }
    }
  }
}