{
    "openapi": "3.0.0",
    "info": {
        "title": "get_invoice_lines",
        "version": "1.0.0"
    },
    "servers": [
        {
            "url": "https://foizja9l9puedqg-gsttadwdev.adb.uk-london-1.oraclecloudapps.com/ords/arss/xxgstt_arss_invoice_request",
            "description": "Ords Admin Arss Xxgstt Arss Invoice Request",
            "x-vb": {
            }
        }
    ],
    "paths": {
        "/get_invoice_lines/{invoice_id}": {
            "get": {
                "operationId": "get_invoice_lines",
                "parameters": [
                    {
                        "name": "invoice_id",
                        "in": "path",
                        "required": true,
                        "schema": {
                            "type": "string"
                        },
                        "x-vb": {
                            "defaultValue": "1000006"
                        }
                    }
                ],
                "responses": {
                    "default": {
                        "description": "Response for default",
                        "content": {
                            "application/json": {
                                "schema": {
                                    "$ref": "#/components/schemas/GetGet_invoice_linesInvoice_id"
                                },
                                "examples": {
                                    "vb": {
                                        "summary": "Example stored by VB User",
                                        "externalValue": "./examples/get_invoice_lines/response_default_application_json_vb.json"
                                    }
                                }
                            }
                        }
                    }
                },
                "x-vb": {
                    "actionHint": "getMany"
                }
            }
        }
    },
    "components": {
        "schemas": {
            "GetGet_invoice_linesInvoice_id": {
                "type": "object",
                "properties": {
                    "items": {
                        "type": "array",
                        "items": {
                            "type": "object",
                            "properties": {
                                "description": {
                                    "type": "string"
                                },
                                "quantity": {
                                    "type": "integer"
                                },
                                "unitprice": {
                                    "type": "integer"
                                },
                                "taxcode": {
                                    "type": "integer"
                                },
                                "code_combination": {
                                    "type": "string"
                                }
                            }
                        }
                    },
                    "hasMore": {
                        "type": "boolean"
                    },
                    "limit": {
                        "type": "integer"
                    },
                    "offset": {
                        "type": "integer"
                    },
                    "count": {
                        "type": "integer"
                    },
                    "links": {
                        "type": "array",
                        "items": {
                            "type": "object",
                            "properties": {
                                "rel": {
                                    "type": "string"
                                },
                                "href": {
                                    "type": "string"
                                }
                            }
                        }
                    }
                }
            }
        }
    }
}