{
    "displayLabel": "Organization",
    "fields": [
        {
            "displayLabel": "Id",
            "internal": true,
            "key": true,
            "name": "id",
            "oid": "b66552e5-4bf3-4a7b-8aad-f64b6a33c842",
            "required": true,
            "type": "number",
            "unique": true
        },
        {
            "displayLabel": "Created",
            "internal": true,
            "name": "creationDate",
            "oid": "cb420ccf-ad3d-4e6a-b251-ca4b8187670e",
            "type": "datetime"
        },
        {
            "displayLabel": "Last Updated",
            "internal": true,
            "name": "lastUpdateDate",
            "oid": "3dceedb0-fda0-43e5-8bb2-c03ee714cd2a",
            "type": "datetime"
        },
        {
            "displayLabel": "Created By",
            "internal": true,
            "name": "createdBy",
            "oid": "6584f43b-7334-4cbd-8d0e-56421a545d95",
            "type": "string"
        },
        {
            "displayLabel": "Last Updated By",
            "internal": true,
            "name": "lastUpdatedBy",
            "oid": "0571ba9d-e497-44ff-b1dc-99f200d5f76e",
            "type": "string"
        },
        {
            "displayLabel": "<internal>",
            "hidden": true,
            "internal": true,
            "name": "abcsChangeNumber",
            "oid": "56201822-c2a1-4988-8ed9-c33d4edbdcb1",
            "type": "number"
        },
        {
            "displayLabel": "value",
            "name": "value",
            "oid": "578d127e-a2f0-4530-9ed7-1d5de6a62d26",
            "type": "string",
            "required": true
        }
    ],
    "name": "Organization",
    "oid": "0cd59410-717d-44ae-bab9-c950ca20b594"
}