{
    "displayLabel": "Invoice",
    "fields": [
        {
            "displayLabel": "Id",
            "internal": true,
            "key": true,
            "name": "id",
            "oid": "c60d319b-0ee4-4a8f-8915-9779cf323791",
            "required": true,
            "type": "number",
            "unique": true
        },
        {
            "displayLabel": "Created",
            "internal": true,
            "name": "creationDate",
            "oid": "e42983ed-e56d-4408-a484-9663d357ee10",
            "type": "datetime"
        },
        {
            "displayLabel": "Last Updated",
            "internal": true,
            "name": "lastUpdateDate",
            "oid": "fceaf90e-c48b-44ae-82a4-cf717ae3a39b",
            "type": "datetime"
        },
        {
            "displayLabel": "Created By",
            "internal": true,
            "name": "createdBy",
            "oid": "bc73b893-e07e-4182-877e-4f6102e4c41c",
            "type": "string"
        },
        {
            "displayLabel": "Last Updated By",
            "internal": true,
            "name": "lastUpdatedBy",
            "oid": "88d77683-ff02-44a0-8c2e-a0f3419ea51e",
            "type": "string"
        },
        {
            "displayLabel": "<internal>",
            "hidden": true,
            "internal": true,
            "name": "abcsChangeNumber",
            "oid": "703070d8-2179-4da2-9834-1ce59e654494",
            "type": "number"
        },
        {
            "displayLabel": "transactionDate",
            "name": "transactionDate",
            "oid": "a77c0b95-c9ef-45f0-88f5-0398209d0213",
            "type": "date"
        },
        {
            "displayLabel": "customerName",
            "name": "customerName",
            "oid": "cc6c7c58-fd7f-4285-b662-a00f469defd1",
            "type": "number",
            "required": true
        },
        {
            "displayLabel": "billToLocation",
            "name": "billToLocation",
            "oid": "bc631313-a0e4-47e4-924d-3a99dbfc6f3e",
            "type": "string",
            "required": true
        },
        {
            "displayLabel": "profileClass",
            "name": "profileClass",
            "oid": "63446628-9b0f-46e4-8363-f55f72b77ba5",
            "type": "string"
        },
        {
            "displayLabel": "addressLine1",
            "name": "addressLine1",
            "oid": "2962e40b-8110-4cee-8afb-7ec0e3edadff",
            "type": "string",
            "required": true
        },
        {
            "displayLabel": "addressLine2",
            "name": "addressLine2",
            "oid": "439f7012-c08e-4c0b-b3ef-677b305b800d",
            "type": "string"
        },
        {
            "displayLabel": "city",
            "name": "city",
            "oid": "17407f5b-d573-4b37-a7c1-ca6250251139",
            "type": "string"
        },
        {
            "displayLabel": "postalCode",
            "name": "postalCode",
            "oid": "3ba30633-ffcb-459d-9db9-07b519d91c3b",
            "type": "string"
        },
        {
            "displayLabel": "transactionType",
            "name": "transactionType",
            "oid": "b0ddceee-2c3c-4ee9-a32f-94717026ce66",
            "type": "string",
            "required": true
        },
        {
            "displayLabel": "creditReason",
            "name": "creditReason",
            "oid": "f82fcc8b-089e-45ed-8b80-c347ade02a4d",
            "type": "string"
        },
        {
            "displayLabel": "invoicingRule",
            "name": "invoicingRule",
            "oid": "db54be51-84e9-420c-a22e-154d1cdc870a",
            "type": "string"
        },
        {
            "displayLabel": "currency",
            "name": "currency",
            "oid": "162b9ce9-21ff-47c7-ac38-fa034f10ad4d",
            "type": "string"
        },
        {
            "displayLabel": "salesPersonName",
            "name": "salesPersonName",
            "oid": "99018d1a-a3de-46b6-be62-53e1bf3b5ce4",
            "type": "string",
            "required": true
        },
        {
            "displayLabel": "reconciliationReference",
            "name": "reconciliationReference",
            "oid": "9c8d46d9-26b8-44f7-9df1-987ee60c529e",
            "type": "string"
        },
        {
            "displayLabel": "insuranceCompany",
            "name": "insuranceCompany",
            "oid": "1a503156-a4a1-4caa-8411-ac140eba48f6",
            "type": "string"
        },
        {
            "displayLabel": "policyNumber",
            "name": "policyNumber",
            "oid": "98e103b3-32d4-466a-a68f-aa7284eb7121",
            "type": "string"
        },
        {
            "displayLabel": "patientDateOfBirth",
            "name": "patientDateOfBirth",
            "oid": "31313428-ad99-4e04-9618-a89f4caa9e76",
            "type": "string"
        },
        {
            "displayLabel": "insuranceNumber",
            "name": "insuranceNumber",
            "oid": "2e4427f5-cd54-4fdc-8732-d21d966acf67",
            "type": "string"
        },
        {
            "displayLabel": "printOption",
            "name": "printOption",
            "oid": "751e53fa-1ef0-416c-ab5a-3b27b8ff5fe4",
            "type": "string"
        },
        {
            "displayLabel": "admissionDate",
            "name": "admissionDate",
            "oid": "75427546-ad86-4683-9300-b3e34588b1c8",
            "type": "date"
        },
        {
            "displayLabel": "dischargeDate",
            "name": "dischargeDate",
            "oid": "f65cc823-9097-4bb4-8cad-3fe854ae67ec",
            "type": "date"
        },
        {
            "displayLabel": "poNumber",
            "name": "poNumber",
            "oid": "a18b4961-fde2-46c3-a86d-398d146e40d6",
            "type": "string"
        },
        {
            "displayLabel": "otherRechargeReason",
            "name": "otherRechargeReason",
            "oid": "5c975c79-1171-41af-b093-c00bd2449456",
            "type": "string"
        },
        {
            "displayLabel": "requestorName",
            "name": "requestorName",
            "oid": "6b6a7b96-58f2-42d7-bd06-0ad215d8372e",
            "type": "string"
        },
        {
            "displayLabel": "revenueDeptApprover",
            "name": "revenueDeptApprover",
            "oid": "dfc0620d-caf3-4622-ae20-a5bd050f03f9",
            "type": "string"
        },
        {
            "displayLabel": "specialInstructions",
            "name": "specialInstructions",
            "oid": "075f95b9-8fe3-4a3d-975b-99385fa09826",
            "type": "string"
        },
        {
            "displayLabel": "notesToBeIncludedOnTran",
            "name": "notesToBeIncludedOnTran",
            "oid": "4d3e4587-88c2-4039-84e0-c868b5efd46e",
            "type": "string"
        },
        {
            "displayLabel": "commentsToApprover",
            "name": "commentsToApprover",
            "oid": "4f596882-958a-42d4-8beb-e1102a6ac3b9",
            "type": "string"
        },
        {
            "displayLabel": "invoiceReference",
            "name": "invoiceReference",
            "oid": "bb352280-7ac3-4622-92b0-dc3ca8a494b6",
            "type": "string",
            "required": true,
            "unique": true
        },
        {
            "displayLabel": "status",
            "name": "status",
            "oid": "8126cbf4-b32e-4481-88bd-786634c6cfc6",
            "type": "string"
        }
    ],
    "name": "Invoice",
    "oid": "775a4d1f-090a-4d38-8878-f1df1748d7e7",
    "relationships": [
        {
            "name": "invoiceLineCollection",
            "reverseRelationship": "invoiceIdObject",
            "targetEntity": "InvoiceLine",
            "type": "incoming",
            "exposeAccessor": false,
            "displayField": "id"
        },
        {
            "name": "invoiceDistributionColl",
            "reverseRelationship": "invoiceIdObject",
            "targetEntity": "InvoiceDistribution",
            "type": "incoming",
            "exposeAccessor": false,
            "displayField": "id"
        }
    ]
}