{
    "displayLabel": "CreditReason",
    "fields": [
        {
            "displayLabel": "Id",
            "internal": true,
            "key": true,
            "name": "id",
            "oid": "657ec0e6-2079-4b5f-a0a9-9b8a79e60e0a",
            "required": true,
            "type": "number",
            "unique": true
        },
        {
            "displayLabel": "Created",
            "internal": true,
            "name": "creationDate",
            "oid": "12265728-b391-4ed4-8287-617dc11f6aa8",
            "type": "datetime"
        },
        {
            "displayLabel": "Last Updated",
            "internal": true,
            "name": "lastUpdateDate",
            "oid": "8c372b83-c4c6-4f9f-ba96-0bc12fd45769",
            "type": "datetime"
        },
        {
            "displayLabel": "Created By",
            "internal": true,
            "name": "createdBy",
            "oid": "eb672350-513b-4544-9e3b-87d37fad40a9",
            "type": "string"
        },
        {
            "displayLabel": "Last Updated By",
            "internal": true,
            "name": "lastUpdatedBy",
            "oid": "19f015af-af8f-4c41-bd1f-2f5261897611",
            "type": "string"
        },
        {
            "displayLabel": "<internal>",
            "hidden": true,
            "internal": true,
            "name": "abcsChangeNumber",
            "oid": "cd1f4ab0-e8ed-455a-9794-e169878b2aef",
            "type": "number"
        },
        {
            "displayLabel": "name",
            "name": "name",
            "oid": "4f21ecd5-4cae-4638-bed4-75007f3c09b4",
            "type": "string",
            "required": true
        }
    ],
    "name": "CreditReason",
    "oid": "265da1a7-2372-4d6c-8464-2002258c4294"
}