{
    "items": [
        {
            "nextval": 10051
        }
    ],
    "hasMore": false,
    "limit": 0,
    "offset": 0,
    "count": 1,
    "links": [
        {
            "rel": "self",
            "href": "https://foizja9l9puedqg-gsttadwdev.adb.uk-london-1.oraclecloudapps.com/ords/admin/arss/xxgstt_arss_invoice_request/get_invoice_reference/"
        },
        {
            "rel": "describedby",
            "href": "https://foizja9l9puedqg-gsttadwdev.adb.uk-london-1.oraclecloudapps.com/ords/admin/metadata-catalog/arss/xxgstt_arss_invoice_request/get_invoice_reference/"
        }
    ]
}