{
    "displayLabel": "Spare2",
    "fields": [
        {
            "displayLabel": "Id",
            "internal": true,
            "key": true,
            "name": "id",
            "oid": "afffa640-9237-4502-a8c9-f8bc26b794b8",
            "required": true,
            "type": "number",
            "unique": true
        },
        {
            "displayLabel": "Created",
            "internal": true,
            "name": "creationDate",
            "oid": "922676d8-8a7b-48b1-bd28-47d0bccbc6a2",
            "type": "datetime"
        },
        {
            "displayLabel": "Last Updated",
            "internal": true,
            "name": "lastUpdateDate",
            "oid": "a30ebd15-554d-47d8-a50c-0588faee6119",
            "type": "datetime"
        },
        {
            "displayLabel": "Created By",
            "internal": true,
            "name": "createdBy",
            "oid": "e1e9dcfe-f5d2-4fdb-b791-f9902f14a437",
            "type": "string"
        },
        {
            "displayLabel": "Last Updated By",
            "internal": true,
            "name": "lastUpdatedBy",
            "oid": "2b06351c-bb66-4c15-9523-be5dc6a1238d",
            "type": "string"
        },
        {
            "displayLabel": "<internal>",
            "hidden": true,
            "internal": true,
            "name": "abcsChangeNumber",
            "oid": "f505922d-a2c8-46e4-8b8c-7224f747eb33",
            "type": "number"
        },
        {
            "displayLabel": "value",
            "name": "value",
            "oid": "426e04fe-be4a-456f-8df7-8a17294e1572",
            "type": "string",
            "required": true
        }
    ],
    "name": "Spare2",
    "oid": "9b2e023f-541e-4631-99e8-52ff2ace3925"
}