{
    "displayLabel": "PrintOption",
    "fields": [
        {
            "displayLabel": "Id",
            "internal": true,
            "key": true,
            "name": "id",
            "oid": "bd0df6bc-ca2e-4e41-af9e-5e261116a393",
            "required": true,
            "type": "number",
            "unique": true
        },
        {
            "displayLabel": "Created",
            "internal": true,
            "name": "creationDate",
            "oid": "d7d3d560-f9f0-4a3c-a81f-0a089caa17b1",
            "type": "datetime"
        },
        {
            "displayLabel": "Last Updated",
            "internal": true,
            "name": "lastUpdateDate",
            "oid": "3f867585-5225-4a68-b7b8-97cbbe95bbf7",
            "type": "datetime"
        },
        {
            "displayLabel": "Created By",
            "internal": true,
            "name": "createdBy",
            "oid": "9db1aafb-1d2c-4889-a059-9dac5fd79740",
            "type": "string"
        },
        {
            "displayLabel": "Last Updated By",
            "internal": true,
            "name": "lastUpdatedBy",
            "oid": "fdbdd31f-1ac1-4215-a5cb-518ff621f5de",
            "type": "string"
        },
        {
            "displayLabel": "<internal>",
            "hidden": true,
            "internal": true,
            "name": "abcsChangeNumber",
            "oid": "38717e50-a7ce-4573-84e9-6ec648fc56f9",
            "type": "number"
        },
        {
            "displayLabel": "value",
            "name": "value",
            "oid": "af0db050-8720-40a8-bc64-0662f504a524",
            "type": "string",
            "required": true
        }
    ],
    "name": "PrintOption",
    "oid": "d58dab32-e32f-4555-884a-0f2736f3c769"
}