id,creationDate,lastUpdateDate,createdBy,lastUpdatedBy,memoLine,description,quantity,unitPrice,taxCode,amount,invoiceReference,lineNumber,invoiceHeaderId,taxRate
17,2020-11-11T07:26:52,2020-11-11T07:26:52.016,techtutorsti@gmail.com,techtutorsti@gmail.com,1,Default Memo Line Desc1,2.0,4.0,1,8.8,,,5,10.0
18,2020-11-11T07:30:49,2020-11-11T08:01:11,techtutorsti@gmail.com,techtutorsti@gmail.com,1,Default Memo Line Desc,23.0,34.0,2,899.3,,,5,15.0
20,2020-11-11T08:55:51,2020-11-11T08:55:51.018,techtutorsti@gmail.com,techtutorsti@gmail.com,1,Default Memo Line Desc,1.0,100.0,1,110.00000000000001,,,5,10.0
21,2020-11-11T10:21:28,2020-11-11T10:21:28.016,techtutorsti@gmail.com,techtutorsti@gmail.com,1,Default Memo Line Desc1,1.0,100.0,1,110.00000000000001,,,5,10.0
22,2020-11-11T10:21:28,2020-11-11T10:21:28.018,techtutorsti@gmail.com,techtutorsti@gmail.com,1,Default Memo Line Desc1,1.0,100.0,1,110.00000000000001,,,5,10.0
