{
    "fields": [
        {
            "displayLabel": "Id",
            "internal": true,
            "key": true,
            "name": "id",
            "oid": "8beac818-7ff2-4792-aea7-f5dd03fd3700",
            "required": true,
            "type": "number",
            "unique": true
        },
        {
            "displayLabel": "Created",
            "internal": true,
            "name": "creationDate",
            "oid": "0838fb73-18f8-4dab-8091-8352c8e5d5f7",
            "type": "datetime"
        },
        {
            "displayLabel": "Last Updated",
            "internal": true,
            "name": "lastUpdateDate",
            "oid": "1f099bda-d0bb-40dc-9588-81c74a37eed8",
            "type": "datetime"
        },
        {
            "displayLabel": "Created By",
            "internal": true,
            "name": "createdBy",
            "oid": "da2ec00a-3be2-4161-b3ff-b2363da89ffb",
            "type": "string"
        },
        {
            "displayLabel": "Last Updated By",
            "internal": true,
            "name": "lastUpdatedBy",
            "oid": "511adea3-c4a5-48d3-a3e0-6e648d2e553b",
            "type": "string"
        },
        {
            "displayLabel": "<internal>",
            "hidden": true,
            "internal": true,
            "name": "abcsChangeNumber",
            "oid": "d6cd6ac7-ac74-4b0c-a99d-5b36ca70bca1",
            "type": "number"
        },
        {
            "name": "value",
            "oid": "aaf163be-bd29-48af-bc88-644f05d458e3",
            "displayLabel": "Value",
            "type": "string",
            "required": true,
            "unique": true
        }
    ],
    "name": "Intercompany",
    "oid": "ca555e6e-fcaa-45d9-88f9-8d532a8eb39f",
    "displayLabel": "Intercompany",
    "relationships": [
        {
            "name": "invoiceDistributionColl",
            "reverseRelationship": "intercompanyRefObject",
            "targetEntity": "InvoiceDistribution",
            "type": "incoming",
            "exposeAccessor": false,
            "displayField": "value"
        }
    ]
}