{
    "fields": [
        {
            "displayLabel": "Id",
            "internal": true,
            "key": true,
            "name": "id",
            "oid": "1bb2dc01-ab18-4684-aa1d-bf9a6fa50fd9",
            "required": true,
            "type": "number",
            "unique": true
        },
        {
            "displayLabel": "Created",
            "internal": true,
            "name": "creationDate",
            "oid": "82deac2b-8b72-451a-8682-872f7c6850c3",
            "type": "datetime"
        },
        {
            "displayLabel": "Last Updated",
            "internal": true,
            "name": "lastUpdateDate",
            "oid": "05e2af34-3bfb-4c8a-b550-95267788759a",
            "type": "datetime"
        },
        {
            "displayLabel": "Created By",
            "internal": true,
            "name": "createdBy",
            "oid": "a2efd284-a231-4ba6-ac3c-db6f6c13a51f",
            "type": "string"
        },
        {
            "displayLabel": "Last Updated By",
            "internal": true,
            "name": "lastUpdatedBy",
            "oid": "4fa168f1-bcce-464d-827b-45438d33d5b8",
            "type": "string"
        },
        {
            "displayLabel": "<internal>",
            "hidden": true,
            "internal": true,
            "name": "abcsChangeNumber",
            "oid": "a41529c6-d596-4126-a70b-731dce73267f",
            "type": "number"
        },
        {
            "name": "requestor",
            "oid": "dfffc5d1-f633-45b3-abe8-fd17ac7ccef2",
            "displayLabel": "Requestor",
            "type": "string"
        },
        {
            "name": "manager",
            "oid": "a06a2fe8-5cde-4af9-ad80-8166ae86f5c8",
            "displayLabel": "Manager",
            "type": "string"
        },
        {
            "name": "approver",
            "oid": "4be25604-a65e-412c-8e12-ed0be7e0f754",
            "displayLabel": "Approver",
            "type": "string"
        }
    ],
    "name": "ApprovalHierarchy",
    "oid": "048c985a-2ccf-467e-8461-32869471fb32",
    "displayLabel": "ApprovalHierarchy",
    "relationships": [
        {
            "name": "invoiceHeaderCollection",
            "reverseRelationship": "requestorNameObject",
            "targetEntity": "InvoiceHeader",
            "type": "incoming",
            "exposeAccessor": false,
            "displayField": "requestor"
        }
    ]
}