{
    "displayLabel": "Customer",
    "fields": [
        {
            "displayLabel": "Id",
            "internal": true,
            "key": true,
            "name": "id",
            "oid": "c5a0b155-f28d-467c-bea2-92b5a2ec00be",
            "required": true,
            "type": "number",
            "unique": true
        },
        {
            "displayLabel": "Created",
            "internal": true,
            "name": "creationDate",
            "oid": "11681b2c-d772-4979-bec0-19c1c2368f21",
            "type": "datetime"
        },
        {
            "displayLabel": "Last Updated",
            "internal": true,
            "name": "lastUpdateDate",
            "oid": "a70a7bf1-30ff-4a28-851f-e5071cb63aaa",
            "type": "datetime"
        },
        {
            "displayLabel": "Created By",
            "internal": true,
            "name": "createdBy",
            "oid": "1d5b7ce7-fe87-461c-aeea-c25d5c52b3ef",
            "type": "string"
        },
        {
            "displayLabel": "Last Updated By",
            "internal": true,
            "name": "lastUpdatedBy",
            "oid": "391084c2-771d-40e7-9f7f-2697e0014008",
            "type": "string"
        },
        {
            "displayLabel": "<internal>",
            "hidden": true,
            "internal": true,
            "name": "abcsChangeNumber",
            "oid": "61f39185-d580-47af-bf72-baf756637407",
            "type": "number"
        },
        {
            "displayLabel": "name",
            "name": "name",
            "oid": "46c32139-2be0-4e09-a1a5-2f88f1933e18",
            "type": "string",
            "required": true
        },
        {
            "displayLabel": "profileClass",
            "name": "profileClass",
            "oid": "5d0afc6a-1048-465e-8882-4d75787cbe15",
            "type": "string"
        },
        {
            "displayLabel": "insuranceCompany",
            "name": "insuranceCompany",
            "oid": "e8729183-f292-4442-8681-52a391b93737",
            "type": "number"
        },
        {
            "displayLabel": "policyNumber",
            "name": "policyNumber",
            "oid": "789a931a-ec68-4507-8589-459f372369e8",
            "type": "number"
        },
        {
            "displayLabel": "patientDateOfBirth",
            "name": "patientDateOfBirth",
            "oid": "efb82ef1-29a5-4651-8db3-3b490949adf5",
            "type": "date"
        },
        {
            "displayLabel": "insuranceNumber",
            "name": "insuranceNumber",
            "oid": "1fec5456-1e05-4ae0-be7e-d45bb213f389",
            "type": "number"
        },
        {
            "displayLabel": "accountNumber",
            "name": "accountNumber",
            "oid": "37ca9a85-461f-4f02-960b-edca93a9fb5b",
            "type": "number",
            "required": true
        },
        {
            "displayLabel": "custAccountId",
            "name": "custAccountId",
            "oid": "b2323ba6-a4f3-48e3-a527-82756c0a7c4f",
            "type": "number",
            "required": true
        }
    ],
    "name": "Customer",
    "oid": "3ba5f1ce-8845-48b5-8cab-5f061d4637bc"
}