id,creationDate,lastUpdateDate,createdBy,lastUpdatedBy,transactionDate,billToLocation,profileClass,addressLine1,addressLine2,city,postalCode,creditReason,invoicingRule,currency,salesPersonName,reconciliationReference,insuranceCompany,policyNumber,patientDateOfBirth,printOption,admissionDate,dischargeDate,poNumber,otherRechargeReason,requestorName,revenueDeptApprover,specialInstructions,notesToBeIncludedOnTrx,commentsToApprover,invoiceReference,status,customerName,transactionType,transactionTypeRef,customerNameRef,currentApprover,insuranceCustomerNumber,businessUnit,incomeSysTeamApprover,financeDirectorApprover,copiedFromInvId,salesPerson
62,2020-11-22T12:53:11,2020-11-23T09:38:36,techtutorsti@gmail.com,techtutorsti@gmail.com,2020-11-22,1,Non NHS Other,"Unit 24, Oliver Business Park",Oliver Rd,London,NW10 7JB,,,2,1,,Medicure Ltd Insurance Company,Medicure Ltd Policy Number,1988-10-05,1,,,,,techtutorsti@gmail.com,techtutorsti@gmail.com,,,,10017,APPROVED,Medicure Ltd,DM - Invoice,1,1,techtutorsti@gmail.com,Medicure Ltd Insurance Number,1,techtutorsti@gmail.com,techtutorsti@gmail.com,,Data Migration
81,2020-11-23T10:13:36,2020-11-23T10:15:17,techtutorsti@gmail.com,techtutorsti@gmail.com,2020-11-23,1,Non NHS Other,"Unit 24, Oliver Business Park",Oliver Rd,London,NW10 7JB,,,2,1,,Medicure Ltd Insurance Company,Medicure Ltd Policy Number,1988-10-05,,,,,,techtutorsti@gmail.com,techtutorsti@gmail.com,,,,10022,APPROVED,Medicure Ltd,DM - Invoice,1,1,techtutorsti@gmail.com,Medicure Ltd Insurance Number,1,techtutorsti@gmail.com,techtutorsti@gmail.com,,Data Migration
82,2020-11-23T10:33:15,2020-11-23T10:47:00,techtutorsti@gmail.com,techtutorsti@gmail.com,,1,Non NHS Other,"Unit 24, Oliver Business Park",Oliver Rd,London,NW10 7JB,,,2,1,,Medicure Ltd Insurance Company,Medicure Ltd Policy Number,1988-10-05,,,,,,techtutorsti@gmail.com,techtutorsti@gmail.com,,,,10023,ENTERED,Medicure Ltd,DM - Invoice,1,1,,Medicure Ltd Insurance Number,1,techtutorsti@gmail.com,techtutorsti@gmail.com,,Data Migration
1000002,2020-11-22T00:00:00,2020-11-23T14:58:04,techtutorsti@gmail.com,techtutorsti@gmail.com,2020-11-22,1,Non NHS Other,"Unit 24, Oliver Business Park",Oliver Rd,London,NW10 7JB,,,2,1,,Medicure Ltd Insurance Company,Medicure Ltd Policy Number,1988-10-05,1,,,,,techtutorsti@gmail.com1,techtutorsti@gmail.com,,,,10018,REJECTED,Medicure Ltd,DM - Invoice,1,1,,Medicure Ltd Insurance Number,1,techtutorsti@gmail.com,techtutorsti@gmail.com,62,Data Migration
