{
    "displayLabel": "Analysis",
    "fields": [
        {
            "displayLabel": "Id",
            "internal": true,
            "key": true,
            "name": "id",
            "oid": "3f9982f3-f1eb-48f1-a47c-fbff3dfc4490",
            "required": true,
            "type": "number",
            "unique": true
        },
        {
            "displayLabel": "Created",
            "internal": true,
            "name": "creationDate",
            "oid": "1fea8978-b4bf-42b8-a156-e0eabba54016",
            "type": "datetime"
        },
        {
            "displayLabel": "Last Updated",
            "internal": true,
            "name": "lastUpdateDate",
            "oid": "c1f9546b-d95a-4c01-b6d6-11dad50c275e",
            "type": "datetime"
        },
        {
            "displayLabel": "Created By",
            "internal": true,
            "name": "createdBy",
            "oid": "3ecf8e16-a6c4-4930-b9c0-3a732bad0694",
            "type": "string"
        },
        {
            "displayLabel": "Last Updated By",
            "internal": true,
            "name": "lastUpdatedBy",
            "oid": "05f7b3da-170c-429c-91a4-d52c5c674d3a",
            "type": "string"
        },
        {
            "displayLabel": "<internal>",
            "hidden": true,
            "internal": true,
            "name": "abcsChangeNumber",
            "oid": "d5ef8496-6166-48a2-b43f-8e7e795145b1",
            "type": "number"
        },
        {
            "displayLabel": "value",
            "name": "value",
            "oid": "f34b1e39-1f7b-4015-9504-132744e8d581",
            "type": "string",
            "required": true
        }
    ],
    "name": "Analysis",
    "oid": "ba238742-75df-4d29-b9a6-c61fa551c9ab"
}