{
    "fields": [
        {
            "displayLabel": "Id",
            "internal": true,
            "key": true,
            "name": "id",
            "oid": "853ef150-ac17-4c9d-8b87-8a6bba28048d",
            "required": true,
            "type": "number",
            "unique": true
        },
        {
            "displayLabel": "Created",
            "internal": true,
            "name": "creationDate",
            "oid": "334f56d3-8919-4a12-a47e-d7811aa3c25c",
            "type": "datetime"
        },
        {
            "displayLabel": "Last Updated",
            "internal": true,
            "name": "lastUpdateDate",
            "oid": "bbf20dad-8af0-4b17-9c5e-a539848be86c",
            "type": "datetime"
        },
        {
            "displayLabel": "Created By",
            "internal": true,
            "name": "createdBy",
            "oid": "7790148f-5899-4eef-97eb-cca303f5370e",
            "type": "string"
        },
        {
            "displayLabel": "Last Updated By",
            "internal": true,
            "name": "lastUpdatedBy",
            "oid": "df01b96a-62ae-42bf-8680-7b39db43b519",
            "type": "string"
        },
        {
            "displayLabel": "<internal>",
            "hidden": true,
            "internal": true,
            "name": "abcsChangeNumber",
            "oid": "6be5f275-acd1-41f4-959e-b40a081133e0",
            "type": "number"
        },
        {
            "name": "value",
            "oid": "87f941dd-3e55-46de-9461-98e99ab4327a",
            "displayLabel": "Value",
            "type": "string"
        }
    ],
    "name": "WGA",
    "oid": "7fd48c0d-bbd4-438e-95aa-e2a8bce16cf8",
    "displayLabel": "WGA",
    "relationships": [
        {
            "name": "invoiceDistributionColl",
            "reverseRelationship": "segment4Object",
            "targetEntity": "InvoiceDistribution",
            "type": "incoming",
            "exposeAccessor": false,
            "displayField": "value"
        }
    ]
}