id,creationDate,lastUpdateDate,createdBy,lastUpdatedBy,memoLine,description,quantity,unitPrice,taxCode,amount,invoiceReference,lineNumber,invoiceHeaderId,taxRate
21,2020-11-11T10:21:28,2020-11-11T10:21:28.016,techtutorsti@gmail.com,techtutorsti@gmail.com,1,Default Memo Line Desc1,1.0,100.0,1,110.00000000000001,,,5,10.0
25,2020-11-14T06:49:09,2020-11-14T06:49:09.018,techtutorsti@gmail.com,techtutorsti@gmail.com,1,Default Memo Line Desc1,1.0,200.0,1,220.00000000000003,,,5,10.0
26,2020-11-14T06:56:06,2020-11-14T06:56:06.017,techtutorsti@gmail.com,techtutorsti@gmail.com,1,Default Memo Line Desc12,1.0,100.0,2,114.99999999999999,,,6,15.0
27,2020-11-14T06:58:02,2020-11-14T06:58:02.021,techtutorsti@gmail.com,techtutorsti@gmail.com,1,1Default Memo Line Desc,12.0,12.0,1,158.4,,,6,10.0
