{
    "displayLabel": "InvoiceLine",
    "fields": [
        {
            "displayLabel": "Id",
            "internal": true,
            "key": true,
            "name": "id",
            "oid": "87d55f5c-21e1-479e-98d8-09353642913b",
            "required": true,
            "type": "number",
            "unique": true
        },
        {
            "displayLabel": "Created",
            "internal": true,
            "name": "creationDate",
            "oid": "0da75e16-3e9d-42d4-8d0d-d24b30a21712",
            "type": "datetime"
        },
        {
            "displayLabel": "Last Updated",
            "internal": true,
            "name": "lastUpdateDate",
            "oid": "b25d3bc2-3b60-48a0-896c-7918513ea061",
            "type": "datetime"
        },
        {
            "displayLabel": "Created By",
            "internal": true,
            "name": "createdBy",
            "oid": "7fc930c4-809f-4536-88f1-5de66615a62d",
            "type": "string"
        },
        {
            "displayLabel": "Last Updated By",
            "internal": true,
            "name": "lastUpdatedBy",
            "oid": "02298cd8-a3b8-4b0b-8926-12a40f4e0a63",
            "type": "string"
        },
        {
            "displayLabel": "<internal>",
            "hidden": true,
            "internal": true,
            "name": "abcsChangeNumber",
            "oid": "7b1fcd08-1811-4174-9602-1a46abce835e",
            "type": "number"
        },
        {
            "displayLabel": "memoLine",
            "name": "memoLine",
            "oid": "fc8338b5-40a8-4562-bb17-7bfdb9b80bb3",
            "type": "number"
        },
        {
            "displayLabel": "description",
            "name": "description",
            "oid": "3dac15b9-bb0a-45f6-b5ea-725995fa07b9",
            "type": "number"
        },
        {
            "displayLabel": "quantity",
            "name": "quantity",
            "oid": "aec7ad9a-1d54-40a2-80ae-4e3435c71cca",
            "type": "number"
        },
        {
            "displayLabel": "unitPrice",
            "name": "unitPrice",
            "oid": "d1456143-6402-464e-8061-31fe78ce8699",
            "type": "number"
        },
        {
            "displayLabel": "taxCode",
            "name": "taxCode",
            "oid": "a6e97c2a-e98d-4a64-8277-b18ee77eb0a6",
            "type": "string"
        },
        {
            "displayLabel": "amount",
            "name": "amount",
            "oid": "0d1fc217-c97a-4c01-ac0d-eaddf87b94cd",
            "type": "number"
        },
        {
            "name": "invoiceId",
            "oid": "5a89d6fb-6aff-4ee4-8e7f-b7b89d277793",
            "displayLabel": "invoiceId",
            "type": "reference"
        }
    ],
    "name": "InvoiceLine",
    "oid": "b6f372ab-8293-47ba-bd14-d54f892483bd",
    "relationships": [
        {
            "name": "invoiceIdObject",
            "reverseRelationship": "invoiceLineCollection",
            "targetEntity": "Invoice",
            "type": "outgoing",
            "exposeAccessor": true,
            "mappingField": "invoiceId",
            "deleteRule": "restrict"
        },
        {
            "name": "invoiceDistributionColl",
            "reverseRelationship": "invoiceLineIdObject",
            "targetEntity": "InvoiceDistribution",
            "type": "incoming",
            "exposeAccessor": false,
            "displayField": "id"
        }
    ]
}