{
    "displayLabel": "CustomerAddress",
    "fields": [
        {
            "displayLabel": "Id",
            "internal": true,
            "key": true,
            "name": "id",
            "oid": "9d004bf3-1928-4880-86c4-c7c14a4e7bc4",
            "required": true,
            "type": "number",
            "unique": true
        },
        {
            "displayLabel": "Created",
            "internal": true,
            "name": "creationDate",
            "oid": "3802e43d-6b30-4fb6-a15e-008e86291e96",
            "type": "datetime"
        },
        {
            "displayLabel": "Last Updated",
            "internal": true,
            "name": "lastUpdateDate",
            "oid": "56ff0adc-b63e-4acb-bc85-48f2c704d20a",
            "type": "datetime"
        },
        {
            "displayLabel": "Created By",
            "internal": true,
            "name": "createdBy",
            "oid": "1789bc86-068b-47e9-a9be-78ab65fccd74",
            "type": "string"
        },
        {
            "displayLabel": "Last Updated By",
            "internal": true,
            "name": "lastUpdatedBy",
            "oid": "2dc95cbf-1ffc-4581-b3b2-b1fbe9cb3428",
            "type": "string"
        },
        {
            "displayLabel": "<internal>",
            "hidden": true,
            "internal": true,
            "name": "abcsChangeNumber",
            "oid": "011e6390-55ba-40ec-91f0-4fb9096b0017",
            "type": "number"
        },
        {
            "displayLabel": "custAccountId",
            "name": "custAccountId",
            "oid": "f81a4bfa-535f-4cb7-b91a-1a8b64f3621b",
            "type": "number",
            "required": true
        },
        {
            "displayLabel": "accountNumber",
            "name": "accountNumber",
            "oid": "d788c55b-6440-41fd-b173-00c151dd7a86",
            "type": "number"
        },
        {
            "displayLabel": "addressLine1",
            "name": "addressLine1",
            "oid": "c79278d7-d811-419c-b6a8-b02e40bcc8ce",
            "type": "string"
        },
        {
            "displayLabel": "addressLine2",
            "name": "addressLine2",
            "oid": "df264ce4-8d4a-431a-8af0-048294c37b70",
            "type": "string",
            "required": true
        },
        {
            "displayLabel": "city",
            "name": "city",
            "oid": "6e1d81ee-d345-4b80-a0bd-9f8c053e1715",
            "type": "string"
        },
        {
            "displayLabel": "postalCode",
            "name": "postalCode",
            "oid": "42c53f60-be5a-4bc0-a0fd-e23fdc5108b3",
            "type": "string"
        },
        {
            "displayLabel": "billToLocation",
            "name": "billToLocation",
            "oid": "2e013e78-6d5f-4acf-8a06-4ea655fff8cf",
            "type": "string",
            "required": true
        }
    ],
    "name": "CustomerAddress",
    "oid": "9aa36918-1b3a-4698-8089-f2bd164b840f"
}