id,creationDate,lastUpdateDate,createdBy,lastUpdatedBy,memoLine,description,quantity,unitPrice,taxCode,amount,invoiceReference,lineNumber,invoiceHeaderId,taxRate,lineReconciliationRef
83,2020-11-22T12:54:48,2020-11-22T12:54:48.007,techtutorsti@gmail.com,techtutorsti@gmail.com,1,00ANTILEPILEPTIC Desc,1.0,100.0,1,100.0,,,62,10.0,
84,2020-11-22T12:55:37,2020-11-23T10:06:30,techtutorsti@gmail.com,techtutorsti@gmail.com,1,00ANTILEPILEPTIC Desc,3.0,154.0,1,462.0,,,1000002,10.0,
101,2020-11-23T10:14:17,2020-11-23T10:14:17.009,techtutorsti@gmail.com,techtutorsti@gmail.com,1,00ANTILEPILEPTIC Desc,10.0,100.0,1,1000.0,,,81,10.0,
102,2020-11-23T10:36:29,2020-11-23T10:36:29.006,techtutorsti@gmail.com,techtutorsti@gmail.com,1,00ANTILEPILEPTIC Desc,1.0,100.0,21,100.0,,,82,20.0,
2000004,2020-11-22T00:00:00,2020-11-22T00:00:00,techtutorsti@gmail.com,techtutorsti@gmail.com,1,00ANTILEPILEPTIC Desc,1.0,100.0,1,100.0,,,1000002,10.0,
