{
  "pageModelVersion": "19.4.3",
  "title": "Create Invoice",
  "description": "Creates new InvoiceHeader",
  "variables": {
    "invoiceHeader": {
      "type": "page:createInvoiceHeaderRequest",
      "defaultValue": {
        "invoiceReference": "{{ $page.variables.invoiceHeader.id }}",
        "status": "NEW"
      }
    },
    "customerListSDP": {
      "type": "vb/ServiceDataProvider",
      "defaultValue": {
        "endpoint": "businessObjects/getall_Customer",
        "idAttribute": "id",
        "itemsPath": "items",
        "responseType": "page:getallCustomerResponse",
        "uriParameters": {}
      }
    },
    "transactionTypeListSDP": {
      "type": "vb/ServiceDataProvider",
      "defaultValue": {
        "endpoint": "businessObjects/getall_TransactionType",
        "idAttribute": "id",
        "itemsPath": "items",
        "responseType": "page:getallTransactionTypeResponse",
        "uriParameters": {}
      }
    },
    "printOptionListSDP": {
      "type": "vb/ServiceDataProvider",
      "defaultValue": {
        "endpoint": "businessObjects/getall_PrintOption",
        "idAttribute": "id",
        "itemsPath": "items",
        "responseType": "page:getallPrintOptionResponse",
        "uriParameters": {}
      }
    },
    "creditReasonListSDP": {
      "type": "vb/ServiceDataProvider",
      "defaultValue": {
        "endpoint": "businessObjects/getall_CreditReason",
        "idAttribute": "id",
        "itemsPath": "items",
        "responseType": "page:getallCreditReasonResponse",
        "uriParameters": {}
      }
    },
    "salesPersonListSDP": {
      "type": "vb/ServiceDataProvider",
      "defaultValue": {
        "endpoint": "businessObjects/getall_SalesPerson",
        "idAttribute": "id",
        "itemsPath": "items",
        "responseType": "page:getallSalesPersonResponse",
        "uriParameters": {}
      }
    },
    "currencyListSDP": {
      "type": "vb/ServiceDataProvider",
      "defaultValue": {
        "endpoint": "businessObjects/getall_Currency",
        "idAttribute": "id",
        "itemsPath": "items",
        "responseType": "page:getallCurrencyResponse",
        "uriParameters": {}
      }
    },
    "invoicingRuleListSDP": {
      "type": "vb/ServiceDataProvider",
      "defaultValue": {
        "endpoint": "businessObjects/getall_InvoicingRule",
        "idAttribute": "id",
        "itemsPath": "items",
        "responseType": "page:getallInvoicingRuleResponse",
        "uriParameters": {}
      }
    },
    "customerAddressListSDP": {
      "type": "vb/ServiceDataProvider",
      "defaultValue": {
        "endpoint": "businessObjects/getall_CustomerAddress",
        "idAttribute": "id",
        "itemsPath": "items",
        "responseType": "page:getallCustomerAddressResponse",
        "uriParameters": {}
      }
    },
     "businessUnitListSDP": {
          "type": "vb/ServiceDataProvider",
          "defaultValue": {
            "endpoint": "businessObjects/getall_BusinessUnit",
            "idAttribute": "id",  
            "itemsPath": "items",          
            "responseType": "page:getallBusinessUnitResponse",
            "uriParameters": {}
          }
    }
  },
  "metadata": {},
  "types": {
    "createInvoiceHeaderRequest": {
      "addressLine1": "string",
      "addressLine2": "string",
      "admissionDate": "string",
      "billToLocation": "number",
      "businessUnit": "number",
      "city": "string",
      "commentsToApprover": "string",
      "creditReason": "number",
      "currency": "number",
      "currentApprover": "string",
      "customerName": "string",
      "customerNameRef": "number",
      "dischargeDate": "string",
      "financeDirectorApprover": "string",
      "id": "number",
      "incomeSysTeamApprover": "string",
      "insuranceCompany": "string",
      "insuranceCustomerNumber": "string",
      "invoiceReference": "string",
      "invoicingRule": "number",
      "notesToBeIncludedOnTrx": "string",
      "otherRechargeReason": "string",
      "patientDateOfBirth": "string",
      "policyNumber": "string",
      "poNumber": "string",
      "postalCode": "string",
      "printOption": "number",
      "profileClass": "string",
      "reconciliationReference": "string",
      "requestorName": "string",
      "revenueDeptApprover": "string",
      "salesPersonName": "number",
      "specialInstructions": "string",
      "status": "string",
      "transactionDate": "string",
      "transactionType": "string",
      "transactionTypeRef": "number"
    },
    "@decorators.createInvoiceHeaderRequest": {
      "endpoint": "create_InvoiceHeader",
      "service": "businessObjects",
      "path": "request"
    },
    "businessObjectsServiceErrorResponseType": {
      "body": {
        "status": "string",
        "title": "string",
        "o:errorDetails": [
          {
            "detail": "string",
            "o:errorCode": "string"
          }
        ]
      },
      "status": "number"
    },
    "getallCustomerResponse": {
      "items": [
        {
          "id": "number",
          "name": "string"
        }
      ]
    },
    "@decorators.getallCustomerResponse": {
      "endpoint": "getall_Customer",
      "service": "businessObjects",
      "path": "response"
    },
    "getallTransactionTypeResponse": {
      "items": [
        {
          "id": "number",
          "name": "string"
        }
      ]
    },
    "@decorators.getallTransactionTypeResponse": {
      "endpoint": "getall_TransactionType",
      "service": "businessObjects",
      "path": "response"
    },
    "getallPrintOptionResponse": {
      "items": [
        {
          "id": "number",
          "value": "string"
        }
      ]
    },
    "@decorators.getallPrintOptionResponse": {
      "endpoint": "getall_PrintOption",
      "service": "businessObjects",
      "path": "response"
    },
    "getallCreditReasonResponse": {
      "items": [
        {
          "id": "number",
          "name": "string"
        }
      ]
    },
    "@decorators.getallCreditReasonResponse": {
      "endpoint": "getall_CreditReason",
      "service": "businessObjects",
      "path": "response"
    },
    "getallSalesPersonResponse": {
      "items": [
        {
          "id": "number",
          "name": "string"
        }
      ]
    },
    "@decorators.getallSalesPersonResponse": {
      "endpoint": "getall_SalesPerson",
      "service": "businessObjects",
      "path": "response"
    },
    "getallCurrencyResponse": {
      "items": [
        {
          "code": "string",
          "id": "number"
        }
      ]
    },
    "@decorators.getallCurrencyResponse": {
      "endpoint": "getall_Currency",
      "service": "businessObjects",
      "path": "response"
    },
    "getallInvoicingRuleResponse": {
      "items": [
        {
          "id": "number",
          "name": "string"
        }
      ]
    },
    "@decorators.getallInvoicingRuleResponse": {
      "endpoint": "getall_InvoicingRule",
      "service": "businessObjects",
      "path": "response"
    },
    "getallCustomerAddressResponse": {
      "items": [
        {
          "billToLocation": "string",
          "id": "number"
        }
      ]
    },
    "@decorators.getallCustomerAddressResponse": {
      "endpoint": "getall_CustomerAddress",
      "service": "businessObjects",
      "path": "response"
    },
    "@decorators.getallBusinessUnitResponse": {
      "endpoint": "getall_BusinessUnit",
      "service": "businessObjects",
      "path": "response"
    },
    "getallBusinessUnitResponse": {
      "items": [
        {
          "businessUnitName": "string",
          "id": "number"
        }
      ]
    },
    "@decorators.getall_BusinessUnit": {
      "endpoint": "getall_BusinessUnit",
      "service": "businessObjects",
      "path": "response"
    },
    "getall_BusinessUnit": {
      "items": [
        {
          "businessUnitName": "string",
          "id": "number"
        }
      ]
    }
  },
  "chains": {
    "goBackChain": {
      "root": "navigateBack",
      "actions": {
        "navigateBack": {
          "module": "vb/action/builtin/navigateBackAction",
          "outcomes": {
            "success": ""
          }
        }
      }
    },
    "createInvoiceHeaderChain": {
      "root": "createInvoiceHeader",
      "variables": {
        "saveFailureResult": {
          "type": "page:businessObjectsServiceErrorResponseType"
        },
        "errorMessage": {
          "type": "string"
        }
      },
      "actions": {
        "createInvoiceHeader": {
          "module": "vb/action/builtin/restAction",
          "parameters": {
            "endpoint": "businessObjects/create_InvoiceHeader",
            "body": "[[ $page.variables.invoiceHeader ]]"
          },
          "outcomes": {
            "success": "fireSuccessNotification",
            "failure": "assignFailureResult"
          }
        },
        "fireSuccessNotification": {
          "module": "vb/action/builtin/fireNotificationEventAction",
          "parameters": {
            "summary": "InvoiceHeader saved",
            "message": "InvoiceHeader record successfully created",
            "type": "confirmation",
            "displayMode": "transient"
          },
          "outcomes": {
            "success": "navigateBack"
          }
        },
        "navigateBack": {
          "module": "vb/action/builtin/navigateBackAction",
          "outcomes": {
            "success": ""
          }
        },
        "assignFailureResult": {
          "module": "vb/action/builtin/assignVariablesAction",
          "parameters": {
            "$chain.variables.saveFailureResult": {
              "source": "[[ $chain.results.createInvoiceHeader.payload ]]"
            }
          },
          "outcomes": {
            "success": "testFailureDetails"
          }
        },
        "testFailureDetails": {
          "module": "vb/action/builtin/ifAction",
          "outcomes": {
            "true": "handleDetailedErrorMessage",
            "false": "handleDefaultErrorMessage"
          },
          "parameters": {
            "condition": "[[ $chain.variables.saveFailureResult.body['o:errorDetails'][0] ]]"
          }
        },
        "handleDetailedErrorMessage": {
          "module": "vb/action/builtin/assignVariablesAction",
          "outcomes": {
            "success": "fireErrorNotification"
          },
          "parameters": {
            "$chain.variables.errorMessage": {
              "source": "[[ $chain.variables.saveFailureResult.body['o:errorDetails'][0].detail ]]"
            }
          }
        },
        "handleDefaultErrorMessage": {
          "module": "vb/action/builtin/assignVariablesAction",
          "outcomes": {
            "success": "fireErrorNotification"
          },
          "parameters": {
            "$chain.variables.errorMessage": {
              "source": "[[ 'Could not create new InvoiceHeader: status ' + $chain.variables.saveFailureResult.status ]]"
            }
          }
        },
        "fireErrorNotification": {
          "module": "vb/action/builtin/fireNotificationEventAction",
          "parameters": {
            "summary": "Save failed",
            "message": "[[ $chain.variables.errorMessage ]]",
            "type": "error",
            "displayMode": "persist"
          },
          "outcomes": {}
        }
      }
    },
    "addTransactionLineChain": {
      "root": "createInvoiceHeader",
      "variables": {
        "saveFailureResult": {
          "type": "page:businessObjectsServiceErrorResponseType"
        },
        "errorMessage": {
          "type": "string"
        }
      },
      "actions": {
        "createInvoiceHeader": {
          "module": "vb/action/builtin/restAction",
          "parameters": {
            "endpoint": "businessObjects/create_InvoiceHeader",
            "body": "[[ $page.variables.invoiceHeader ]]"
          },
          "outcomes": {
            "success": "fireSuccessNotification",
            "failure": "assignFailureResult"
          }
        },
        "fireSuccessNotification": {
          "module": "vb/action/builtin/fireNotificationEventAction",
          "parameters": {
            "summary": "InvoiceHeader saved",
            "message": "InvoiceHeader record successfully created",
            "type": "confirmation",
            "displayMode": "transient"
          },
          "outcomes": {
            "success": "navigateToPage1"
          }
        },
        "assignFailureResult": {
          "module": "vb/action/builtin/assignVariablesAction",
          "parameters": {
            "$chain.variables.saveFailureResult": {
              "source": "[[ $chain.results.createInvoiceHeader.payload ]]"
            }
          },
          "outcomes": {
            "success": "testFailureDetails"
          }
        },
        "testFailureDetails": {
          "module": "vb/action/builtin/ifAction",
          "outcomes": {
            "true": "handleDetailedErrorMessage",
            "false": "handleDefaultErrorMessage"
          },
          "parameters": {
            "condition": "[[ $chain.variables.saveFailureResult.body['o:errorDetails'][0] ]]"
          }
        },
        "handleDetailedErrorMessage": {
          "module": "vb/action/builtin/assignVariablesAction",
          "outcomes": {
            "success": "fireErrorNotification"
          },
          "parameters": {
            "$chain.variables.errorMessage": {
              "source": "[[ $chain.variables.saveFailureResult.body['o:errorDetails'][0].detail ]]"
            }
          }
        },
        "handleDefaultErrorMessage": {
          "module": "vb/action/builtin/assignVariablesAction",
          "outcomes": {
            "success": "fireErrorNotification"
          },
          "parameters": {
            "$chain.variables.errorMessage": {
              "source": "[[ 'Could not create new InvoiceHeader: status ' + $chain.variables.saveFailureResult.status ]]"
            }
          }
        },
        "fireErrorNotification": {
          "module": "vb/action/builtin/fireNotificationEventAction",
          "parameters": {
            "summary": "Save failed",
            "message": "[[ $chain.variables.errorMessage ]]",
            "type": "error",
            "displayMode": "persist"
          },
          "outcomes": {}
        },
        "navigateToPage1": {
          "module": "vb/action/builtin/navigateToPageAction",
          "parameters": {
            "page": "main-edit-invoice-header",
            "params": {
              "invoiceHeaderId": "{{ $chain.results.createInvoiceHeader.body.id }}"
            }
          }
        }
      }
    },
    "CustomerValueChangeChain": {
      "description": "",
      "variables": {
        "value": {
          "required": true,
          "type": "any",
          "input": "fromCaller"
        }
      },
      "root": "if1",
      "actions": {
        "if1": {
          "module": "vb/action/builtin/ifAction",
          "parameters": {
            "condition": "[[ $chain.variables.value !== undefined]]"
          },
          "outcomes": {
            "true": "callRestEndpoint1"
          }
        },
        "callRestEndpoint1": {
          "module": "vb/action/builtin/restAction",
          "parameters": {
            "endpoint": "businessObjects/get_Customer",
            "uriParams": {
              "Customer_Id": "{{ $chain.variables.value }}"
            }
          },
          "outcomes": {
            "failure": "fireNotification1",
            "success": "assignVariables1"
          }
        },
        "fireNotification1": {
          "module": "vb/action/builtin/fireNotificationEventAction",
          "parameters": {
            "target": "leaf",
            "summary": "[[ $chain.results.callRestEndpoint1.message.summary ]]",
            "type": "error",
            "displayMode": "persist"
          }
        },
        "assignVariables1": {
          "module": "vb/action/builtin/assignVariablesAction",
          "parameters": {
            "$page.variables.invoiceHeader": {
              "source": {
                "profileClass": "{{ $chain.results.callRestEndpoint1.body.profileClass }}",
                "insuranceCompany": "{{ $chain.results.callRestEndpoint1.body.insuranceCompany }}",
                "policyNumber": "{{ $chain.results.callRestEndpoint1.body.policyNumber }}",
                "patientDateOfBirth": "{{ $chain.results.callRestEndpoint1.body.patientDateOfBirth }}",
                "insuranceCustomerNumber": "{{ $chain.results.callRestEndpoint1.body.insuranceNumber }}"
              },
              "reset": "none",
              "auto": "always"
            }
          }
        }
      }
    },
    "CustAddressValueChangeChain": {
      "description": "",
      "variables": {
        "value": {
          "required": true,
          "type": "any",
          "input": "fromCaller"
        }
      },
      "root": "if1",
      "actions": {
        "if1": {
          "module": "vb/action/builtin/ifAction",
          "parameters": {
            "condition": "[[ $chain.variables.value !== undefined]]"
          },
          "outcomes": {
            "true": "callRestEndpoint1"
          }
        },
        "callRestEndpoint1": {
          "module": "vb/action/builtin/restAction",
          "parameters": {
            "endpoint": "businessObjects/get_CustomerAddress",
            "uriParams": {
              "CustomerAddress_Id": "{{ $chain.variables.value }}"
            }
          },
          "outcomes": {
            "failure": "fireNotification1",
            "success": "assignVariables1"
          }
        },
        "fireNotification1": {
          "module": "vb/action/builtin/fireNotificationEventAction",
          "parameters": {
            "target": "leaf",
            "summary": "[[ $chain.results.callRestEndpoint1.message.summary ]]",
            "type": "error",
            "displayMode": "persist"
          }
        },
        "assignVariables1": {
          "module": "vb/action/builtin/assignVariablesAction",
          "parameters": {
            "$page.variables.invoiceHeader": {
              "source": {
                "addressLine1": "{{ $chain.results.callRestEndpoint1.body.addressLine1 }}",
                "addressLine2": "{{ $chain.results.callRestEndpoint1.body.addressLine2 }}",
                "city": "{{ $chain.results.callRestEndpoint1.body.city }}",
                "postalCode": "{{ $chain.results.callRestEndpoint1.body.postalCode }}"
              },
              "reset": "none",
              "auto": "always"
            }
          }
        }
      }
    },
    "BusinessUnitValueChangeChain": {
      "description": "",
      "variables": {
        "value": {
          "required": true,
          "type": "any",
          "input": "fromCaller"
        }
      },
      "root": "if1",
      "actions": {
        "if1": {
          "module": "vb/action/builtin/ifAction",
          "parameters": {
            "condition": "[[ $chain.variables.value !==undefined]]"
          },
          "outcomes": {
            "true": "assignVariables1"
          }
        },
        "assignVariables1": {
          "module": "vb/action/builtin/assignVariablesAction",
          "parameters": {
            "$page.variables.invoiceHeader": {
              "source": {
                "requestorName": "{{ $application.user.email }}",
                "revenueDeptApprover": "learnitnow4@gmail.com",
                "incomeSysTeamApprover": "rb.oicuser@gmail.com"
              },
              "reset": "none",
              "auto": "always"
            }
          }
        }
      }
    },
    "ButtonActionChain": {
      "description": "",
      "variables": {
        "detail": {
          "required": true,
          "type": "any",
          "input": "fromCaller"
        }
      },
      "root": "",
      "actions": {}
    }
  },
  "eventListeners": {
    "backButtonClicked": {
      "chains": [
        {
          "chainId": "goBackChain"
        }
      ]
    },
    "saveButtonClicked": {
      "chains": [
        {
          "chainId": "createInvoiceHeaderChain"
        }
      ]
    },
    "ojSelectOneValue": {
      "chains": [
        {
          "chainId": "CustomerValueChangeChain",
          "parameters": {
            "value": "{{ $event.detail.value }}"
          }
        }
      ]
    },
    "ojSelectOneValue2": {
      "chains": [
        {
          "chainId": "CustAddressValueChangeChain",
          "parameters": {
            "value": "{{ $event.detail.value }}"
          }
        }
      ]
    },
    "ojSelectOneValue3": {
      "chains": [
        {
          "chainId": "BusinessUnitValueChangeChain",
          "parameters": {
            "value": "{{ $event.detail.value }}"
          }
        }
      ]
    },
    "ojButtonOjAction": {
      "chains": [
        {
          "chainId": "AddTransactionLineActionChain",
          "parameters": {
            "detail": "{{ $event.detail }}"
          }
        },
        {
          "chainId": "createInvoiceHeaderChain"
        }
      ]
    },
    "ojButtonOjAction2": {
      "chains": [
        {
          "chainId": "addTransactionLineChain"
        }
      ]
    }
  },
  "imports": {
    "components": {
      "oj-form-layout": {
        "path": "ojs/ojformlayout"
      },
      "oj-input-text": {
        "path": "ojs/ojinputtext"
      },
      "oj-input-date": {
        "path": "ojs/ojdatetimepicker"
      },
      "oj-select-one": {
        "path": "ojs/ojselectcombobox"
      },
      "oj-button": {
        "path": "ojs/ojbutton"
      },
      "oj-toolbar": {
        "path": "ojs/ojtoolbar"
      },
      "oj-text-area": {
        "path": "ojs/ojinputtext"
      }
    }
  }
}